이평기간,버퍼존,유지일,조정기간,수익률,CAGR,MDD,거래수,승률,최종자본
150,0.05,2,8,1530.3,10.99,-42.83,15,80.0,163029788.45
150,0.05,2,6,1530.3,10.99,-42.83,15,80.0,163029788.45
200,0.05,4,8,1521.28,10.96,-41.02,13,84.62,162127784.08
200,0.05,4,6,1521.28,10.96,-41.02,13,84.62,162127784.08
200,0.05,4,12,1513.54,10.94,-41.02,13,84.62,161354371.15
200,0.05,4,10,1513.54,10.94,-41.02,13,84.62,161354371.15
150,0.05,2,12,1501.47,10.91,-42.83,15,80.0,160147232.88
150,0.05,2,10,1500.56,10.91,-42.83,15,80.0,160055993.63
150,0.05,2,0,1460.18,10.81,-39.7,16,68.75,156017623.76
150,0.04,3,2,1459.71,10.8,-41.8,17,76.47,155971358.41
200,0.05,2,8,1454.21,10.79,-38.28,14,78.57,155421324.61
200,0.05,2,6,1454.21,10.79,-38.28,14,78.57,155421324.61
200,0.04,1,4,1453.76,10.79,-48.11,17,70.59,155376299.27
150,0.05,2,2,1438.67,10.75,-39.7,16,68.75,153867201.58
200,0.04,1,6,1433.99,10.74,-48.11,17,70.59,153399333.04
150,0.04,3,8,1430.84,10.73,-41.51,17,76.47,153083826.43
150,0.04,3,4,1430.84,10.73,-41.51,17,76.47,153083826.43
150,0.04,3,6,1430.84,10.73,-41.51,17,76.47,153083826.43
200,0.05,1,8,1429.72,10.72,-38.95,14,78.57,152971689.07
200,0.05,1,6,1429.72,10.72,-38.95,14,78.57,152971689.07
250,0.04,0,10,1425.91,10.71,-40.51,16,68.75,152591245.21
250,0.04,0,8,1425.91,10.71,-40.51,16,68.75,152591245.21
200,0.05,2,12,1425.86,10.71,-38.28,14,78.57,152586319.95
200,0.05,2,10,1425.86,10.71,-38.28,14,78.57,152586319.95
200,0.04,1,8,1413.55,10.68,-48.11,17,64.71,151355324.44
200,0.04,0,4,1403.92,10.65,-55.18,18,66.67,150392478.46
200,0.05,1,12,1402.52,10.65,-38.95,14,78.57,150251988.32
200,0.05,1,10,1402.52,10.65,-38.95,14,78.57,150251988.32
200,0.05,5,6,1389.66,10.61,-40.31,13,84.62,148966068.59
200,0.05,5,8,1389.66,10.61,-40.31,13,84.62,148966068.59
150,0.05,0,0,1389.35,10.61,-53.09,18,61.11,148935034.21
250,0.03,4,4,1383.56,10.6,-46.47,15,73.33,148355939.31
200,0.04,2,4,1382.22,10.59,-48.41,17,70.59,148221504.77
250,0.04,0,0,1381.16,10.59,-39.83,17,64.71,148115552.97
250,0.04,0,12,1373.77,10.57,-40.51,16,68.75,147377353.3
200,0.05,5,10,1370.44,10.56,-40.31,13,84.62,147044086.79
200,0.05,5,12,1370.44,10.56,-40.31,13,84.62,147044086.79
250,0.03,4,12,1368.48,10.56,-46.47,15,73.33,146847656.05
200,0.01,1,12,1364.72,10.54,-38.53,28,46.43,146471846.05
200,0.04,0,6,1364.64,10.54,-55.69,18,66.67,146463772.48
250,0.03,4,6,1363.57,10.54,-46.47,15,73.33,146356960.92
250,0.03,4,8,1361.64,10.54,-46.47,15,73.33,146164467.37
250,0.03,4,10,1361.64,10.54,-46.47,15,73.33,146164467.37
200,0.04,1,10,1361.61,10.54,-48.11,17,64.71,146161174.92
150,0.04,3,10,1361.43,10.54,-41.51,17,70.59,146142881.57
250,0.04,0,2,1356.56,10.52,-39.83,17,64.71,145656440.73
150,0.05,0,2,1354.35,10.52,-54.36,18,61.11,145434961.12
200,0.04,2,6,1352.99,10.51,-48.41,17,70.59,145299008.14
150,0.04,3,12,1349.83,10.5,-41.51,17,70.59,144982576.29
200,0.04,1,12,1349.09,10.5,-48.11,17,64.71,144909311.36
150,0.04,2,2,1347.67,10.5,-49.07,18,72.22,144767268.08
200,0.04,0,12,1347.64,10.5,-55.69,18,66.67,144763569.94
200,0.04,0,8,1346.06,10.49,-55.69,18,61.11,144606126.49
200,0.04,0,10,1340.9,10.48,-55.69,18,61.11,144090362.79
150,0.03,3,8,1340.45,10.48,-49.46,20,65.0,144044965.84
150,0.05,1,8,1339.67,10.47,-51.78,16,75.0,143966695.05
150,0.05,1,6,1339.67,10.47,-51.78,16,75.0,143966695.05
250,0.03,0,4,1333.53,10.46,-39.36,18,61.11,143353334.33
150,0.05,1,0,1328.45,10.44,-47.17,17,64.71,142844606.18
200,0.04,1,2,1325.69,10.43,-48.11,18,66.67,142569135.02
150,0.05,0,6,1324.91,10.43,-55.54,17,70.59,142490831.21
150,0.05,0,8,1324.91,10.43,-55.54,17,70.59,142490831.21
250,0.04,0,4,1323.9,10.43,-39.83,17,64.71,142390015.2
150,0.05,2,4,1323.44,10.43,-42.83,16,68.75,142343536.23
250,0.03,0,6,1322.1,10.42,-39.36,18,61.11,142210316.35
200,0.04,2,8,1321.74,10.42,-48.41,17,64.71,142173710.27
200,0.05,0,8,1321.43,10.42,-49.26,15,73.33,142143271.19
200,0.05,0,6,1321.43,10.42,-49.26,15,73.33,142143271.19
200,0.05,4,0,1320.04,10.42,-41.02,14,71.43,142004190.89
200,0.05,4,2,1320.04,10.42,-41.02,14,71.43,142004190.89
200,0.05,4,4,1318.79,10.41,-41.02,14,71.43,141879259.47
250,0.03,1,4,1314.4,10.4,-44.91,17,64.71,141440044.47
150,0.05,1,10,1314.07,10.4,-51.78,16,75.0,141407132.47
200,0.05,1,0,1314.01,10.4,-38.95,15,66.67,141401456.55
200,0.05,2,0,1311.55,10.39,-38.28,15,66.67,141154789.5
250,0.03,0,8,1310.43,10.39,-39.36,18,61.11,141042662.09
250,0.03,0,12,1310.43,10.39,-39.36,18,61.11,141042662.09
250,0.03,0,10,1310.43,10.39,-39.36,18,61.11,141042662.09
150,0.05,0,10,1309.51,10.39,-55.54,17,70.59,140951139.07
250,0.03,5,4,1308.27,10.38,-46.15,15,73.33,140826687.76
150,0.04,2,4,1305.89,10.38,-46.2,18,72.22,140588663.63
250,0.03,5,6,1305.43,10.37,-46.15,15,73.33,140542995.78
250,0.03,5,12,1305.0,10.37,-46.15,15,73.33,140499617.74
250,0.03,1,6,1301.07,10.36,-44.91,17,64.71,140106736.75
150,0.04,2,6,1300.29,10.36,-45.16,18,72.22,140028824.82
150,0.04,2,8,1300.29,10.36,-45.16,18,72.22,140028824.82
200,0.05,2,2,1299.94,10.36,-38.28,15,66.67,139993707.26
250,0.03,5,10,1298.46,10.35,-46.15,15,73.33,139846099.29
250,0.03,5,8,1298.46,10.35,-46.15,15,73.33,139846099.29
250,0.02,3,10,1296.2,10.35,-43.36,20,65.0,139619783.71
250,0.04,0,6,1294.26,10.34,-40.51,17,64.71,139426471.35
200,0.05,3,6,1291.31,10.33,-39.08,14,78.57,139131293.61
200,0.05,3,8,1291.31,10.33,-39.08,14,78.57,139131293.61
150,0.05,1,12,1290.42,10.33,-51.78,16,75.0,139041699.56
250,0.03,1,12,1289.26,10.33,-44.91,17,64.71,138926165.8
250,0.03,1,8,1289.26,10.33,-44.91,17,64.71,138926165.8
250,0.03,1,10,1289.26,10.33,-44.91,17,64.71,138926165.8
200,0.05,0,12,1289.11,10.33,-49.26,15,73.33,138910509.56
200,0.05,0,10,1289.11,10.33,-49.26,15,73.33,138910509.56
150,0.03,4,6,1288.71,10.32,-48.67,20,65.0,138871326.58
200,0.05,1,2,1283.52,10.31,-38.95,15,66.67,138351787.3
200,0.04,0,2,1282.56,10.31,-55.18,19,63.16,138255539.81
200,0.04,2,10,1282.05,10.3,-48.41,17,64.71,138204718.45
200,0.04,3,4,1280.75,10.3,-48.32,17,70.59,138075332.71
150,0.05,0,12,1280.51,10.3,-55.54,17,70.59,138050766.25
200,0.05,3,10,1276.17,10.29,-39.08,14,78.57,137617397.81
200,0.05,3,12,1276.17,10.29,-39.08,14,78.57,137617397.81
200,0.04,3,6,1271.79,10.27,-48.32,17,70.59,137179243.1
150,0.03,3,6,1271.72,10.27,-49.46,21,61.9,137172455.95
200,0.04,2,12,1270.21,10.27,-48.41,17,64.71,137021044.59
150,0.03,4,8,1265.97,10.26,-48.67,20,65.0,136597218.32
250,0.02,4,10,1265.46,10.26,-45.65,20,65.0,136545584.5
150,0.04,2,10,1264.99,10.25,-45.16,18,66.67,136499229.49
150,0.04,4,12,1264.86,10.25,-42.4,16,68.75,136485780.42
250,0.02,5,10,1264.82,10.25,-44.28,20,65.0,136481901.75
150,0.03,3,10,1264.05,10.25,-49.46,20,60.0,136404912.89
150,0.04,0,4,1263.69,10.25,-56.96,20,65.0,136369490.53
250,0.04,4,8,1259.9,10.24,-45.72,14,78.57,135989591.51
200,0.05,1,4,1259.37,10.24,-38.95,15,66.67,135937290.84
150,0.03,3,4,1258.55,10.23,-49.46,21,61.9,135855102.32
250,0.03,4,2,1257.88,10.23,-46.47,16,68.75,135788492.41
200,0.05,2,4,1257.01,10.23,-39.24,15,66.67,135700507.46
200,0.04,2,2,1256.65,10.23,-48.41,18,66.67,135665118.6
150,0.05,3,6,1256.35,10.23,-43.86,15,80.0,135634974.26
150,0.05,3,8,1256.35,10.23,-43.86,15,80.0,135634974.26
200,0.04,5,4,1255.71,10.23,-44.33,17,64.71,135570777.52
200,0.04,5,8,1255.71,10.23,-44.33,17,64.71,135570777.52
200,0.04,5,2,1255.71,10.23,-44.33,17,64.71,135570777.52
200,0.04,5,6,1255.71,10.23,-44.33,17,64.71,135570777.52
200,0.04,3,8,1254.28,10.22,-48.32,17,64.71,135427604.51
150,0.05,1,2,1245.31,10.19,-49.15,17,64.71,134530883.21
250,0.04,4,10,1243.21,10.19,-45.72,14,78.57,134320610.21
250,0.04,4,12,1243.21,10.19,-45.72,14,78.57,134320610.21
150,0.05,3,10,1241.59,10.18,-43.86,15,80.0,134158943.07
200,0.05,0,0,1235.58,10.16,-48.69,16,62.5,133557783.62
150,0.05,3,12,1223.96,10.13,-43.86,15,80.0,132395826.73
150,0.03,3,2,1219.94,10.12,-48.96,22,59.09,131994030.45
150,0.04,2,12,1216.46,10.1,-45.16,18,66.67,131645599.18
150,0.03,4,2,1215.93,10.1,-46.88,22,59.09,131593309.44
200,0.04,4,6,1214.86,10.1,-46.74,17,64.71,131486473.4
200,0.04,4,2,1214.86,10.1,-46.74,17,64.71,131486473.4
200,0.04,4,4,1214.86,10.1,-46.74,17,64.71,131486473.4
250,0.04,5,6,1213.18,10.09,-46.47,14,78.57,131318411.64
250,0.04,5,8,1213.18,10.09,-46.47,14,78.57,131318411.64
150,0.04,5,12,1211.85,10.09,-41.03,16,68.75,131184755.9
150,0.05,5,8,1211.47,10.09,-44.03,15,80.0,131147095.99
150,0.05,5,6,1211.47,10.09,-44.03,15,80.0,131147095.99
200,0.05,0,2,1206.78,10.07,-48.69,16,62.5,130677505.31
200,0.04,5,10,1205.34,10.07,-44.33,17,64.71,130533837.4
250,0.02,3,6,1204.99,10.07,-43.36,21,61.9,130499233.77
200,0.04,4,8,1204.2,10.07,-46.74,17,64.71,130419550.15
200,0.05,5,2,1202.78,10.06,-40.31,14,71.43,130277940.86
200,0.05,5,0,1202.78,10.06,-40.31,14,71.43,130277940.86
150,0.03,4,4,1201.87,10.06,-48.67,21,61.9,130186666.83
200,0.05,5,4,1201.63,10.06,-40.31,14,71.43,130163231.11
150,0.03,4,10,1201.03,10.06,-48.67,20,60.0,130102821.3
200,0.04,3,10,1200.17,10.05,-48.32,17,64.71,130017267.44
150,0.05,4,8,1199.23,10.05,-46.3,15,80.0,129923164.44
150,0.05,4,6,1199.23,10.05,-46.3,15,80.0,129923164.44
150,0.05,3,0,1198.67,10.05,-41.03,16,68.75,129867006.94
250,0.04,5,10,1196.88,10.04,-46.47,14,78.57,129688016.67
250,0.04,5,12,1196.88,10.04,-46.47,14,78.57,129688016.67
150,0.05,5,10,1194.55,10.04,-44.03,15,80.0,129454937.42
150,0.05,5,12,1194.55,10.04,-44.03,15,80.0,129454937.42
250,0.03,5,2,1193.23,10.03,-46.15,16,68.75,129323006.8
150,0.05,4,10,1193.03,10.03,-46.3,15,80.0,129303150.77
250,0.02,3,4,1189.97,10.02,-43.36,21,61.9,128997472.87
250,0.04,4,0,1189.64,10.02,-45.11,15,73.33,128964344.2
250,0.02,5,4,1188.49,10.02,-44.28,21,61.9,128848685.53
250,0.02,2,10,1187.04,10.01,-44.7,22,59.09,128703609.85
200,0.05,0,4,1183.97,10.0,-48.69,16,62.5,128396713.74
250,0.02,4,6,1183.15,10.0,-45.65,21,61.9,128315430.09
250,0.02,4,4,1181.98,10.0,-45.65,21,61.9,128197954.98
250,0.02,2,12,1179.54,9.99,-44.7,22,59.09,127953945.89
250,0.02,3,8,1177.92,9.98,-43.36,21,61.9,127792066.28
250,0.03,3,4,1177.89,9.98,-44.72,16,68.75,127789346.54
250,0.02,5,6,1176.31,9.98,-44.28,21,61.9,127630940.06
250,0.03,3,6,1175.7,9.98,-44.72,16,68.75,127569681.66
150,0.03,2,8,1175.04,9.97,-49.75,22,59.09,127503853.47
150,0.05,0,4,1172.66,9.97,-55.54,18,61.11,127265607.32
250,0.05,0,0,1171.96,9.96,-38.61,15,73.33,127196199.12
200,0.03,3,2,1171.02,9.96,-40.6,21,61.9,127102438.69
250,0.03,3,12,1169.91,9.96,-44.72,16,68.75,126990939.49
150,0.04,0,6,1169.76,9.96,-59.19,20,65.0,126976009.85
150,0.03,5,6,1168.6,9.95,-46.27,20,65.0,126860027.81
200,0.04,3,2,1167.97,9.95,-48.32,18,66.67,126796621.72
200,0.05,3,0,1164.24,9.94,-39.83,15,66.67,126423967.63
250,0.03,3,10,1164.01,9.94,-44.72,16,68.75,126400527.44
250,0.03,3,8,1164.01,9.94,-44.72,16,68.75,126400527.44
200,0.04,4,10,1162.96,9.93,-46.74,17,64.71,126296297.71
250,0.04,4,2,1161.83,9.93,-45.14,15,73.33,126183374.42
150,0.05,4,12,1160.16,9.93,-46.3,15,80.0,126016163.46
150,0.04,0,2,1159.22,9.92,-57.78,21,61.9,125921670.07
150,0.03,2,10,1156.87,9.91,-49.75,22,59.09,125686862.05
150,0.05,5,0,1156.02,9.91,-40.97,16,68.75,125601794.87
150,0.05,1,4,1154.45,9.91,-51.78,17,64.71,125444922.4
150,0.04,1,4,1154.07,9.91,-55.72,20,65.0,125407075.91
250,0.02,4,8,1153.92,9.9,-45.65,21,61.9,125391637.42
200,0.05,3,2,1153.84,9.9,-40.33,15,66.67,125384139.32
150,0.04,0,8,1153.65,9.9,-59.19,20,65.0,125365220.15
250,0.04,5,0,1153.37,9.9,-45.88,15,73.33,125337438.19
250,0.02,5,8,1150.2,9.89,-44.28,21,61.9,125020270.22
150,0.05,3,2,1149.59,9.89,-41.78,16,68.75,124958906.83
250,0.04,1,8,1148.51,9.89,-43.92,16,68.75,124850507.39
250,0.04,4,4,1146.57,9.88,-45.76,15,73.33,124656644.89
150,0.05,4,0,1146.19,9.88,-43.36,16,68.75,124619003.89
200,0.03,1,12,1145.14,9.88,-48.21,20,65.0,124513613.35
250,0.04,1,10,1144.05,9.87,-43.92,16,68.75,124405092.96
250,0.04,1,12,1144.05,9.87,-43.92,16,68.75,124405092.96
200,0.02,2,10,1143.45,9.87,-41.94,24,54.17,124344632.15
150,0.04,4,2,1143.44,9.87,-42.68,17,70.59,124343659.6
200,0.03,4,12,1139.81,9.86,-45.37,19,57.89,123981069.68
150,0.03,5,8,1138.76,9.85,-46.27,20,65.0,123876441.33
250,0.02,2,4,1134.19,9.84,-44.7,23,56.52,123419156.52
150,0.04,0,10,1134.1,9.84,-59.19,20,65.0,123410436.78
250,0.05,0,2,1131.71,9.83,-38.61,15,73.33,123170864.75
200,0.03,3,12,1130.56,9.83,-46.74,19,57.89,123056066.89
250,0.01,4,12,1130.38,9.83,-44.68,23,60.87,123038442.69
200,0.03,3,8,1130.1,9.83,-43.46,20,65.0,123010092.4
250,0.04,4,6,1128.59,9.82,-45.76,15,73.33,122858678.76
250,0.01,0,10,1127.93,9.82,-41.41,32,43.75,122792757.82
250,0.04,5,2,1126.35,9.81,-47.05,15,73.33,122634539.87
200,0.02,2,4,1126.02,9.81,-43.47,24,54.17,122602369.18
250,0.04,1,0,1124.64,9.81,-43.29,17,64.71,122463935.75
200,0.02,3,4,1124.19,9.81,-40.52,23,56.52,122418650.03
150,0.03,2,6,1123.06,9.8,-49.75,23,56.52,122306258.78
250,0.03,2,4,1123.06,9.8,-45.91,17,64.71,122305723.05
150,0.03,3,12,1122.33,9.8,-51.33,20,60.0,122233197.76
150,0.03,2,4,1120.96,9.8,-49.75,23,56.52,122095510.43
150,0.04,4,6,1120.42,9.79,-42.4,17,70.59,122041889.81
150,0.04,4,8,1120.42,9.79,-42.4,17,70.59,122041889.81
150,0.04,4,4,1120.42,9.79,-42.4,17,70.59,122041889.81
250,0.02,5,2,1120.05,9.79,-44.28,22,59.09,122004555.73
200,0.05,3,4,1115.39,9.78,-42.11,15,66.67,121538982.43
150,0.04,5,2,1115.35,9.78,-41.25,17,70.59,121535133.2
250,0.04,2,8,1115.34,9.78,-45.05,15,73.33,121534313.73
150,0.04,0,12,1113.01,9.77,-59.19,20,60.0,121301378.11
250,0.04,5,4,1111.51,9.76,-47.64,15,73.33,121150870.14
250,0.04,1,2,1108.84,9.75,-43.29,17,64.71,120884158.36
150,0.05,5,2,1108.55,9.75,-40.97,16,68.75,120854652.54
250,0.04,2,10,1106.93,9.75,-45.05,15,73.33,120693439.13
250,0.04,2,12,1106.93,9.75,-45.05,15,73.33,120693439.13
250,0.02,2,6,1106.79,9.75,-44.7,23,56.52,120679111.6
150,0.04,1,12,1100.96,9.73,-55.9,19,63.16,120095697.16
250,0.04,3,8,1100.5,9.73,-45.1,15,73.33,120049954.38
150,0.05,4,2,1099.09,9.72,-43.89,16,68.75,119909318.62
200,0.04,3,12,1099.05,9.72,-48.32,17,64.71,119904642.77
200,0.04,5,12,1098.21,9.72,-44.33,17,64.71,119821287.27
200,0.03,3,4,1097.38,9.72,-43.46,21,61.9,119737718.66
150,0.03,4,12,1095.57,9.71,-49.76,20,60.0,119556599.25
200,0.04,0,0,1093.04,9.7,-55.56,21,57.14,119304435.98
150,0.04,5,8,1092.85,9.7,-41.03,17,70.59,119285301.18
150,0.04,5,4,1092.85,9.7,-41.03,17,70.59,119285301.18
150,0.04,5,6,1092.85,9.7,-41.03,17,70.59,119285301.18
250,0.03,2,6,1091.23,9.69,-45.91,17,64.71,119122983.4
150,0.04,4,10,1089.91,9.69,-42.4,17,70.59,118990557.01
200,0.01,5,12,1089.46,9.69,-41.7,26,53.85,118946133.57
150,0.03,4,0,1088.07,9.68,-46.88,23,56.52,118806953.8
250,0.04,3,12,1086.96,9.68,-45.1,15,73.33,118696329.65
250,0.04,3,10,1086.96,9.68,-45.1,15,73.33,118696329.65
150,0.05,3,4,1084.85,9.67,-44.8,16,68.75,118484735.14
250,0.01,0,8,1084.65,9.67,-41.41,33,42.42,118464966.04
250,0.03,0,2,1084.53,9.67,-39.36,20,55.0,118453481.84
200,0.03,3,6,1083.49,9.67,-43.46,21,61.9,118348924.12
250,0.02,1,0,1082.24,9.66,-39.47,29,44.83,118223817.48
150,0.03,5,4,1081.89,9.66,-46.27,21,61.9,118189285.64
150,0.04,1,2,1081.75,9.66,-58.21,21,61.9,118175415.06
250,0.02,2,8,1080.95,9.66,-44.7,23,56.52,118095262.43
250,0.03,2,10,1079.36,9.65,-45.91,17,64.71,117936085.77
250,0.03,2,8,1079.36,9.65,-45.91,17,64.71,117936085.77
200,0.02,4,4,1079.1,9.65,-48.89,22,59.09,117910251.52
250,0.02,3,12,1077.42,9.65,-43.36,20,65.0,117741892.13
150,0.03,5,10,1077.09,9.65,-46.27,20,60.0,117709484.02
250,0.05,1,0,1077.01,9.65,-43.93,14,78.57,117701462.97
250,0.05,1,2,1077.01,9.65,-43.93,14,78.57,117701462.97
250,0.02,5,0,1074.43,9.64,-44.28,23,56.52,117443234.66
250,0.01,0,12,1073.96,9.63,-41.41,32,43.75,117396410.24
250,0.03,3,2,1072.56,9.63,-44.72,17,64.71,117256357.54
250,0.01,0,6,1071.67,9.63,-41.41,34,41.18,117166683.27
250,0.04,1,4,1069.24,9.62,-43.92,17,64.71,116924460.63
150,0.04,3,0,1067.69,9.61,-46.46,20,65.0,116769243.1
250,0.05,2,2,1064.12,9.6,-45.05,14,78.57,116412302.98
250,0.02,0,0,1063.48,9.6,-39.19,32,40.62,116347587.16
200,0.02,4,12,1061.54,9.59,-46.21,22,59.09,116153866.65
250,0.04,2,2,1061.51,9.59,-44.43,16,68.75,116150542.13
200,0.03,2,12,1061.22,9.59,-47.7,20,65.0,116122107.29
200,0.02,5,4,1060.33,9.59,-45.35,22,59.09,116032868.52
250,0.03,1,2,1059.6,9.58,-44.91,19,57.89,115960274.51
200,0.04,4,12,1059.31,9.58,-46.74,17,64.71,115931316.32
250,0.04,2,0,1059.27,9.58,-44.43,16,68.75,115926514.87
250,0.02,3,2,1057.94,9.58,-43.36,23,56.52,115793706.55
150,0.03,2,2,1057.74,9.58,-50.81,24,54.17,115773655.89
100,0.05,1,4,1057.45,9.58,-48.23,20,60.0,115744737.49
200,0.02,2,6,1056.65,9.57,-46.4,24,54.17,115664548.42
200,0.03,0,10,1055.22,9.57,-55.78,22,59.09,115521768.72
250,0.05,2,0,1054.93,9.57,-45.05,14,78.57,115493409.62
200,0.02,2,8,1049.94,9.55,-46.4,24,54.17,114994421.13
250,0.02,4,2,1049.77,9.55,-45.65,23,56.52,114976559.11
150,0.04,1,6,1049.54,9.55,-58.71,20,65.0,114954067.66
200,0.02,3,6,1049.51,9.55,-43.38,23,56.52,114951237.39
100,0.05,1,8,1047.52,9.54,-48.92,20,60.0,114751670.2
100,0.05,1,6,1047.52,9.54,-48.92,20,60.0,114751670.2
150,0.05,5,4,1045.93,9.54,-44.03,16,68.75,114593076.28
200,0.03,0,12,1045.01,9.53,-55.41,22,59.09,114501437.8
200,0.01,2,10,1044.22,9.53,-39.46,28,53.57,114422310.86
200,0.03,2,2,1043.39,9.53,-45.3,22,59.09,114338904.97
250,0.05,0,4,1041.12,9.52,-38.61,15,73.33,114112164.31
150,0.04,5,10,1040.82,9.52,-41.03,17,70.59,114081643.75
200,0.02,3,8,1040.47,9.52,-43.38,23,56.52,114047228.4
250,0.03,2,12,1040.14,9.52,-45.91,17,64.71,114014402.77
250,0.04,1,6,1038.38,9.51,-43.92,17,64.71,113838258.81
150,0.05,4,4,1036.97,9.5,-46.8,16,68.75,113696834.17
250,0.01,5,12,1035.97,9.5,-46.08,23,60.87,113596936.08
250,0.04,3,2,1033.85,9.49,-44.48,16,68.75,113385254.63
250,0.02,2,2,1033.34,9.49,-44.7,25,52.0,113334258.29
150,0.03,5,2,1031.62,9.48,-46.09,22,59.09,113162356.34
200,0.03,2,10,1031.61,9.48,-49.9,20,65.0,113161384.51
150,0.04,1,8,1030.72,9.48,-58.71,20,65.0,113071546.55
250,0.01,0,4,1028.91,9.47,-41.41,35,40.0,112891320.84
200,0.03,3,0,1027.43,9.47,-38.53,22,59.09,112742948.67
250,0.03,2,2,1024.36,9.46,-45.91,18,61.11,112435675.63
250,0.04,2,4,1023.46,9.45,-45.05,16,68.75,112345590.28
250,0.02,4,12,1017.35,9.43,-45.65,20,65.0,111734971.24
200,0.03,2,4,1017.22,9.43,-48.13,21,61.9,111722424.85
250,0.01,5,10,1017.16,9.43,-47.04,24,58.33,111716313.16
150,0.03,0,12,1016.87,9.43,-57.23,24,54.17,111687019.15
200,0.01,4,12,1014.3,9.42,-44.85,27,55.56,111429849.44
250,0.02,0,12,1014.04,9.42,-39.19,26,50.0,111403738.45
250,0.04,3,0,1014.04,9.42,-44.48,16,68.75,111403729.71
150,0.03,2,12,1012.11,9.41,-51.06,22,59.09,111211115.3
250,0.05,4,0,1009.54,9.4,-45.72,14,78.57,110953646.08
250,0.02,5,12,1009.31,9.4,-44.28,20,65.0,110931094.79
100,0.05,0,2,1009.23,9.4,-55.73,21,61.9,110922580.59
200,0.03,2,6,1006.4,9.39,-48.13,21,61.9,110639799.8
250,0.04,2,6,1004.06,9.38,-45.05,16,68.75,110406118.71
200,0.02,4,6,1003.25,9.38,-51.54,22,59.09,110324882.86
200,0.03,0,4,1002.74,9.38,-55.78,23,56.52,110274229.82
150,0.03,0,10,1002.5,9.38,-62.3,25,52.0,110250276.97
250,0.02,1,12,998.59,9.36,-39.47,24,54.17,109858619.45
200,0.02,5,2,998.57,9.36,-45.63,23,56.52,109856967.4
250,0.01,3,12,997.64,9.36,-43.93,25,56.0,109764202.44
200,0.02,4,8,997.18,9.36,-51.54,22,59.09,109718426.33
250,0.04,3,4,996.71,9.36,-45.33,16,68.75,109671213.53
200,0.01,1,10,996.33,9.35,-50.32,30,43.33,109633299.37
150,0.04,1,10,996.1,9.35,-58.71,20,60.0,109609606.92
100,0.05,1,2,995.23,9.35,-54.13,21,57.14,109522977.34
200,0.04,4,0,994.93,9.35,-46.99,19,57.89,109493166.47
200,0.03,4,2,994.34,9.35,-48.65,21,61.9,109434300.2
200,0.03,0,6,991.95,9.34,-55.78,23,56.52,109195114.28
250,0.05,4,2,991.13,9.34,-45.72,14,78.57,109113337.88
250,0.05,1,4,990.45,9.33,-43.93,14,78.57,109045043.79
250,0.01,4,10,989.83,9.33,-48.88,25,56.0,108983090.58
250,0.01,5,4,988.68,9.33,-47.04,25,56.0,108867858.18
200,0.02,5,8,987.53,9.32,-48.19,22,59.09,108752936.98
250,0.02,2,0,986.27,9.32,-44.7,27,48.15,108626917.9
250,0.04,3,6,986.0,9.32,-45.33,16,68.75,108600345.31
250,0.05,3,0,984.99,9.31,-45.1,14,78.57,108499015.72
250,0.01,0,2,984.47,9.31,-41.41,37,40.54,108446638.04
200,0.02,5,6,984.39,9.31,-48.19,22,59.09,108439358.53
200,0.02,4,10,981.24,9.3,-51.54,22,59.09,108123552.99
150,0.03,1,8,981.05,9.3,-58.71,24,54.17,108104542.69
150,0.03,5,12,980.82,9.3,-48.62,20,60.0,108081634.52
200,0.03,1,0,977.51,9.28,-50.24,24,54.17,107751361.67
200,0.02,5,10,976.87,9.28,-48.19,22,59.09,107687210.93
200,0.04,5,0,975.92,9.28,-46.58,19,57.89,107591871.65
200,0.03,2,8,975.83,9.28,-48.13,21,61.9,107582552.7
200,0.03,3,10,970.11,9.26,-50.73,20,65.0,107010643.17
250,0.05,2,4,970.0,9.26,-45.05,14,78.57,106999564.5
200,0.03,0,0,969.93,9.26,-49.45,26,50.0,106993386.56
200,0.03,5,2,969.47,9.25,-43.05,21,61.9,106947417.86
100,0.05,3,2,969.41,9.25,-55.4,19,63.16,106941422.24
250,0.05,3,2,966.99,9.24,-45.1,14,78.57,106699422.1
100,0.05,1,10,963.95,9.23,-48.92,20,60.0,106394903.07
150,0.04,2,0,962.39,9.23,-53.42,21,61.9,106238713.56
200,0.03,0,8,961.99,9.23,-55.78,23,56.52,106198947.06
150,0.03,1,10,961.04,9.22,-58.71,24,54.17,106103565.7
250,0.01,5,6,960.48,9.22,-47.04,25,56.0,106048124.64
200,0.02,3,2,959.88,9.22,-40.58,25,52.0,105987767.54
250,0.01,4,4,958.93,9.21,-48.88,26,53.85,105893297.91
100,0.04,1,10,958.43,9.21,-53.64,24,50.0,105842740.21
200,0.01,3,6,955.84,9.2,-41.12,29,51.72,105584430.52
150,0.03,5,0,953.86,9.19,-46.09,23,56.52,105385772.92
200,0.02,5,12,952.95,9.19,-48.2,22,59.09,105295351.89
250,0.05,0,8,952.14,9.19,-42.84,15,73.33,105213777.34
250,0.05,0,6,952.14,9.19,-42.84,15,73.33,105213777.34
250,0.01,1,12,948.38,9.17,-44.33,28,46.43,104837533.56
200,0.03,4,8,947.61,9.17,-51.31,20,65.0,104761142.93
200,0.02,2,2,947.57,9.17,-43.75,26,50.0,104756512.47
200,0.01,5,10,946.23,9.16,-44.37,27,51.85,104622901.3
150,0.03,3,0,944.12,9.16,-48.96,24,54.17,104411653.9
100,0.04,0,10,943.62,9.15,-54.6,25,52.0,104361915.61
200,0.02,0,4,941.57,9.15,-54.21,29,44.83,104157201.58
250,0.01,4,6,941.35,9.14,-48.88,26,53.85,104134519.49
200,0.04,3,0,941.06,9.14,-48.25,20,60.0,104106420.77
200,0.01,5,6,940.29,9.14,-44.37,27,55.56,104029122.9
250,0.05,0,10,940.27,9.14,-42.84,15,73.33,104027419.52
250,0.05,0,12,940.27,9.14,-42.84,15,73.33,104027419.52
150,0.03,0,6,939.36,9.14,-62.3,26,50.0,103936337.98
200,0.03,4,10,938.95,9.14,-51.31,20,65.0,103894794.5
250,0.02,4,0,938.68,9.13,-45.65,24,54.17,103868218.71
250,0.02,1,10,937.69,9.13,-39.47,25,52.0,103768536.41
200,0.03,1,10,936.76,9.13,-57.61,21,61.9,103675514.81
150,0.03,1,6,936.75,9.13,-58.71,25,52.0,103674600.7
250,0.03,4,0,936.06,9.12,-46.47,19,57.89,103606296.66
150,0.03,1,4,935.32,9.12,-58.91,25,52.0,103532318.29
200,0.01,2,6,933.41,9.11,-44.11,29,51.72,103340643.68
200,0.01,3,4,932.28,9.11,-41.42,30,50.0,103227571.8
250,0.02,0,4,932.15,9.11,-39.19,28,46.43,103214606.33
250,0.02,3,0,932.1,9.11,-43.36,24,54.17,103210311.11
200,0.01,3,8,930.98,9.1,-41.12,29,51.72,103097588.02
200,0.03,1,2,928.42,9.09,-55.3,23,56.52,102842155.61
200,0.03,5,8,928.27,9.09,-46.0,20,65.0,102826818.45
100,0.05,3,10,926.62,9.09,-53.72,18,61.11,102662475.35
250,0.01,5,8,925.91,9.08,-47.04,25,56.0,102590620.89
200,0.01,5,4,925.1,9.08,-44.58,28,53.57,102510337.17
250,0.02,0,10,921.78,9.07,-39.19,27,48.15,102177597.76
200,0.02,1,12,919.95,9.06,-49.97,25,52.0,101994538.96
250,0.05,4,4,918.6,9.05,-46.22,14,78.57,101859813.76
100,0.04,1,6,918.35,9.05,-53.64,25,60.0,101834824.58
200,0.01,4,6,917.21,9.05,-48.21,28,53.57,101720527.54
250,0.02,1,4,915.34,9.04,-39.47,26,50.0,101534059.5
250,0.05,1,6,915.33,9.04,-47.79,14,78.57,101532994.61
250,0.05,1,8,915.33,9.04,-47.79,14,78.57,101532994.61
150,0.03,0,8,913.53,9.03,-62.3,26,50.0,101352935.65
250,0.01,5,2,911.7,9.03,-47.04,27,55.56,101169894.94
200,0.01,5,8,910.21,9.02,-44.37,27,51.85,101020542.82
200,0.03,5,12,909.18,9.02,-49.06,19,57.89,100917954.29
200,0.01,2,8,909.07,9.02,-44.11,29,51.72,100906507.78
100,0.05,2,10,908.88,9.02,-54.87,19,57.89,100888193.85
250,0.02,0,2,907.41,9.01,-39.19,30,43.33,100741237.78
200,0.03,4,6,907.01,9.01,-51.31,21,61.9,100701003.68
250,0.03,5,0,906.3,9.01,-46.15,19,57.89,100629715.18
200,0.02,4,2,906.02,9.0,-49.14,24,54.17,100602241.43
200,0.03,0,2,905.38,9.0,-53.37,25,52.0,100538104.68
250,0.05,3,4,905.19,9.0,-45.1,14,78.57,100519386.11
200,0.01,1,8,904.59,9.0,-51.46,31,41.94,100459339.19
250,0.01,4,8,903.32,8.99,-48.88,26,53.85,100331684.08
250,0.02,1,6,902.62,8.99,-39.47,26,50.0,100261638.3
150,0.03,0,4,901.42,8.99,-60.44,27,48.15,100141641.63
200,0.02,0,8,900.6,8.98,-56.58,28,46.43,100059855.55
200,0.02,0,6,900.6,8.98,-56.58,28,46.43,100059855.55
250,0.05,1,12,900.22,8.98,-47.79,14,78.57,100022171.77
250,0.05,1,10,900.22,8.98,-47.79,14,78.57,100022171.77
200,0.04,1,0,897.1,8.97,-57.41,21,57.14,99710378.68
200,0.03,5,10,896.67,8.97,-46.0,20,60.0,99667295.98
200,0.03,4,4,896.35,8.97,-51.31,21,61.9,99634705.39
250,0.05,2,8,896.29,8.96,-48.84,14,78.57,99628518.48
250,0.05,2,6,896.29,8.96,-48.84,14,78.57,99628518.48
150,0.04,4,0,895.38,8.96,-48.76,19,63.16,99537711.35
200,0.01,2,12,894.04,8.96,-48.96,27,55.56,99403812.23
250,0.01,1,0,893.1,8.95,-41.3,38,39.47,99309927.41
200,0.01,3,12,891.99,8.95,-48.29,27,55.56,99198555.68
200,0.01,3,2,891.25,8.94,-41.42,31,48.39,99124586.74
100,0.05,4,2,890.71,8.94,-52.93,19,63.16,99071481.2
100,0.05,3,4,889.66,8.94,-53.18,19,63.16,98966250.36
200,0.01,4,8,889.59,8.94,-48.21,28,53.57,98958579.86
200,0.02,3,10,889.41,8.94,-50.66,23,56.52,98941239.97
200,0.03,1,4,886.22,8.92,-57.61,22,59.09,98622017.5
200,0.02,0,10,885.41,8.92,-56.58,28,46.43,98540584.69
250,0.05,2,12,883.4,8.91,-48.84,14,78.57,98339678.65
250,0.05,2,10,883.4,8.91,-48.84,14,78.57,98339678.65
150,0.03,1,12,882.49,8.91,-56.82,24,54.17,98249231.14
250,0.05,5,0,880.53,8.9,-46.47,14,78.57,98053451.19
200,0.02,2,12,879.44,8.9,-51.11,24,54.17,97944440.18
200,0.02,3,12,878.91,8.89,-50.04,23,56.52,97890810.44
200,0.01,2,4,878.84,8.89,-44.39,31,48.39,97884045.47
250,0.01,1,2,878.79,8.89,-46.01,33,45.45,97879168.0
250,0.01,1,10,877.88,8.89,-46.01,30,43.33,97787569.89
200,0.03,5,4,877.56,8.89,-46.0,21,61.9,97755827.99
200,0.01,4,4,876.8,8.88,-48.47,29,51.72,97680348.28
100,0.05,4,10,875.91,8.88,-52.56,18,61.11,97591131.95
200,0.04,2,0,875.9,8.88,-55.34,21,57.14,97590376.78
100,0.04,0,8,875.43,8.88,-54.6,26,53.85,97542698.55
250,0.01,0,0,875.15,8.88,-41.41,43,37.21,97515120.62
150,0.04,5,0,875.1,8.88,-48.04,19,63.16,97509958.75
250,0.02,0,6,874.87,8.88,-39.19,28,46.43,97487258.34
100,0.04,2,10,874.69,8.88,-55.32,24,50.0,97468770.12
200,0.01,4,10,872.93,8.87,-48.21,28,53.57,97293023.27
100,0.04,1,8,870.9,8.86,-53.64,25,56.0,97089566.46
200,0.03,2,0,870.85,8.86,-49.36,24,54.17,97085222.05
250,0.01,4,2,870.79,8.86,-48.88,28,53.57,97079481.47
200,0.03,1,6,870.31,8.86,-57.61,22,59.09,97030793.97
200,0.01,1,6,866.77,8.84,-51.46,32,43.75,96676615.11
100,0.04,0,12,866.07,8.84,-55.6,25,52.0,96607387.06
100,0.04,1,12,864.89,8.83,-55.2,24,50.0,96488808.81
200,0.03,4,0,864.57,8.83,-48.82,22,59.09,96457151.93
250,0.05,5,2,864.27,8.83,-46.47,14,78.57,96427033.86
250,0.01,1,6,863.24,8.83,-46.01,31,45.16,96324115.42
200,0.03,5,6,863.12,8.83,-46.0,21,61.9,96311769.14
250,0.02,1,8,861.84,8.82,-39.47,26,50.0,96184139.58
250,0.01,3,10,861.66,8.82,-48.33,27,51.85,96166330.05
250,0.01,2,12,860.79,8.82,-44.48,27,48.15,96079245.18
150,0.04,0,0,860.63,8.82,-61.36,24,54.17,96062695.21
200,0.01,1,0,860.32,8.82,-51.67,41,34.15,96031674.55
250,0.01,5,0,860.11,8.81,-45.27,29,51.72,96010914.8
200,0.02,0,12,858.93,8.81,-56.58,28,46.43,95893141.86
250,0.02,1,2,858.66,8.81,-39.47,28,46.43,95865693.83
250,0.05,4,6,857.12,8.8,-49.46,14,78.57,95712254.93
250,0.05,4,8,857.12,8.8,-49.46,14,78.57,95712254.93
250,0.03,0,0,855.99,8.8,-39.36,24,45.83,95598640.64
100,0.05,3,8,855.77,8.8,-53.72,19,63.16,95577346.57
100,0.05,3,6,855.77,8.8,-53.72,19,63.16,95577346.57
200,0.02,1,4,853.45,8.79,-55.3,26,50.0,95345140.14
250,0.02,0,8,852.55,8.78,-39.19,28,46.43,95255419.01
100,0.04,0,6,852.07,8.78,-54.6,27,55.56,95207021.72
150,0.03,2,0,850.56,8.77,-50.81,26,50.0,95055843.45
100,0.05,0,4,850.25,8.77,-59.64,21,61.9,95025029.88
200,0.03,1,8,848.93,8.77,-57.61,22,59.09,94892562.89
100,0.05,0,8,848.48,8.76,-59.72,21,61.9,94847746.0
100,0.05,0,6,848.48,8.76,-59.72,21,61.9,94847746.0
100,0.05,3,12,847.44,8.76,-55.35,18,61.11,94744138.54
250,0.05,4,10,846.78,8.76,-49.46,14,78.57,94678165.65
250,0.05,4,12,846.78,8.76,-49.46,14,78.57,94678165.65
250,0.01,1,4,842.19,8.74,-46.01,32,43.75,94219385.43
200,0.02,5,0,841.02,8.73,-45.88,25,52.0,94102374.92
200,0.01,1,4,840.28,8.73,-49.45,34,41.18,94028041.88
250,0.01,3,4,840.26,8.73,-48.33,28,50.0,94026304.27
250,0.05,3,6,835.95,8.71,-48.88,14,78.57,93594758.79
250,0.05,3,8,835.95,8.71,-48.88,14,78.57,93594758.79
200,0.03,5,0,831.81,8.69,-45.61,22,59.09,93181124.28
100,0.05,4,4,831.59,8.69,-51.86,19,63.16,93158943.68
100,0.05,2,8,831.24,8.69,-54.87,20,60.0,93123731.19
100,0.05,2,6,831.24,8.69,-54.87,20,60.0,93123731.19
100,0.05,2,4,831.08,8.69,-54.87,20,60.0,93108498.35
200,0.01,2,2,829.75,8.68,-44.39,32,46.88,92974617.11
100,0.05,2,12,829.0,8.68,-54.9,19,57.89,92900093.06
200,0.01,3,10,824.77,8.66,-48.69,28,53.57,92476685.11
250,0.05,3,12,819.56,8.64,-48.88,14,78.57,91955506.42
250,0.05,3,10,819.56,8.64,-48.88,14,78.57,91955506.42
200,0.02,0,2,817.09,8.63,-57.4,31,45.16,91709423.54
100,0.04,1,4,816.02,8.62,-54.17,26,57.69,91602336.7
100,0.05,1,12,815.54,8.62,-52.17,20,60.0,91554265.54
250,0.01,1,8,814.55,8.62,-46.01,31,41.94,91454588.82
250,0.01,3,6,814.19,8.62,-48.33,28,50.0,91419179.91
200,0.01,2,0,812.58,8.61,-52.87,37,37.84,91258057.43
200,0.02,1,10,810.92,8.6,-56.62,26,50.0,91091732.68
200,0.01,0,10,810.79,8.6,-53.6,35,37.14,91079091.87
100,0.04,0,4,809.75,8.6,-54.6,28,53.57,90974926.36
100,0.03,0,4,809.58,8.59,-45.11,35,48.57,90957537.45
250,0.01,3,2,808.39,8.59,-48.33,30,50.0,90839046.08
100,0.05,4,8,801.88,8.56,-52.3,19,63.16,90187724.35
100,0.05,4,6,801.88,8.56,-52.3,19,63.16,90187724.35
250,0.05,5,4,800.17,8.55,-46.95,14,78.57,90016564.45
100,0.05,5,10,797.77,8.54,-56.43,18,61.11,89776500.56
200,0.01,0,8,796.59,8.54,-53.6,36,36.11,89658886.77
200,0.02,3,0,796.26,8.54,-38.6,27,48.15,89626463.39
200,0.01,0,12,795.24,8.53,-57.19,34,38.24,89524437.97
200,0.02,1,8,795.21,8.53,-57.61,26,50.0,89520622.64
200,0.02,1,6,795.21,8.53,-57.61,26,50.0,89520622.64
100,0.05,5,2,794.64,8.53,-54.47,19,63.16,89464130.14
100,0.05,0,10,793.6,8.52,-59.72,21,57.14,89359758.08
100,0.05,0,0,792.95,8.52,-55.73,23,56.52,89295029.44
200,0.01,1,2,791.05,8.51,-49.45,36,41.67,89105329.98
100,0.04,0,2,790.06,8.51,-52.21,30,50.0,89006248.82
250,0.01,3,8,790.03,8.51,-48.33,28,50.0,89002778.99
200,0.01,5,2,790.0,8.51,-44.58,30,50.0,89000483.29
150,0.04,1,0,789.34,8.5,-61.32,24,54.17,88933599.74
250,0.03,2,0,786.86,8.49,-45.91,21,52.38,88685814.43
100,0.04,2,12,783.09,8.48,-56.02,24,50.0,88308579.0
250,0.01,2,0,782.07,8.47,-49.46,34,47.06,88207422.76
200,0.01,5,0,781.39,8.47,-46.16,34,44.12,88138861.27
100,0.05,2,2,781.35,8.47,-59.99,21,57.14,88134902.39
100,0.03,0,2,780.58,8.46,-41.22,37,48.65,88058054.95
250,0.03,1,0,780.32,8.46,-44.91,23,47.83,88031598.4
100,0.04,0,0,775.31,8.44,-50.51,31,48.39,87531217.91
250,0.01,2,2,774.46,8.44,-49.26,31,48.39,87446423.99
100,0.05,1,0,774.25,8.43,-54.13,23,52.17,87425296.67
250,0.01,2,4,769.13,8.41,-49.26,30,46.67,86913391.19
200,0.02,4,0,768.91,8.41,-49.07,26,50.0,86891224.25
100,0.05,5,4,768.27,8.41,-54.75,19,63.16,86826806.84
250,0.01,2,10,767.53,8.4,-49.26,29,44.83,86752676.67
100,0.05,0,12,766.51,8.4,-59.25,21,57.14,86650987.13
200,0.01,3,0,763.68,8.39,-45.47,36,38.89,86367702.68
100,0.05,4,12,763.38,8.38,-56.92,18,61.11,86337631.09
100,0.03,0,8,762.32,8.38,-45.11,34,50.0,86231725.59
200,0.02,1,2,762.14,8.38,-55.52,28,50.0,86214393.49
100,0.03,0,6,756.28,8.35,-45.11,35,48.57,85628158.35
150,0.02,3,10,755.44,8.35,-51.18,28,46.43,85543908.14
200,0.01,4,2,750.58,8.32,-48.47,31,48.39,85058476.21
100,0.04,2,6,749.33,8.32,-55.32,25,60.0,84932751.12
100,0.02,1,4,747.75,8.31,-47.49,42,52.38,84774801.88
250,0.01,4,0,746.05,8.3,-49.77,30,50.0,84605265.13
250,0.05,5,6,745.84,8.3,-50.15,14,78.57,84584005.42
250,0.05,5,8,745.84,8.3,-50.15,14,78.57,84584005.42
250,0.01,3,0,745.39,8.3,-47.8,32,46.88,84539002.4
150,0.03,1,2,744.37,8.29,-62.2,28,46.43,84436560.39
100,0.03,0,10,742.54,8.28,-49.1,33,48.48,84254004.12
100,0.03,1,8,736.85,8.26,-45.7,32,50.0,83685404.73
200,0.02,1,0,736.69,8.26,-50.48,31,45.16,83669429.71
150,0.02,3,12,733.14,8.24,-51.24,28,46.43,83314328.54
150,0.02,4,10,732.73,8.24,-51.94,28,46.43,83273439.62
250,0.03,3,0,731.54,8.23,-44.72,20,55.0,83153772.16
250,0.01,2,6,731.37,8.23,-49.26,30,46.67,83136650.32
250,0.05,5,10,731.31,8.23,-50.15,14,78.57,83130508.71
250,0.05,5,12,731.31,8.23,-50.15,14,78.57,83130508.71
150,0.01,4,2,727.82,8.21,-45.05,37,48.65,82781805.56
100,0.05,5,6,726.7,8.21,-55.91,19,63.16,82669959.99
100,0.05,5,8,726.7,8.21,-55.91,19,63.16,82669959.99
150,0.02,1,6,724.73,8.2,-59.48,32,50.0,82473407.38
100,0.04,2,8,723.51,8.19,-55.32,25,56.0,82350728.79
200,0.01,0,6,720.4,8.18,-53.6,38,39.47,82040127.31
100,0.03,0,0,718.47,8.17,-45.31,39,46.15,81846674.73
250,0.01,2,8,718.06,8.17,-49.26,30,43.33,81806349.26
100,0.01,0,12,713.1,8.14,-42.37,47,42.55,81309916.92
150,0.02,5,10,711.6,8.13,-53.59,26,50.0,81159802.94
100,0.05,3,0,711.55,8.13,-60.76,21,57.14,81155166.32
150,0.02,1,10,708.95,8.12,-59.48,31,48.39,80894714.78
150,0.02,1,12,708.81,8.12,-54.63,30,50.0,80880665.47
150,0.02,3,6,707.84,8.11,-51.18,30,50.0,80784263.46
100,0.05,5,12,705.24,8.1,-59.89,18,61.11,80523508.44
150,0.03,0,2,702.63,8.09,-63.15,30,43.33,80262551.04
100,0.03,3,6,702.2,8.09,-47.81,31,51.61,80220294.81
100,0.02,1,0,701.74,8.08,-41.37,48,45.83,80173775.62
100,0.02,0,0,700.32,8.08,-43.39,51,45.1,80032252.47
200,0.01,0,4,698.05,8.07,-54.48,40,37.5,79804653.0
100,0.05,5,0,694.54,8.05,-54.78,20,60.0,79454110.6
200,0.02,2,0,689.81,8.02,-49.62,30,43.33,78980704.56
100,0.02,0,2,689.09,8.02,-43.78,48,47.92,78909134.13
150,0.02,2,12,684.17,7.99,-53.57,29,44.83,78416867.29
100,0.02,4,4,683.02,7.99,-49.15,38,50.0,78302184.37
100,0.04,2,4,680.92,7.98,-54.19,26,57.69,78092105.69
150,0.01,4,4,680.09,7.97,-46.53,37,45.95,78008554.2
150,0.01,5,2,679.83,7.97,-45.47,36,50.0,77982935.81
200,0.02,0,0,679.64,7.97,-53.82,36,38.89,77964426.94
100,0.04,1,2,676.05,7.95,-52.21,29,51.72,77604626.01
100,0.04,3,10,672.16,7.93,-60.19,23,52.17,77216453.24
150,0.03,1,0,671.46,7.93,-60.99,30,43.33,77146187.1
150,0.02,1,4,670.97,7.93,-59.68,33,48.48,77096552.33
150,0.02,4,12,670.8,7.93,-51.71,28,46.43,77079893.3
150,0.01,4,8,670.3,7.92,-44.86,34,47.06,77029800.24
100,0.03,1,4,670.3,7.92,-46.32,34,47.06,77029630.17
100,0.02,2,4,669.32,7.92,-51.69,40,52.5,76932452.3
200,0.01,4,0,667.81,7.91,-51.05,35,42.86,76781251.51
150,0.02,3,4,665.48,7.9,-51.18,31,48.39,76548485.42
100,0.05,2,0,662.85,7.88,-60.27,22,54.55,76284564.68
150,0.02,1,8,662.29,7.88,-59.48,32,50.0,76229496.63
100,0.05,4,0,659.89,7.87,-59.12,21,57.14,75988763.05
100,0.02,0,4,659.62,7.87,-46.98,46,50.0,75962348.36
150,0.02,5,2,659.48,7.87,-51.35,29,51.72,75947541.54
150,0.01,4,6,657.8,7.86,-44.86,35,45.71,75779581.12
100,0.03,3,2,647.71,7.8,-46.64,33,51.52,74770501.38
100,0.01,1,0,647.45,7.8,-37.33,73,46.58,74745301.53
150,0.02,0,4,645.44,7.79,-64.09,37,43.24,74543567.4
150,0.01,5,4,645.21,7.79,-47.67,35,48.57,74521260.39
100,0.04,1,0,644.34,7.78,-50.5,30,50.0,74434132.03
150,0.02,2,6,644.27,7.78,-59.36,31,48.39,74427298.78
100,0.04,2,2,644.18,7.78,-52.26,28,53.57,74417916.76
100,0.03,3,4,643.27,7.78,-49.23,32,50.0,74327125.27
200,0.01,0,0,641.82,7.77,-58.06,53,28.3,74182080.7
100,0.04,4,10,640.49,7.76,-58.91,23,52.17,74049160.35
150,0.01,5,0,639.89,7.76,-47.52,40,45.0,73989148.82
150,0.02,5,6,639.81,7.76,-53.59,28,53.57,73980693.42
150,0.02,5,12,639.5,7.76,-55.62,26,50.0,73949531.03
150,0.02,5,4,637.46,7.75,-52.58,29,51.72,73746496.7
150,0.02,4,2,636.58,7.74,-53.07,32,50.0,73657724.27
100,0.04,4,0,635.99,7.74,-55.33,26,53.85,73598601.01
100,0.02,2,6,633.53,7.73,-50.34,38,52.63,73352787.09
150,0.01,5,8,630.41,7.71,-46.36,33,48.48,73041338.91
100,0.02,1,2,630.08,7.71,-41.77,46,47.83,73007546.53
150,0.02,2,10,629.3,7.7,-59.36,30,43.33,72930087.72
150,0.02,5,0,629.16,7.7,-49.62,31,48.39,72915733.42
100,0.04,3,12,628.16,7.7,-59.83,23,52.17,72815796.19
150,0.02,4,4,627.87,7.69,-52.41,31,51.61,72787405.35
150,0.01,0,8,624.31,7.68,-63.15,44,38.64,72430831.89
150,0.02,4,6,620.66,7.65,-51.94,30,50.0,72066422.07
100,0.04,5,10,618.3,7.64,-60.08,22,54.55,71830306.4
100,0.01,0,0,618.02,7.64,-40.79,85,42.35,71801725.72
100,0.03,1,10,617.73,7.64,-49.65,32,50.0,71772672.66
100,0.01,0,8,617.28,7.64,-45.96,53,45.28,71727703.43
150,0.02,3,8,615.9,7.63,-51.18,30,46.67,71589729.94
150,0.01,0,4,614.93,7.62,-63.33,47,40.43,71493289.03
150,0.01,4,0,614.68,7.62,-50.26,43,41.86,71468315.85
100,0.03,1,6,614.67,7.62,-45.7,34,47.06,71467442.01
200,0.01,0,2,614.08,7.62,-58.56,43,34.88,71408325.29
100,0.04,4,6,613.58,7.62,-58.91,24,58.33,71357748.24
150,0.02,2,4,611.59,7.6,-59.57,32,46.88,71159316.01
100,0.03,3,8,611.4,7.6,-47.81,31,51.61,71140055.21
100,0.03,1,2,610.49,7.6,-43.54,36,44.44,71048943.02
100,0.02,4,6,608.29,7.59,-48.9,36,47.22,70828572.54
100,0.01,1,6,606.82,7.58,-46.37,49,53.06,70682325.16
150,0.02,0,6,605.74,7.57,-63.91,36,44.44,70573715.91
100,0.01,0,2,605.68,7.57,-44.35,69,49.28,70567771.68
150,0.01,3,12,603.43,7.56,-52.34,33,45.45,70343038.02
100,0.03,1,0,602.3,7.55,-47.43,38,42.11,70230269.12
150,0.01,2,2,601.07,7.54,-52.34,42,42.86,70106855.32
150,0.02,5,8,599.26,7.53,-53.59,28,50.0,69925999.28
100,0.03,0,12,598.71,7.53,-52.21,33,48.48,69871447.83
100,0.04,2,0,597.34,7.52,-50.56,29,51.72,69733867.4
150,0.02,4,0,597.04,7.52,-51.39,34,47.06,69704466.8
100,0.02,0,6,596.26,7.52,-46.98,44,45.45,69626047.2
100,0.03,4,2,594.48,7.51,-46.32,33,51.52,69448146.64
150,0.02,2,8,593.22,7.5,-59.36,31,45.16,69322481.09
100,0.02,3,4,591.92,7.49,-50.47,40,50.0,69191862.59
100,0.04,4,8,591.88,7.49,-58.91,24,54.17,69188442.42
150,0.01,3,4,590.52,7.48,-51.46,38,44.74,69052128.63
150,0.02,3,2,590.1,7.48,-53.12,32,46.88,69009599.87
100,0.01,1,2,589.73,7.48,-39.67,61,52.46,68973480.96
150,0.02,4,8,589.17,7.48,-51.94,30,46.67,68916635.49
100,0.03,2,2,589.05,7.47,-44.7,35,45.71,68904858.14
100,0.02,1,6,588.55,7.47,-48.78,40,50.0,68854994.96
150,0.01,0,2,588.31,7.47,-63.23,52,38.46,68831227.7
150,0.01,5,6,586.92,7.46,-46.36,34,50.0,68691941.53
100,0.04,5,6,583.45,7.44,-60.08,23,56.52,68344524.08
150,0.01,2,4,580.28,7.42,-55.94,40,45.0,68028014.37
150,0.01,4,10,579.23,7.42,-50.01,34,47.06,67923237.52
100,0.02,0,10,579.22,7.42,-46.98,42,47.62,67921887.82
150,0.01,3,8,579.17,7.42,-51.46,36,44.44,67916786.9
100,0.02,4,2,578.91,7.42,-49.44,41,48.78,67891274.4
100,0.03,2,4,577.09,7.4,-47.76,33,48.48,67708751.65
100,0.03,3,12,576.8,7.4,-52.99,29,51.72,67679859.73
100,0.02,3,6,576.72,7.4,-48.52,38,50.0,67672361.57
150,0.01,5,12,576.33,7.4,-50.22,31,48.39,67633208.27
150,0.01,4,12,576.26,7.4,-50.32,32,46.88,67626189.53
100,0.02,0,12,576.11,7.4,-50.19,40,47.5,67611313.69
100,0.04,4,12,575.1,7.39,-59.9,23,52.17,67510256.15
150,0.02,0,10,574.5,7.39,-63.91,35,42.86,67449710.16
150,0.01,0,6,572.96,7.38,-63.15,45,37.78,67295852.83
100,0.04,5,8,572.39,7.38,-60.08,23,56.52,67239191.13
150,0.03,0,0,571.34,7.37,-65.28,33,39.39,67133716.46
100,0.01,3,12,566.74,7.34,-48.2,41,51.22,66674467.51
100,0.03,2,6,563.98,7.33,-49.04,33,48.48,66398043.61
150,0.02,0,12,561.0,7.31,-63.91,35,42.86,66100345.49
150,0.02,0,8,560.91,7.31,-63.91,36,44.44,66090789.25
100,0.04,4,2,559.07,7.3,-59.99,26,53.85,65907047.84
150,0.01,3,2,558.78,7.29,-50.33,40,45.0,65878133.36
100,0.02,4,8,558.15,7.29,-48.9,36,44.44,65815162.05
100,0.02,2,0,554.15,7.27,-47.71,46,47.83,65414811.97
100,0.01,0,6,553.47,7.26,-45.96,57,43.86,65346680.91
150,0.01,2,8,551.96,7.25,-55.94,38,44.74,65196207.33
100,0.04,3,6,551.04,7.25,-60.19,25,60.0,65104007.26
100,0.02,5,6,549.54,7.24,-51.47,35,51.43,64954488.69
100,0.02,2,2,549.18,7.24,-47.56,44,50.0,64918282.6
150,0.01,5,10,548.99,7.23,-51.37,33,48.48,64898700.7
150,0.01,3,6,548.43,7.23,-51.46,37,45.95,64842714.21
150,0.01,1,4,547.18,7.22,-59.29,43,41.86,64718171.34
100,0.04,4,4,546.64,7.22,-59.31,25,56.0,64663928.11
100,0.02,2,8,545.28,7.21,-50.34,38,52.63,64528464.75
100,0.04,5,12,544.63,7.21,-60.38,22,54.55,64463010.6
100,0.04,5,4,543.58,7.2,-59.21,24,54.17,64357574.03
150,0.01,1,8,543.16,7.2,-59.29,41,41.46,64316065.76
150,0.01,2,0,541.34,7.19,-54.2,50,36.0,64133856.74
100,0.02,5,12,539.34,7.17,-54.65,31,51.61,63934134.3
100,0.03,2,8,539.06,7.17,-49.04,32,50.0,63905806.89
100,0.03,4,6,532.6,7.13,-47.78,31,51.61,63259743.86
150,0.02,3,0,532.26,7.13,-51.45,34,44.12,63226271.95
100,0.04,5,0,531.92,7.13,-55.12,25,52.0,63191754.72
100,0.03,3,0,531.91,7.13,-51.87,35,48.57,63190553.01
100,0.04,3,8,531.25,7.12,-60.19,25,56.0,63124771.33
100,0.02,5,4,530.96,7.12,-51.47,37,51.35,63096222.32
100,0.01,0,10,530.61,7.12,-45.96,51,41.18,63060646.38
100,0.03,1,12,530.3,7.12,-51.87,32,50.0,63030154.43
100,0.01,1,10,530.14,7.12,-46.37,46,45.65,63014463.26
150,0.02,1,0,529.63,7.11,-60.98,39,41.03,62962518.91
100,0.03,4,4,528.94,7.11,-48.3,32,53.12,62894283.02
100,0.01,1,4,527.96,7.1,-45.55,54,50.0,62795611.67
100,0.03,4,0,527.52,7.1,-50.77,35,48.57,62752202.18
150,0.01,1,2,527.12,7.1,-56.22,47,40.43,62712487.72
150,0.02,2,0,526.8,7.1,-56.87,38,39.47,62680336.4
100,0.03,2,0,524.01,7.08,-49.51,36,44.44,62400730.0
150,0.01,0,10,521.51,7.06,-66.59,44,40.91,62151276.38
100,0.02,2,12,521.03,7.06,-54.58,36,50.0,62103420.46
100,0.02,0,8,520.44,7.05,-46.98,44,45.45,62043698.6
150,0.02,0,2,519.56,7.05,-66.55,40,40.0,61956317.22
100,0.01,1,8,517.9,7.04,-46.37,48,50.0,61790354.05
100,0.04,3,0,508.39,6.98,-57.81,28,53.57,60839002.04
100,0.02,1,8,507.07,6.97,-48.78,40,50.0,60707447.64
150,0.01,2,6,505.15,6.95,-55.94,39,43.59,60514661.32
100,0.02,4,0,504.6,6.95,-49.23,43,46.51,60460005.81
100,0.01,4,0,504.38,6.95,-40.23,59,42.37,60437597.56
100,0.01,0,4,503.32,6.94,-45.94,62,43.55,60332435.75
100,0.03,4,12,502.77,6.94,-53.93,28,50.0,60276737.97
100,0.04,3,4,502.3,6.94,-60.19,26,57.69,60230232.11
150,0.02,1,2,500.69,6.93,-59.61,36,44.44,60068676.12
100,0.04,5,2,497.57,6.9,-58.72,25,52.0,59756626.85
100,0.02,2,10,496.6,6.9,-50.34,38,50.0,59660381.95
100,0.04,3,2,493.06,6.87,-60.8,27,55.56,59305852.67
150,0.02,2,2,492.4,6.87,-56.54,35,42.86,59240171.5
150,0.01,1,6,490.53,6.86,-59.29,42,38.1,59052543.51
100,0.02,3,8,487.43,6.84,-48.52,38,47.37,58742568.83
100,0.03,3,10,486.85,6.83,-51.61,31,48.39,58684854.45
100,0.02,5,8,482.08,6.8,-51.47,35,51.43,58208299.17
100,0.02,3,0,473.83,6.74,-48.88,45,46.67,57383405.68
150,0.01,3,10,470.0,6.72,-56.0,36,44.44,57000479.68
100,0.01,3,10,469.58,6.71,-46.71,44,45.45,56958138.39
150,0.01,1,0,469.21,6.71,-64.54,55,34.55,56921178.59
100,0.01,4,4,469.05,6.71,-49.24,48,47.92,56904855.08
150,0.01,2,12,468.89,6.71,-55.04,36,44.44,56888869.88
100,0.01,1,12,468.86,6.71,-48.18,44,45.45,56886485.69
150,0.01,3,0,468.0,6.7,-54.0,46,39.13,56799806.35
100,0.01,4,10,464.4,6.68,-47.87,43,46.51,56440290.73
100,0.01,3,8,463.85,6.67,-46.71,45,46.67,56385306.6
100,0.02,1,12,457.63,6.63,-54.78,38,44.74,55762941.99
100,0.01,3,2,457.5,6.63,-43.84,54,50.0,55750029.8
100,0.01,5,4,457.38,6.63,-48.32,47,51.06,55738303.64
100,0.01,3,4,456.97,6.62,-47.49,50,50.0,55697321.96
100,0.02,5,2,454.91,6.61,-51.13,39,48.72,55490797.72
100,0.02,3,2,454.0,6.6,-51.84,44,47.73,55400369.89
100,0.01,2,10,451.66,6.59,-47.08,46,45.65,55165548.29
100,0.03,4,8,450.1,6.57,-47.78,31,51.61,55010481.35
100,0.02,4,10,450.03,6.57,-48.9,36,44.44,55002959.32
150,0.01,0,0,446.14,6.55,-68.98,66,31.82,54613912.37
100,0.02,4,12,441.27,6.51,-52.08,34,47.06,54126814.07
100,0.02,1,10,440.69,6.51,-48.78,40,47.5,54068603.59
100,0.01,2,6,439.67,6.5,-47.08,49,48.98,53967492.87
100,0.02,3,10,438.89,6.49,-48.52,38,47.37,53888650.29
100,0.01,5,12,435.28,6.47,-48.41,38,50.0,53528087.79
100,0.03,5,0,433.03,6.45,-53.29,34,47.06,53302665.69
100,0.01,3,0,428.34,6.41,-40.15,64,42.19,52833613.51
150,0.02,0,0,425.04,6.39,-69.52,47,34.04,52504028.98
100,0.01,4,2,424.6,6.39,-45.55,51,50.98,52460323.38
100,0.03,2,12,422.2,6.37,-54.03,31,51.61,52219950.31
100,0.03,2,10,420.61,6.36,-52.75,32,50.0,52061457.6
100,0.01,2,2,420.55,6.35,-43.76,57,50.88,52055443.71
150,0.01,0,12,419.19,6.34,-68.5,43,37.21,51918546.43
150,0.01,1,10,418.41,6.34,-63.1,41,41.46,51841476.03
100,0.01,5,0,418.29,6.34,-44.0,59,47.46,51829265.09
100,0.01,3,6,417.81,6.33,-46.71,48,47.92,51781030.81
100,0.03,5,2,416.97,6.33,-52.38,33,48.48,51696578.76
100,0.01,4,12,415.31,6.31,-49.79,40,47.5,51531112.56
100,0.01,4,6,412.92,6.3,-47.87,47,48.94,51292331.75
100,0.02,3,12,409.26,6.27,-53.05,36,44.44,50926266.71
150,0.01,2,10,404.88,6.23,-60.06,38,44.74,50487823.51
100,0.01,2,8,401.01,6.2,-47.08,48,47.92,50101458.94
100,0.02,5,10,399.82,6.19,-51.47,35,51.43,49981556.16
100,0.01,5,10,395.75,6.16,-47.93,42,47.62,49575150.74
100,0.01,2,12,395.14,6.16,-47.85,44,43.18,49514443.52
100,0.02,5,0,391.64,6.13,-52.68,42,45.24,49163787.22
100,0.03,5,12,386.13,6.08,-59.47,28,50.0,48612990.6
100,0.01,2,0,382.01,6.05,-42.8,68,41.18,48201470.47
100,0.01,5,6,380.99,6.04,-47.93,46,47.83,48098588.24
100,0.01,4,8,378.19,6.02,-47.87,45,46.67,47819173.07
100,0.01,2,4,378.07,6.02,-47.83,52,48.08,47807373.89
100,0.03,5,6,370.84,5.96,-54.61,31,48.39,47083841.21
150,0.01,1,12,365.65,5.91,-64.5,40,37.5,46564954.46
100,0.03,5,4,360.69,5.87,-53.62,32,50.0,46068974.95
100,0.01,5,8,351.03,5.79,-47.93,44,47.73,45103027.62
100,0.01,5,2,348.06,5.76,-50.0,52,51.92,44805631.06
100,0.03,5,8,313.95,5.45,-54.67,31,48.39,41395025.84
100,0.03,4,10,304.94,5.36,-51.58,31,45.16,40494233.14
100,0.03,5,10,236.36,4.63,-58.56,31,41.94,33636043.29
