이평기간,버퍼존,유지일,조정기간(월),수익률,CAGR,MDD,거래수,승률,최종자본
150,0.05,2,8,1490.73,10.81,-42.83,14,78.57,159073095
150,0.05,2,6,1490.73,10.81,-42.83,14,78.57,159073095
200,0.05,4,6,1481.93,10.79,-41.02,12,83.33,158193205
200,0.05,4,8,1481.93,10.79,-41.02,12,83.33,158193205
200,0.05,4,10,1474.39,10.77,-41.02,12,83.33,157438766
200,0.05,4,12,1474.39,10.77,-41.02,12,83.33,157438766
150,0.05,2,12,1462.61,10.74,-42.83,14,78.57,156260583
150,0.05,2,10,1461.72,10.74,-42.83,14,78.57,156171545
150,0.05,2,0,1422.31,10.63,-39.7,15,66.67,152231182
150,0.04,3,2,1421.86,10.63,-41.8,16,75.0,152186053
200,0.05,2,8,1416.5,10.62,-38.28,13,76.92,151649698
200,0.05,2,6,1416.5,10.62,-38.28,13,76.92,151649698
200,0.04,1,4,1416.05,10.62,-48.11,16,68.75,151605476
150,0.05,2,2,1401.33,10.58,-39.7,15,66.67,150132959
200,0.04,1,6,1396.76,10.56,-48.11,16,68.75,149676480
150,0.04,3,8,1393.68,10.56,-41.51,16,75.0,149368125
150,0.04,3,4,1393.68,10.56,-41.51,16,75.0,149368125
150,0.04,3,6,1393.68,10.56,-41.51,16,75.0,149368125
200,0.05,1,6,1392.6,10.55,-38.95,13,76.92,149259669
200,0.05,1,8,1392.6,10.55,-38.95,13,76.92,149259669
250,0.04,0,8,1388.88,10.54,-40.51,15,66.67,148888021
250,0.04,0,10,1388.88,10.54,-40.51,15,66.67,148888021
200,0.05,2,10,1388.83,10.54,-38.28,13,76.92,148883421
200,0.05,2,12,1388.83,10.54,-38.28,13,76.92,148883421
200,0.04,1,8,1376.82,10.51,-48.11,16,62.5,147682059
200,0.04,0,4,1367.42,10.48,-55.18,17,64.71,146742243
200,0.05,1,12,1366.06,10.48,-38.95,13,76.92,146605978
200,0.05,1,10,1366.06,10.48,-38.95,13,76.92,146605978
200,0.05,5,8,1353.51,10.44,-40.31,12,83.33,145351046
200,0.05,5,6,1353.51,10.44,-40.31,12,83.33,145351046
150,0.05,0,0,1353.2,10.44,-53.09,17,58.82,145320487
250,0.03,4,4,1347.56,10.43,-46.47,14,71.43,144755853
200,0.04,2,4,1346.24,10.42,-48.41,16,68.75,144624302
250,0.04,0,0,1345.21,10.42,-39.83,16,62.5,144520895
250,0.04,0,12,1338.01,10.4,-40.51,15,66.67,143800689
200,0.05,5,12,1334.76,10.39,-40.31,12,83.33,143475707
200,0.05,5,10,1334.76,10.39,-40.31,12,83.33,143475707
250,0.03,4,12,1332.84,10.39,-46.47,14,71.43,143283812
200,0.01,1,12,1329.17,10.38,-38.53,27,44.44,142917289
200,0.04,0,6,1329.09,10.37,-55.69,17,64.71,142909445
250,0.03,4,6,1328.05,10.37,-46.47,14,71.43,142805389
250,0.03,4,8,1326.18,10.37,-46.47,14,71.43,142617650
250,0.03,4,10,1326.18,10.37,-46.47,14,71.43,142617650
200,0.04,1,10,1326.14,10.37,-48.11,16,62.5,142613955
150,0.04,3,10,1325.96,10.37,-41.51,16,68.75,142595780
250,0.04,0,2,1321.21,10.35,-39.83,16,62.5,142121369
150,0.05,0,2,1319.05,10.35,-54.36,17,58.82,141905325
200,0.04,2,6,1317.73,10.34,-48.41,16,68.75,141772730
150,0.04,3,12,1314.64,10.33,-41.51,16,68.75,141463698
200,0.04,1,12,1313.92,10.33,-48.11,16,62.5,141392335
150,0.04,2,2,1312.54,10.33,-49.07,17,70.59,141253564
200,0.04,0,12,1312.5,10.33,-55.69,17,64.71,141250417
200,0.04,0,8,1310.97,10.32,-55.69,17,58.82,141096701
200,0.04,0,10,1305.93,10.31,-55.69,17,58.82,140593451
150,0.03,3,8,1305.49,10.31,-49.46,19,63.16,140548617
150,0.05,1,6,1304.73,10.3,-51.78,15,73.33,140472737
150,0.05,1,8,1304.73,10.3,-51.78,15,73.33,140472737
250,0.03,0,4,1298.74,10.29,-39.36,17,58.82,139874271
150,0.05,1,0,1293.78,10.27,-47.17,16,62.5,139377883
200,0.04,1,2,1291.09,10.26,-48.11,17,64.71,139109180
150,0.05,0,8,1290.32,10.26,-55.54,16,68.75,139032378
150,0.05,0,6,1290.32,10.26,-55.54,16,68.75,139032378
250,0.04,0,4,1289.34,10.26,-39.83,16,62.5,138934182
150,0.05,2,4,1288.89,10.26,-42.83,15,66.67,138888627
250,0.03,0,6,1287.59,10.25,-39.36,17,58.82,138758852
200,0.04,2,8,1287.23,10.25,-48.41,16,62.5,138723277
200,0.05,0,8,1286.93,10.25,-49.26,14,71.43,138693475
200,0.05,0,6,1286.93,10.25,-49.26,14,71.43,138693475
200,0.05,4,2,1285.58,10.25,-41.02,13,69.23,138557942
200,0.05,4,0,1285.58,10.25,-41.02,13,69.23,138557942
200,0.05,4,4,1284.36,10.24,-41.02,13,69.23,138436188
250,0.03,1,4,1280.07,10.23,-44.91,16,62.5,138007386
150,0.05,1,10,1279.75,10.23,-51.78,15,73.33,137975310
200,0.05,1,0,1279.7,10.23,-38.95,14,64.29,137969737
200,0.05,2,0,1277.29,10.22,-38.28,14,64.29,137729262
250,0.03,0,12,1276.2,10.22,-39.36,17,58.82,137619656
250,0.03,0,10,1276.2,10.22,-39.36,17,58.82,137619656
250,0.03,0,8,1276.2,10.22,-39.36,17,58.82,137619656
150,0.05,0,10,1275.3,10.22,-55.54,16,68.75,137530369
250,0.03,5,4,1274.09,10.21,-46.15,14,71.43,137408969
150,0.04,2,4,1271.77,10.21,-45.94,17,70.59,137176641
250,0.03,5,6,1271.32,10.21,-46.15,14,71.43,137132154
250,0.03,5,12,1270.9,10.2,-46.15,14,71.43,137089896
250,0.03,1,6,1267.06,10.19,-44.91,16,62.5,136706454
150,0.04,2,6,1266.3,10.19,-44.9,17,70.59,136629906
150,0.04,2,8,1266.3,10.19,-44.9,17,70.59,136629906
200,0.05,2,2,1265.96,10.19,-38.28,14,64.29,136596272
250,0.03,5,10,1264.53,10.19,-46.15,14,71.43,136452604
250,0.03,5,8,1264.53,10.19,-46.15,14,71.43,136452604
250,0.02,3,10,1262.31,10.18,-43.36,19,63.16,136230834
250,0.04,0,6,1260.43,10.17,-40.51,16,62.5,136042716
200,0.05,3,6,1257.55,10.16,-39.08,13,76.92,135754548
200,0.05,3,8,1257.55,10.16,-39.08,13,76.92,135754548
150,0.05,1,12,1256.68,10.16,-51.78,15,73.33,135667506
250,0.03,1,8,1255.55,10.16,-44.91,16,62.5,135554554
250,0.03,1,12,1255.55,10.16,-44.91,16,62.5,135554554
250,0.03,1,10,1255.55,10.16,-44.91,16,62.5,135554554
200,0.05,0,10,1255.39,10.16,-49.26,14,71.43,135539235
200,0.05,0,12,1255.39,10.16,-49.26,14,71.43,135539235
150,0.03,4,6,1255.01,10.16,-48.67,19,63.16,135501044
200,0.05,1,2,1249.94,10.14,-38.95,14,64.29,134994412
200,0.04,0,2,1249.0,10.14,-55.18,18,61.11,134900203
200,0.04,2,10,1248.51,10.14,-48.41,16,62.5,134850611
200,0.04,3,4,1247.24,10.13,-48.32,16,68.75,134724415
150,0.05,0,12,1247.0,10.13,-55.54,16,68.75,134700382
200,0.05,3,12,1242.77,10.12,-39.08,13,76.92,134277315
200,0.05,3,10,1242.77,10.12,-39.08,13,76.92,134277315
200,0.04,3,6,1238.5,10.11,-48.32,16,68.75,133850352
150,0.03,3,6,1238.43,10.11,-49.46,20,60.0,133842875
200,0.04,2,12,1236.96,10.1,-48.41,16,62.5,133695678
250,0.02,3,12,1233.02,10.09,-43.36,19,63.16,133302261
150,0.03,4,8,1232.82,10.09,-48.67,19,63.16,133282000
250,0.02,4,10,1232.32,10.09,-45.65,19,63.16,133231735
150,0.04,2,10,1231.86,10.09,-44.9,17,64.71,133185992
150,0.04,4,12,1231.73,10.09,-42.12,15,66.67,133172989
250,0.02,5,10,1231.69,10.09,-44.28,19,63.16,133169103
150,0.03,3,10,1230.94,10.08,-49.46,19,57.89,133094208
150,0.04,0,4,1230.6,10.08,-56.96,19,63.16,133059871
250,0.04,4,8,1226.89,10.07,-44.94,13,76.92,132689265
200,0.05,1,4,1226.39,10.07,-38.95,14,64.29,132638512
150,0.03,3,4,1225.58,10.07,-49.46,20,60.0,132557948
250,0.03,4,2,1224.93,10.07,-46.47,15,66.67,132493067
200,0.05,2,4,1224.07,10.06,-39.24,14,64.29,132407281
200,0.04,2,2,1223.73,10.06,-48.41,17,64.71,132372642
150,0.05,3,8,1223.43,10.06,-43.37,14,78.57,132343203
150,0.05,3,6,1223.43,10.06,-43.37,14,78.57,132343203
200,0.04,5,2,1222.81,10.06,-44.33,16,62.5,132280589
200,0.04,5,6,1222.81,10.06,-44.33,16,62.5,132280589
200,0.04,5,8,1222.81,10.06,-44.33,16,62.5,132280589
200,0.04,5,4,1222.81,10.06,-44.33,16,62.5,132280589
200,0.04,3,8,1221.41,10.05,-48.32,16,62.5,132140700
150,0.05,1,2,1212.66,10.03,-49.15,16,62.5,131265983
250,0.04,4,12,1210.61,10.02,-44.94,13,76.92,131061031
250,0.04,4,10,1210.61,10.02,-44.94,13,76.92,131061031
150,0.05,3,10,1209.03,10.02,-43.37,14,78.57,130902908
200,0.05,0,0,1203.16,10.0,-48.69,15,60.0,130316173
150,0.05,3,12,1191.83,9.96,-43.37,14,78.57,129182587
150,0.03,3,2,1187.91,9.95,-48.96,21,57.14,128790649
150,0.04,2,12,1184.5,9.94,-44.9,17,64.71,128450132
150,0.03,4,2,1184.0,9.94,-46.88,21,57.14,128399644
200,0.04,4,2,1182.95,9.93,-46.74,16,62.5,128294910
200,0.04,4,6,1182.95,9.93,-46.74,16,62.5,128294910
200,0.04,4,4,1182.95,9.93,-46.74,16,62.5,128294910
250,0.04,5,8,1181.32,9.93,-45.69,13,76.92,128131520
250,0.04,5,6,1181.32,9.93,-45.69,13,76.92,128131520
150,0.04,5,12,1180.01,9.92,-41.03,15,66.67,128000985
150,0.05,5,6,1179.64,9.92,-43.54,14,78.57,127964292
150,0.05,5,8,1179.64,9.92,-43.54,14,78.57,127964292
250,0.02,4,12,1175.28,9.91,-45.65,19,63.16,127527791
200,0.05,0,2,1175.06,9.91,-48.69,15,60.0,127505903
200,0.04,5,10,1173.66,9.9,-44.33,16,62.5,127365902
250,0.02,3,6,1173.32,9.9,-43.36,20,60.0,127332003
200,0.04,4,8,1172.54,9.9,-46.74,16,62.5,127254373
200,0.05,5,0,1171.16,9.9,-40.31,13,69.23,127116226
200,0.05,5,2,1171.16,9.9,-40.31,13,69.23,127116226
150,0.03,4,4,1170.27,9.89,-48.67,20,60.0,127027128
200,0.05,5,4,1170.04,9.89,-40.31,13,69.23,127004291
150,0.03,4,10,1169.45,9.89,-48.67,19,57.89,126944866
200,0.04,3,10,1168.62,9.89,-48.32,16,62.5,126861859
150,0.05,4,8,1167.7,9.89,-45.83,14,78.57,126770023
150,0.05,4,6,1167.7,9.89,-45.83,14,78.57,126770023
150,0.05,3,0,1167.15,9.88,-41.03,15,66.67,126715223
250,0.04,5,10,1165.41,9.88,-45.69,13,76.92,126540621
250,0.04,5,12,1165.41,9.88,-45.69,13,76.92,126540621
150,0.05,5,12,1163.13,9.87,-43.54,14,78.57,126313199
150,0.05,5,10,1163.13,9.87,-43.54,14,78.57,126313199
250,0.03,5,2,1161.84,9.87,-46.15,15,66.67,126184452
150,0.05,4,10,1161.65,9.87,-45.83,14,78.57,126165053
250,0.02,5,12,1160.8,9.86,-44.28,19,63.16,126080263
250,0.02,3,4,1158.67,9.86,-43.36,20,60.0,125866560
250,0.04,4,0,1158.35,9.85,-44.31,14,71.43,125834520
250,0.02,5,4,1157.21,9.85,-44.28,20,60.0,125721410
250,0.02,2,10,1155.8,9.85,-44.7,21,57.14,125579888
200,0.05,0,4,1152.81,9.84,-48.69,15,60.0,125280638
250,0.02,4,6,1152.01,9.83,-45.65,20,60.0,125201314
250,0.02,4,4,1150.86,9.83,-45.65,20,60.0,125086396
250,0.02,2,12,1148.49,9.82,-44.7,21,57.14,124848548
250,0.02,3,8,1146.9,9.82,-43.36,20,60.0,124690149
250,0.03,3,4,1146.88,9.82,-44.72,15,66.67,124687977
250,0.02,5,6,1145.33,9.81,-44.28,20,60.0,124533229
250,0.03,3,6,1144.74,9.81,-44.72,15,66.67,124473674
150,0.03,2,8,1144.09,9.81,-49.75,21,57.14,124409377
150,0.05,0,4,1141.77,9.8,-55.54,17,58.82,124176967
250,0.05,0,0,1141.1,9.8,-38.42,14,71.43,124109520
200,0.03,3,2,1140.17,9.8,-40.6,20,60.0,124017278
250,0.03,3,12,1139.09,9.79,-44.72,15,66.67,123908968
150,0.04,0,6,1138.94,9.79,-59.19,19,63.16,123894056
200,0.03,2,10,1138.13,9.79,-43.82,19,63.16,123813311
150,0.03,5,6,1137.81,9.79,-46.3,19,63.16,123780667
200,0.04,3,2,1137.19,9.79,-48.32,17,64.71,123719447
200,0.05,3,0,1133.56,9.77,-39.83,14,64.29,123355744
250,0.03,3,8,1133.33,9.77,-44.72,15,66.67,123332880
250,0.03,3,10,1133.33,9.77,-44.72,15,66.67,123332880
200,0.04,4,10,1132.31,9.77,-46.74,16,62.5,123230683
250,0.04,4,2,1131.21,9.77,-45.14,14,71.43,123121027
150,0.05,4,12,1129.58,9.76,-45.83,14,78.57,122957827
150,0.04,0,2,1128.65,9.76,-57.78,20,60.0,122865169
150,0.03,2,10,1126.36,9.75,-49.75,21,57.14,122636145
150,0.05,5,0,1125.54,9.75,-40.46,15,66.67,122553556
150,0.05,1,4,1124.01,9.74,-51.78,16,62.5,122400806
150,0.04,1,4,1123.64,9.74,-55.91,19,63.16,122363547
250,0.02,4,8,1123.48,9.74,-45.65,20,60.0,122348474
200,0.05,3,2,1123.41,9.74,-40.33,14,64.29,122341148
150,0.04,0,8,1123.23,9.74,-59.19,19,63.16,122322559
250,0.04,5,0,1122.96,9.74,-45.88,14,71.43,122295578
250,0.02,5,8,1119.86,9.73,-44.28,20,60.0,121985628
150,0.05,3,2,1119.26,9.73,-41.78,15,66.67,121926238
250,0.04,1,8,1118.2,9.72,-43.52,15,66.67,121820498
250,0.04,4,4,1116.31,9.72,-45.76,14,71.43,121631361
150,0.05,4,0,1115.95,9.72,-42.87,15,66.67,121594534
200,0.03,1,12,1114.92,9.71,-48.21,19,63.16,121491745
250,0.04,1,10,1113.86,9.71,-43.52,15,66.67,121385892
250,0.04,1,12,1113.86,9.71,-43.52,15,66.67,121385892
200,0.02,2,10,1113.27,9.71,-41.94,23,52.17,121326725
150,0.04,4,2,1113.26,9.71,-42.41,16,68.75,121325931
200,0.03,4,12,1109.72,9.69,-44.9,18,55.56,120971681
150,0.03,5,8,1108.7,9.69,-46.3,19,63.16,120869542
250,0.02,2,4,1104.23,9.68,-44.7,22,54.55,120423400
150,0.04,0,10,1104.15,9.68,-59.19,19,63.16,120415293
250,0.05,0,2,1101.82,9.67,-38.42,14,71.43,120181663
200,0.03,3,12,1100.69,9.66,-46.28,18,55.56,120069279
250,0.01,4,12,1100.52,9.66,-44.68,22,59.09,120052021
200,0.03,3,8,1100.25,9.66,-42.96,19,63.16,120024752
250,0.04,4,6,1098.77,9.66,-45.76,14,71.43,119877005
250,0.01,0,10,1098.13,9.66,-41.41,31,41.94,119812634
250,0.04,5,2,1096.58,9.65,-47.05,14,71.43,119658273
200,0.02,2,4,1096.27,9.65,-43.47,23,52.17,119626870
250,0.04,1,0,1094.92,9.64,-42.88,16,62.5,119491847
200,0.02,3,4,1094.47,9.64,-40.52,22,54.55,119447448
150,0.03,2,6,1093.38,9.64,-49.75,22,54.55,119337668
250,0.03,2,4,1093.37,9.64,-45.91,16,62.5,119337462
150,0.03,3,12,1092.67,9.64,-51.33,19,57.89,119266715
150,0.03,2,4,1091.32,9.63,-49.75,22,54.55,119132224
150,0.04,4,4,1090.8,9.63,-42.12,16,68.75,119079864
150,0.04,4,8,1090.8,9.63,-42.12,16,68.75,119079864
150,0.04,4,6,1090.8,9.63,-42.12,16,68.75,119079864
250,0.02,5,2,1090.43,9.63,-44.28,21,57.14,119043300
200,0.05,3,4,1085.89,9.61,-42.11,14,64.29,118589311
150,0.04,5,2,1085.86,9.61,-41.03,16,68.75,118585524
250,0.04,2,8,1085.85,9.61,-44.26,14,71.43,118584676
150,0.04,0,12,1083.57,9.61,-59.19,19,57.89,118356957
250,0.04,5,4,1082.11,9.6,-47.64,14,71.43,118210627
250,0.04,1,2,1079.5,9.59,-42.88,16,62.5,117950431
150,0.05,5,2,1079.22,9.59,-40.46,15,66.67,117921631
250,0.04,2,12,1077.64,9.58,-44.26,14,71.43,117764126
250,0.04,2,10,1077.64,9.58,-44.26,14,71.43,117764126
250,0.02,2,6,1077.5,9.58,-44.7,22,54.55,117749795
150,0.04,1,12,1071.81,9.56,-55.9,18,61.11,117180772
250,0.04,3,8,1071.36,9.56,-44.31,14,71.43,117136365
150,0.05,4,2,1069.99,9.56,-43.89,15,66.67,116999190
200,0.04,3,12,1069.95,9.56,-48.32,16,62.5,116994662
200,0.04,5,12,1069.13,9.56,-44.33,16,62.5,116913421
200,0.03,3,4,1068.31,9.55,-42.96,20,60.0,116831411
150,0.03,4,12,1066.55,9.55,-49.76,19,57.89,116655078
200,0.04,0,0,1064.09,9.54,-55.56,20,55.0,116408867
150,0.04,5,6,1063.9,9.54,-41.03,16,68.75,116389838
150,0.04,5,8,1063.9,9.54,-41.03,16,68.75,116389838
150,0.04,5,4,1063.9,9.54,-41.03,16,68.75,116389838
250,0.03,2,6,1062.32,9.53,-45.91,16,62.5,116231958
150,0.04,4,10,1061.03,9.53,-42.12,16,68.75,116102649
200,0.01,5,12,1060.59,9.53,-41.7,25,52.0,116059418
150,0.03,4,0,1059.24,9.52,-46.88,22,54.55,115923787
250,0.04,3,12,1058.16,9.52,-44.31,14,71.43,115815654
250,0.04,3,10,1058.16,9.52,-44.31,14,71.43,115815654
150,0.05,3,4,1056.09,9.51,-44.8,15,66.67,115608984
250,0.01,0,8,1055.9,9.51,-41.41,32,40.62,115590074
250,0.03,0,2,1055.79,9.51,-39.36,19,52.63,115578706
200,0.03,3,6,1054.77,9.51,-42.96,20,60.0,115476658
250,0.02,1,0,1053.54,9.5,-39.47,28,42.86,115354099
150,0.03,5,4,1053.2,9.5,-46.3,20,60.0,115320360
150,0.04,1,2,1053.07,9.5,-58.21,20,60.0,115306915
250,0.02,2,8,1052.29,9.5,-44.7,22,54.55,115229119
250,0.03,2,8,1050.74,9.49,-45.91,16,62.5,115073848
250,0.03,2,10,1050.74,9.49,-45.91,16,62.5,115073848
200,0.02,4,4,1050.49,9.49,-48.44,21,57.14,115048689
150,0.03,5,10,1048.53,9.48,-46.3,19,57.89,114852552
250,0.05,1,0,1048.45,9.48,-43.52,13,76.92,114845144
250,0.05,1,2,1048.45,9.48,-43.52,13,76.92,114845144
250,0.02,5,0,1045.93,9.47,-44.28,22,54.55,114592945
250,0.01,0,12,1045.47,9.47,-41.41,31,41.94,114547224
250,0.03,3,2,1044.11,9.47,-44.72,16,62.5,114410621
250,0.01,0,6,1043.23,9.46,-41.41,33,39.39,114323244
250,0.04,1,4,1040.87,9.46,-43.52,16,62.5,114086811
150,0.04,3,0,1039.35,9.45,-46.46,19,63.16,113935313
250,0.05,2,2,1035.87,9.44,-44.26,13,76.92,113587107
250,0.02,0,0,1035.24,9.44,-39.19,31,38.71,113523921
200,0.02,4,12,1033.35,9.43,-45.74,21,57.14,113334932
250,0.04,2,2,1033.31,9.43,-43.63,15,66.67,113331359
200,0.03,2,12,1033.04,9.43,-47.7,19,63.16,113303752
200,0.02,5,4,1032.17,9.42,-44.88,21,57.14,113216670
250,0.03,1,2,1031.46,9.42,-44.91,18,55.56,113145930
200,0.04,4,12,1031.18,9.42,-46.74,16,62.5,113117659
250,0.04,2,0,1031.13,9.42,-43.63,15,66.67,113113065
250,0.02,3,2,1029.83,9.42,-43.36,22,54.55,112983086
150,0.03,2,2,1029.64,9.42,-50.81,23,52.17,112963717
100,0.05,1,4,1029.36,9.41,-48.23,19,57.89,112936210
200,0.02,2,6,1028.57,9.41,-46.4,23,52.17,112856937
200,0.03,0,10,1027.18,9.41,-55.78,21,57.14,112717759
250,0.05,2,0,1026.91,9.41,-44.26,13,76.92,112690915
200,0.02,2,8,1022.03,9.39,-46.4,23,52.17,112203085
250,0.02,4,2,1021.86,9.39,-45.65,22,54.55,112186177
150,0.04,1,6,1021.64,9.39,-58.71,19,63.16,112164173
200,0.02,3,6,1021.61,9.39,-42.89,22,54.55,112161363
100,0.05,1,6,1019.67,9.38,-48.92,19,57.89,111967214
100,0.05,1,8,1019.67,9.38,-48.92,19,57.89,111967214
150,0.05,5,4,1018.12,9.37,-43.54,15,66.67,111812377
200,0.03,0,12,1017.22,9.37,-55.41,21,57.14,111722281
200,0.01,2,10,1016.46,9.37,-39.17,27,51.85,111645592
200,0.03,2,2,1015.64,9.37,-45.3,21,57.14,111563556
250,0.05,0,4,1013.43,9.36,-38.42,14,71.43,111343006
150,0.04,5,10,1013.13,9.36,-41.03,16,68.75,111312940
200,0.02,3,8,1012.79,9.35,-42.89,22,54.55,111279098
250,0.03,2,12,1012.47,9.35,-45.91,16,62.5,111247346
250,0.04,1,6,1010.76,9.35,-43.52,16,62.5,111075511
150,0.05,4,4,1009.37,9.34,-46.8,15,66.67,110937343
250,0.01,5,12,1008.4,9.34,-46.08,22,59.09,110840076
250,0.04,3,2,1006.33,9.33,-43.68,15,66.67,110633437
250,0.02,2,2,1005.83,9.33,-44.7,24,50.0,110583301
150,0.03,5,2,1004.16,9.32,-45.47,21,57.14,110415541
150,0.04,1,8,1003.27,9.32,-58.71,19,63.16,110326917
250,0.01,0,4,1001.51,9.31,-41.41,34,38.24,110151413
200,0.03,3,0,1000.07,9.31,-38.53,21,57.14,110006512
250,0.03,2,2,997.07,9.3,-45.91,17,58.82,109706947
250,0.04,2,4,996.19,9.29,-44.26,15,66.67,109618929
200,0.03,2,4,990.1,9.27,-48.13,20,60.0,109010455
250,0.01,5,10,990.05,9.27,-47.04,23,56.52,109005052
150,0.03,0,12,989.76,9.27,-57.23,23,52.17,108976076
200,0.01,4,12,987.25,9.26,-44.58,26,53.85,108725390
250,0.04,3,0,987.0,9.26,-43.68,15,66.67,108699920
250,0.02,0,12,987.0,9.26,-39.19,25,48.0,108699586
150,0.03,2,12,985.12,9.25,-51.06,21,57.14,108512057
250,0.05,4,0,982.61,9.24,-44.94,13,76.92,108260860
100,0.05,0,2,982.31,9.24,-55.73,20,60.0,108230527
200,0.03,2,6,979.54,9.23,-48.13,20,60.0,107954202
250,0.04,2,6,977.26,9.22,-44.26,15,66.67,107726268
200,0.02,4,6,976.48,9.22,-51.11,21,57.14,107647753
200,0.03,0,4,975.98,9.22,-55.78,22,54.55,107597720
150,0.03,0,10,975.74,9.22,-62.3,24,50.0,107574192
250,0.02,1,12,971.92,9.2,-39.47,23,52.17,107192183
200,0.02,5,2,971.9,9.2,-45.15,22,54.55,107190462
250,0.01,3,12,971.0,9.2,-43.93,24,54.17,107100262
200,0.02,4,8,970.56,9.2,-51.11,21,57.14,107055675
250,0.04,3,4,970.09,9.2,-45.33,15,66.67,107009220
200,0.01,1,10,969.73,9.19,-50.32,29,41.38,106972548
150,0.04,1,10,969.49,9.19,-58.71,19,57.89,106949028
100,0.05,1,2,968.65,9.19,-54.13,20,55.0,106865016
200,0.04,4,0,968.36,9.19,-46.99,18,55.56,106835862
200,0.03,4,2,967.78,9.19,-48.2,20,60.0,106778402
200,0.03,0,6,965.45,9.18,-55.78,22,54.55,106544682
250,0.05,4,2,964.65,9.18,-44.94,13,76.92,106465165
250,0.05,1,4,963.99,9.17,-43.52,13,76.92,106398651
250,0.01,4,10,963.38,9.17,-48.88,24,54.17,106337826
250,0.01,5,4,962.26,9.17,-47.04,24,54.17,106225714
200,0.02,5,8,961.14,9.16,-47.73,21,57.14,106113508
250,0.02,2,0,959.9,9.16,-44.7,26,46.15,105990309
250,0.04,3,6,959.64,9.16,-45.33,15,66.67,105964433
250,0.05,3,0,958.66,9.15,-44.31,13,76.92,105865820
250,0.01,0,2,958.15,9.15,-41.41,36,38.89,105814837
200,0.02,5,6,958.07,9.15,-47.73,21,57.14,105807176
200,0.02,4,10,955.0,9.14,-51.11,21,57.14,105499506
150,0.03,1,8,954.81,9.14,-58.71,23,52.17,105480924
150,0.03,5,12,954.59,9.14,-48.64,19,57.89,105458593
200,0.03,1,0,951.36,9.12,-50.24,23,52.17,105135839
200,0.02,5,10,950.73,9.12,-47.73,21,57.14,105073422
200,0.04,5,0,949.81,9.12,-46.58,18,55.56,104980704
200,0.03,2,8,949.71,9.12,-48.13,20,60.0,104971136
200,0.03,3,10,944.13,9.1,-50.3,19,63.16,104413145
250,0.05,2,4,944.03,9.1,-44.26,13,76.92,104402878
200,0.03,0,0,943.97,9.1,-49.45,25,48.0,104396599
200,0.03,5,2,943.52,9.09,-42.55,20,60.0,104351706
100,0.05,3,2,943.46,9.09,-55.4,18,61.11,104346077
250,0.05,3,2,941.1,9.08,-44.31,13,76.92,104109952
100,0.05,1,10,938.13,9.07,-48.92,19,57.89,103812786
150,0.04,2,0,936.6,9.07,-53.42,20,60.0,103660066
200,0.03,0,8,936.22,9.07,-55.78,22,54.55,103621517
150,0.03,1,10,935.29,9.06,-58.71,23,52.17,103528515
250,0.01,5,6,934.74,9.06,-47.04,24,54.17,103474410
200,0.02,3,2,934.16,9.06,-40.52,24,50.0,103415570
250,0.01,4,4,933.23,9.05,-48.88,25,52.0,103323185
100,0.04,1,10,932.74,9.05,-53.64,23,47.83,103274047
200,0.01,3,6,930.22,9.04,-40.84,28,50.0,103022242
150,0.03,5,0,928.28,9.03,-45.47,22,54.55,102827714
200,0.02,5,12,927.39,9.03,-47.75,21,57.14,102739428
250,0.05,0,6,926.6,9.03,-42.66,14,71.43,102660348
250,0.05,0,8,926.6,9.03,-42.66,14,71.43,102660348
250,0.01,1,12,922.93,9.01,-44.33,27,44.44,102293227
200,0.03,4,8,922.19,9.01,-50.89,19,63.16,102218505
200,0.02,2,2,922.14,9.01,-43.75,25,48.0,102213861
200,0.01,5,10,920.84,9.01,-44.37,26,50.0,102083905
150,0.03,3,0,918.78,9.0,-48.96,23,52.17,101877669
100,0.04,0,10,918.29,9.0,-54.6,24,50.0,101829148
200,0.02,0,4,916.29,8.99,-54.21,28,42.86,101629369
250,0.01,4,6,916.07,8.99,-48.88,25,52.0,101607219
200,0.04,3,0,915.8,8.99,-48.25,19,57.89,101579843
200,0.01,5,6,915.04,8.98,-44.37,26,53.85,101504448
250,0.05,0,10,915.03,8.98,-42.66,14,71.43,101502774
250,0.05,0,12,915.03,8.98,-42.66,14,71.43,101502774
150,0.03,0,6,914.13,8.98,-62.3,25,48.0,101413356
200,0.03,4,10,913.73,8.98,-50.89,19,63.16,101373054
250,0.02,4,0,913.47,8.98,-45.65,23,52.17,101347427
250,0.02,1,10,912.5,8.97,-39.47,24,50.0,101250138
200,0.03,1,10,911.59,8.97,-57.61,20,60.0,101159111
150,0.03,1,6,911.58,8.97,-58.71,24,50.0,101158399
250,0.03,4,0,910.92,8.97,-46.47,18,55.56,101092043
150,0.03,1,4,910.19,8.96,-58.91,24,50.0,101019392
200,0.01,2,6,908.33,8.96,-43.84,28,50.0,100832659
200,0.01,3,4,907.22,8.95,-41.13,29,48.28,100722355
250,0.02,0,4,907.09,8.95,-39.19,27,44.44,100709222
250,0.02,3,0,907.05,8.95,-43.36,23,52.17,100704988
200,0.01,3,8,905.96,8.95,-40.84,28,50.0,100595814
200,0.03,1,2,903.46,8.94,-55.3,22,54.55,100346194
200,0.03,5,8,903.31,8.94,-45.53,19,63.16,100330992
100,0.05,3,10,901.71,8.93,-53.32,17,58.82,100170987
250,0.01,5,8,901.01,8.93,-47.04,24,54.17,100100827
200,0.01,5,4,900.23,8.92,-44.37,27,51.85,100022522
250,0.02,0,10,896.97,8.91,-39.19,26,46.15,99697464
200,0.02,1,12,895.19,8.9,-49.97,24,50.0,99519127
250,0.05,4,4,893.88,8.9,-45.44,13,76.92,99387782
100,0.04,1,6,893.64,8.9,-53.64,24,58.33,99363813
200,0.01,4,6,892.52,8.89,-47.96,27,51.85,99251858
250,0.02,1,4,890.7,8.88,-39.47,25,48.0,99069615
250,0.05,1,8,890.69,8.88,-47.41,13,76.92,99069258
250,0.05,1,6,890.69,8.88,-47.41,13,76.92,99069258
150,0.03,0,8,888.93,8.88,-62.3,25,48.0,98893051
250,0.01,5,2,887.15,8.87,-47.04,26,53.85,98714554
200,0.01,5,8,885.69,8.86,-44.37,26,50.0,98568891
200,0.03,5,12,884.69,8.86,-48.62,18,55.56,98468567
200,0.01,2,8,884.58,8.86,-43.84,28,50.0,98457603
100,0.05,2,10,884.4,8.86,-54.87,18,55.56,98439782
250,0.02,0,2,882.96,8.85,-39.19,29,41.38,98295903
200,0.03,4,6,882.57,8.85,-50.89,20,60.0,98256765
250,0.03,5,0,881.88,8.85,-46.15,18,55.56,98187523
200,0.02,4,2,881.6,8.85,-48.7,23,52.17,98160326
200,0.03,0,2,880.98,8.84,-53.37,24,50.0,98097661
250,0.05,3,4,880.8,8.84,-44.31,13,76.92,98079891
200,0.01,1,8,880.21,8.84,-51.46,30,40.0,98021268
250,0.01,4,8,878.97,8.84,-48.88,25,52.0,97896708
250,0.02,1,6,878.28,8.83,-39.47,25,48.0,97828339
150,0.03,0,4,877.11,8.83,-60.44,26,46.15,97710985
200,0.02,0,6,876.31,8.83,-56.58,27,44.44,97631460
200,0.02,0,8,876.31,8.83,-56.58,27,44.44,97631460
250,0.05,1,10,875.95,8.82,-47.41,13,76.92,97594776
250,0.05,1,12,875.95,8.82,-47.41,13,76.92,97594776
200,0.04,1,0,872.91,8.81,-57.41,20,55.0,97290512
200,0.03,5,10,872.48,8.81,-45.53,19,57.89,97248341
200,0.03,4,4,872.16,8.81,-50.89,20,60.0,97216424
250,0.05,2,6,872.11,8.81,-48.1,13,76.92,97210801
250,0.05,2,8,872.11,8.81,-48.1,13,76.92,97210801
150,0.04,4,0,871.22,8.8,-48.52,18,61.11,97121527
200,0.01,2,12,869.92,8.8,-48.71,26,53.85,96991529
250,0.01,1,0,869.0,8.79,-41.3,37,37.84,96899697
200,0.01,3,12,867.91,8.79,-48.04,26,53.85,96791051
200,0.01,3,2,867.19,8.79,-41.13,30,46.67,96719145
100,0.05,4,2,866.67,8.78,-52.93,18,61.11,96667085
100,0.05,3,4,865.64,8.78,-52.95,18,61.11,96564437
200,0.01,4,8,865.57,8.78,-47.96,27,51.85,96556866
200,0.02,3,10,865.4,8.78,-50.23,22,54.55,96539532
200,0.03,1,4,862.28,8.77,-57.61,21,57.14,96228152
200,0.02,0,10,861.49,8.76,-56.58,27,44.44,96148704
250,0.05,2,12,859.53,8.76,-48.1,13,76.92,95953218
250,0.05,2,10,859.53,8.76,-48.1,13,76.92,95953218
150,0.03,1,12,858.65,8.75,-56.82,23,52.17,95864738
250,0.05,5,0,856.74,8.74,-45.69,13,76.92,95673781
200,0.02,2,12,855.67,8.74,-51.11,23,52.17,95567161
200,0.02,3,12,855.15,8.74,-49.6,22,54.55,95515036
200,0.01,2,4,855.09,8.74,-44.12,30,46.67,95508504
250,0.01,1,2,855.04,8.74,-46.01,32,43.75,95503640
250,0.01,1,10,854.14,8.73,-46.01,29,41.38,95414328
200,0.03,5,4,853.83,8.73,-45.53,20,60.0,95383301
200,0.01,4,4,853.1,8.73,-48.22,28,50.0,95309710
100,0.05,4,10,852.23,8.72,-52.08,17,58.82,95222666
200,0.04,2,0,852.21,8.72,-55.34,20,55.0,95221475
100,0.04,0,8,851.75,8.72,-54.6,25,52.0,95175441
250,0.01,0,0,851.48,8.72,-41.41,42,35.71,95148349
150,0.04,5,0,851.43,8.72,-47.44,18,61.11,95143448
250,0.02,0,6,851.21,8.72,-39.19,27,44.44,95121012
100,0.04,2,10,851.03,8.72,-55.32,23,47.83,95103279
200,0.01,4,10,849.31,8.71,-47.96,27,51.85,94931459
100,0.04,1,8,847.33,8.7,-53.64,24,54.17,94733282
200,0.03,2,0,847.29,8.7,-49.36,23,52.17,94729015
250,0.01,4,2,847.23,8.7,-48.88,27,51.85,94723039
200,0.03,1,6,846.76,8.7,-57.61,21,57.14,94675926
200,0.01,1,6,843.3,8.69,-51.46,31,41.94,94330148
100,0.04,0,12,842.63,8.68,-55.6,24,50.0,94262945
100,0.04,1,12,841.48,8.68,-55.2,23,47.83,94147600
200,0.03,4,0,841.16,8.68,-48.37,21,57.14,94115721
250,0.05,5,2,840.87,8.68,-45.69,13,76.92,94086883
250,0.01,1,6,839.86,8.67,-46.01,30,43.33,93986384
200,0.03,5,6,839.74,8.67,-45.53,20,60.0,93974058
250,0.02,1,8,838.5,8.67,-39.47,25,48.0,93849538
250,0.01,3,10,838.32,8.66,-48.33,26,50.0,93832383
250,0.01,2,12,837.47,8.66,-44.48,26,46.15,93747143
150,0.04,0,0,837.31,8.66,-61.36,23,52.17,93731299
200,0.01,1,0,837.01,8.66,-51.67,40,32.5,93700982
250,0.01,5,0,836.81,8.66,-45.27,28,50.0,93680792
200,0.02,0,12,835.66,8.65,-56.58,27,44.44,93565771
250,0.02,1,2,835.39,8.65,-39.47,27,44.44,93539014
250,0.05,4,6,833.89,8.65,-48.73,13,76.92,93389356
250,0.05,4,8,833.89,8.65,-48.73,13,76.92,93389356
250,0.03,0,0,832.78,8.64,-39.36,23,43.48,93278329
100,0.05,3,8,832.58,8.64,-53.32,18,61.11,93258271
100,0.05,3,6,832.58,8.64,-53.32,18,61.11,93258271
200,0.02,1,4,830.31,8.63,-55.3,25,48.0,93031166
250,0.02,0,8,829.43,8.63,-39.19,27,44.44,92943322
100,0.04,0,6,828.96,8.62,-54.6,26,53.85,92896274
150,0.03,2,0,827.48,8.62,-50.81,25,48.0,92748427
100,0.05,0,4,827.19,8.62,-59.64,20,60.0,92718838
200,0.03,1,8,825.9,8.61,-57.61,21,57.14,92589573
100,0.05,0,6,825.46,8.61,-59.72,20,60.0,92545856
100,0.05,0,8,825.46,8.61,-59.72,20,60.0,92545856
100,0.05,3,12,824.45,8.6,-55.35,17,58.82,92444797
250,0.05,4,10,823.8,8.6,-48.73,13,76.92,92380421
250,0.05,4,12,823.8,8.6,-48.73,13,76.92,92380421
250,0.01,1,4,819.33,8.58,-46.01,31,41.94,91932606
200,0.02,5,0,818.18,8.58,-45.4,24,50.0,91818414
200,0.01,1,4,817.46,8.57,-49.45,33,39.39,91745896
250,0.01,3,4,817.44,8.57,-48.33,27,48.15,91744236
250,0.05,3,8,813.23,8.56,-48.14,13,76.92,91323324
250,0.05,3,6,813.23,8.56,-48.14,13,76.92,91323324
200,0.03,5,0,809.2,8.54,-45.13,21,57.14,90919668
100,0.05,4,4,808.98,8.54,-51.62,18,61.11,90898010
100,0.05,2,6,808.64,8.54,-54.87,19,57.89,90863703
100,0.05,2,8,808.64,8.54,-54.87,19,57.89,90863703
100,0.05,2,4,808.49,8.53,-54.87,19,57.89,90848840
200,0.01,2,2,807.18,8.53,-44.12,31,45.16,90718191
100,0.05,2,12,806.45,8.53,-54.9,18,55.56,90645486
200,0.01,3,10,802.32,8.51,-48.45,27,51.85,90232371
250,0.05,3,12,797.24,8.48,-48.14,13,76.92,89723849
250,0.05,3,10,797.24,8.48,-48.14,13,76.92,89723849
200,0.02,0,2,794.84,8.47,-57.4,30,43.33,89483705
100,0.04,1,4,793.79,8.47,-54.17,25,56.0,89379212
100,0.05,1,12,793.32,8.47,-52.17,19,57.89,89332438
250,0.01,1,8,792.35,8.46,-46.01,30,40.0,89235052
250,0.01,3,6,792.0,8.46,-48.33,27,48.15,89200470
200,0.01,2,0,790.43,8.45,-52.64,36,36.11,89043316
200,0.02,1,10,788.81,8.45,-56.62,25,48.0,88880926
200,0.01,0,10,788.69,8.45,-53.6,34,35.29,88868640
100,0.04,0,4,787.67,8.44,-54.6,27,51.85,88767063
100,0.03,0,4,787.5,8.44,-45.11,34,47.06,88749635
250,0.01,3,2,786.34,8.44,-48.33,29,48.28,88634367
100,0.05,4,8,779.99,8.41,-51.88,18,61.11,87998954
100,0.05,4,6,779.99,8.41,-51.88,18,61.11,87998954
250,0.05,5,4,778.32,8.4,-46.19,13,76.92,87832111
100,0.05,5,10,775.98,8.39,-55.99,17,58.82,87597720
200,0.01,0,8,774.83,8.38,-53.6,35,34.29,87482961
200,0.02,3,0,774.51,8.38,-38.53,26,46.15,87451367
200,0.01,0,12,773.52,8.38,-57.19,33,36.36,87351770
200,0.02,1,8,773.48,8.38,-57.61,25,48.0,87347706
200,0.02,1,6,773.48,8.38,-57.61,25,48.0,87347706
100,0.05,5,2,772.93,8.37,-53.94,18,61.11,87293392
100,0.05,0,10,771.91,8.37,-59.72,20,55.0,87191069
100,0.05,0,0,771.28,8.37,-55.73,22,54.55,87127902
200,0.01,1,2,769.43,8.36,-49.45,35,40.0,86942622
100,0.04,0,2,768.46,8.35,-52.21,29,48.28,86846006
250,0.01,3,8,768.42,8.35,-48.33,27,48.15,86842206
200,0.01,5,2,768.41,8.35,-44.37,29,48.28,86840515
150,0.04,1,0,767.75,8.35,-61.32,23,52.17,86775253
250,0.03,2,0,765.33,8.34,-45.91,20,50.0,86533464
100,0.04,2,12,761.65,8.32,-56.02,23,47.83,86165390
250,0.01,2,0,760.67,8.32,-49.46,33,45.45,86066641
200,0.01,5,0,760.0,8.31,-45.54,33,42.42,85999635
100,0.05,2,2,759.96,8.31,-59.99,20,55.0,85995983
100,0.03,0,2,759.21,8.31,-41.22,36,47.22,85921354
250,0.03,1,0,758.95,8.31,-44.91,22,45.45,85894993
100,0.04,0,0,754.07,8.29,-50.51,30,46.67,85406946
250,0.01,2,2,753.24,8.28,-49.26,30,46.67,85323678
100,0.05,1,0,753.04,8.28,-54.13,22,50.0,85303553
250,0.01,2,4,748.04,8.26,-49.26,29,44.83,84803953
200,0.02,4,0,747.82,8.26,-48.63,25,48.0,84782209
100,0.05,5,4,747.2,8.25,-54.24,18,61.11,84719607
250,0.01,2,10,746.47,8.25,-49.26,28,42.86,84647008
100,0.05,0,12,745.48,8.25,-59.25,20,55.0,84548036
200,0.01,3,0,742.72,8.23,-45.21,35,37.14,84271652
100,0.05,4,12,742.42,8.23,-56.92,17,58.82,84242286
100,0.03,0,8,741.39,8.23,-45.11,33,48.48,84138901
200,0.02,1,2,741.22,8.23,-55.52,27,48.15,84121546
100,0.03,0,6,735.5,8.2,-45.11,34,47.06,83549925
150,0.02,3,10,734.68,8.19,-51.18,27,44.44,83467844
200,0.01,4,2,729.94,8.17,-48.22,30,46.67,82994158
100,0.04,2,6,728.71,8.16,-55.32,24,58.33,82871496
100,0.02,1,4,727.17,8.16,-47.49,41,51.22,82717446
250,0.01,4,0,725.52,8.15,-49.77,29,48.28,82551955
250,0.05,5,6,725.31,8.15,-49.44,13,76.92,82531331
250,0.05,5,8,725.31,8.15,-49.44,13,76.92,82531331
250,0.01,3,0,724.87,8.15,-47.8,31,45.16,82487278
150,0.03,1,2,723.87,8.14,-62.2,27,44.44,82387349
100,0.03,0,10,722.09,8.13,-49.1,32,46.88,82209226
100,0.03,1,8,716.54,8.11,-45.7,31,48.39,81654438
200,0.02,1,0,716.39,8.1,-50.48,30,43.33,81638754
150,0.02,3,12,712.92,8.09,-51.24,27,44.44,81292364
150,0.02,4,10,712.52,8.09,-51.62,27,44.44,81251984
250,0.03,3,0,711.36,8.08,-44.72,19,52.63,81135696
250,0.01,2,6,711.19,8.08,-49.26,29,44.83,81118710
250,0.05,5,12,711.13,8.08,-49.44,13,76.92,81113327
250,0.05,5,10,711.13,8.08,-49.44,13,76.92,81113327
150,0.01,4,2,707.73,8.06,-45.05,36,47.22,80772698
100,0.05,5,6,706.64,8.06,-55.52,18,61.11,80663948
100,0.05,5,8,706.64,8.06,-55.52,18,61.11,80663948
150,0.02,1,6,704.71,8.05,-59.48,31,48.39,80471463
100,0.04,2,8,703.52,8.04,-55.32,24,54.17,80352131
200,0.01,0,6,700.49,8.03,-53.6,37,37.84,80049162
100,0.03,0,0,698.6,8.02,-45.31,38,44.74,79860465
250,0.01,2,8,698.21,8.01,-49.26,29,41.38,79820568
150,0.02,1,12,697.35,8.01,-54.63,29,48.28,79734582
100,0.01,0,12,693.37,7.99,-42.37,46,41.3,79336885
150,0.02,5,10,691.9,7.98,-52.5,25,48.0,79189742
100,0.05,3,0,691.86,7.98,-60.76,20,55.0,79185608
150,0.02,1,10,689.31,7.97,-59.48,30,46.67,78930947
150,0.02,3,6,688.23,7.96,-51.18,29,48.28,78823496
100,0.05,5,12,685.7,7.95,-59.89,17,58.82,78569506
150,0.03,0,2,683.15,7.94,-63.15,29,41.38,78314565
100,0.03,3,6,682.73,7.94,-47.81,30,50.0,78273063
100,0.02,1,0,682.28,7.93,-41.37,47,44.68,78228042
100,0.02,0,0,680.9,7.93,-43.39,50,44.0,78090386
200,0.01,0,4,678.68,7.92,-54.48,39,35.9,77867865
150,0.02,2,12,675.69,7.9,-53.57,28,42.86,77568564
100,0.05,5,0,675.26,7.9,-54.25,19,57.89,77525839
200,0.02,2,0,670.64,7.87,-49.62,29,41.38,77063601
100,0.02,0,2,669.94,7.87,-43.78,47,46.81,76994326
150,0.02,4,12,667.78,7.86,-51.39,27,44.44,76778321
100,0.02,4,4,664.02,7.84,-49.15,37,48.65,76401866
100,0.04,2,4,661.96,7.83,-54.19,25,56.0,76196436
150,0.01,4,4,661.15,7.82,-45.91,36,44.44,76115369
150,0.01,5,2,660.9,7.82,-45.47,35,48.57,76090408
200,0.02,0,0,660.72,7.82,-53.82,35,37.14,76072319
100,0.04,1,2,657.21,7.8,-52.21,28,50.0,75721235
100,0.04,3,10,653.42,7.78,-60.19,22,50.0,75342459
150,0.03,1,0,652.74,7.78,-60.99,29,41.38,75274240
150,0.02,1,4,652.25,7.78,-59.68,32,46.88,75225108
150,0.01,4,8,651.6,7.77,-44.49,33,45.45,75160370
100,0.03,1,4,651.6,7.77,-46.32,33,45.45,75160192
100,0.02,2,4,650.65,7.77,-51.69,39,51.28,75065325
200,0.01,4,0,649.17,7.76,-50.81,34,41.18,74917412
150,0.02,3,4,646.91,7.75,-51.18,30,46.67,74690711
100,0.05,2,0,644.33,7.73,-60.27,21,52.38,74433223
150,0.02,1,8,643.79,7.73,-59.48,31,48.39,74379230
100,0.05,4,0,641.45,7.72,-59.12,20,55.0,74144567
100,0.02,0,4,641.19,7.72,-46.98,45,48.89,74118889
150,0.02,5,2,641.04,7.72,-51.03,28,50.0,74104358
150,0.01,4,6,639.41,7.71,-44.49,34,44.12,73940534
150,0.02,5,12,630.04,7.66,-54.58,25,48.0,73004014
100,0.03,3,2,629.56,7.65,-46.64,32,50.0,72955825
150,0.02,0,4,627.34,7.64,-64.09,36,41.67,72734048
150,0.01,5,4,627.13,7.64,-45.82,34,47.06,72713007
100,0.04,1,0,626.28,7.64,-50.5,29,48.28,72627836
150,0.02,2,6,626.21,7.64,-59.36,30,46.67,72620921
100,0.04,2,2,626.11,7.64,-52.26,27,51.85,72611415
100,0.01,1,0,625.78,7.63,-37.33,73,46.58,72578279
100,0.03,3,4,625.23,7.63,-49.23,31,48.39,72523229
200,0.01,0,0,623.82,7.62,-57.9,52,26.92,72381802
100,0.04,4,10,622.52,7.62,-58.43,22,50.0,72252019
150,0.01,5,0,621.94,7.61,-45.66,39,43.59,72193515
150,0.02,5,6,621.85,7.61,-52.5,27,51.85,72185212
150,0.02,5,4,619.57,7.6,-52.26,28,50.0,71956723
150,0.02,4,2,618.7,7.59,-53.07,31,48.39,71870051
100,0.03,3,8,618.31,7.59,-47.81,30,50.0,71830696
100,0.04,4,0,618.12,7.59,-55.33,25,52.0,71812383
100,0.02,2,6,615.73,7.58,-50.34,37,51.35,71572513
150,0.01,5,8,612.69,7.56,-45.1,32,46.88,71268833
100,0.02,1,2,612.36,7.56,-41.77,45,46.67,71235702
150,0.02,2,10,611.6,7.56,-59.36,29,41.38,71159715
150,0.02,5,0,611.46,7.55,-49.28,30,46.67,71146147
100,0.04,3,12,610.49,7.55,-59.83,22,50.0,71048626
150,0.02,4,4,610.21,7.55,-52.18,30,50.0,71020857
150,0.01,0,8,606.73,7.53,-63.15,43,37.21,70673254
150,0.02,4,6,603.17,7.51,-51.62,29,48.28,70317084
100,0.04,5,10,600.87,7.49,-59.14,21,52.38,70087050
100,0.03,1,10,600.31,7.49,-49.65,31,48.39,70030881
150,0.02,3,8,598.52,7.48,-51.18,29,44.83,69852249
150,0.01,0,4,597.58,7.48,-63.33,46,39.13,69758261
150,0.01,4,0,597.34,7.47,-48.77,42,40.48,69733645
100,0.03,1,6,597.33,7.47,-45.7,33,45.45,69732992
200,0.01,0,2,596.76,7.47,-58.56,42,33.33,69675739
100,0.04,4,6,596.26,7.47,-58.43,23,56.52,69625775
150,0.02,2,4,594.32,7.46,-59.57,31,45.16,69432202
100,0.03,1,2,593.25,7.45,-43.54,35,42.86,69324789
100,0.02,4,6,591.1,7.44,-47.7,35,45.71,69109618
150,0.02,0,6,588.61,7.42,-63.91,35,42.86,68860886
100,0.01,1,6,586.33,7.41,-46.37,49,53.06,68632880
100,0.03,1,0,585.26,7.4,-47.43,37,40.54,68526146
150,0.01,2,2,584.05,7.4,-52.34,41,41.46,68405381
150,0.02,5,8,582.29,7.39,-52.5,27,48.15,68228927
100,0.03,0,12,581.76,7.38,-52.21,32,46.88,68175730
100,0.04,2,0,580.41,7.38,-50.56,28,50.0,68041460
150,0.02,4,0,580.13,7.37,-51.39,33,45.45,68012759
100,0.02,0,6,579.37,7.37,-46.98,43,44.19,67936537
100,0.01,0,8,578.59,7.37,-45.96,53,45.28,67859264
100,0.03,4,2,577.63,7.36,-46.32,32,50.0,67762708
150,0.02,2,8,576.4,7.35,-59.36,30,43.33,67639814
100,0.01,0,0,576.27,7.35,-40.79,86,41.86,67627022
100,0.02,3,4,575.13,7.35,-50.47,39,48.72,67512761
100,0.04,4,8,575.09,7.35,-58.43,23,52.17,67509035
150,0.01,3,4,573.76,7.34,-51.46,37,43.24,67376339
150,0.02,3,2,573.35,7.33,-53.12,31,45.16,67334813
150,0.02,4,8,572.44,7.33,-51.62,29,44.83,67243682
100,0.03,2,2,572.32,7.33,-44.7,34,44.12,67232331
100,0.02,1,6,571.84,7.33,-48.78,39,48.72,67183953
150,0.01,0,2,571.61,7.32,-63.23,51,37.25,67160767
150,0.01,5,6,570.25,7.32,-45.1,33,48.48,67025346
100,0.01,1,2,569.74,7.31,-39.67,61,52.46,66973799
100,0.03,3,12,567.98,7.3,-52.45,28,50.0,66797537
100,0.01,0,2,567.62,7.3,-44.35,69,49.28,66761527
100,0.04,5,6,566.86,7.3,-59.14,22,54.55,66685871
150,0.01,2,4,563.77,7.28,-55.94,39,43.59,66377015
150,0.01,4,10,562.74,7.27,-49.68,33,45.45,66274425
100,0.02,0,10,562.73,7.27,-46.98,41,46.34,66273203
150,0.01,3,8,562.69,7.27,-51.46,35,42.86,66268537
100,0.02,4,2,562.44,7.27,-49.44,40,47.5,66243689
100,0.03,2,4,560.65,7.26,-47.76,32,46.88,66065434
100,0.02,3,6,560.3,7.26,-48.07,37,48.65,66030140
150,0.01,5,12,559.92,7.25,-50.22,30,46.67,65992074
150,0.01,4,12,559.85,7.25,-50.32,31,45.16,65985143
100,0.02,0,12,559.7,7.25,-50.19,39,46.15,65970452
100,0.04,4,12,558.72,7.25,-59.43,22,50.0,65871687
150,0.02,0,10,558.13,7.24,-63.91,34,41.18,65812764
150,0.01,3,12,557.84,7.24,-52.34,32,43.75,65784330
150,0.01,0,6,556.63,7.23,-63.15,44,36.36,65663055
100,0.04,5,8,556.07,7.23,-59.14,22,54.55,65607361
150,0.03,0,0,555.04,7.22,-65.28,32,37.5,65504271
100,0.01,3,12,550.56,7.2,-48.2,40,50.0,65055993
100,0.03,2,6,547.86,7.18,-49.04,32,46.88,64786281
150,0.02,0,12,544.96,7.16,-63.91,34,41.18,64496122
150,0.02,0,8,544.87,7.16,-63.91,35,42.86,64486732
100,0.04,4,2,543.08,7.15,-59.99,25,52.0,64307538
150,0.01,3,2,542.79,7.15,-50.33,39,43.59,64279354
100,0.02,4,8,542.18,7.15,-47.7,35,42.86,64217920
100,0.03,4,4,541.14,7.14,-49.15,31,51.61,64113724
100,0.02,5,6,538.89,7.13,-51.47,34,50.0,63889119
100,0.02,2,0,538.27,7.12,-47.71,45,46.67,63826895
150,0.01,2,8,536.14,7.11,-55.94,37,43.24,63613995
100,0.04,3,6,535.24,7.1,-60.19,24,58.33,63523972
100,0.02,2,2,533.42,7.09,-47.56,43,48.84,63342296
150,0.01,5,10,533.24,7.09,-50.23,32,46.88,63324105
150,0.01,3,6,532.69,7.09,-51.46,36,44.44,63269276
150,0.01,1,4,531.48,7.08,-59.29,42,40.48,63147533
100,0.04,4,4,530.95,7.08,-59.11,24,54.17,63094577
100,0.02,2,8,529.62,7.07,-50.34,37,51.35,62962386
100,0.04,5,12,528.99,7.06,-59.45,21,52.38,62898549
100,0.04,5,4,527.96,7.06,-58.74,23,52.17,62795677
150,0.01,1,8,527.55,7.05,-59.29,40,40.0,62755186
150,0.01,2,0,525.77,7.04,-53.83,49,34.69,62577046
100,0.03,2,8,523.55,7.03,-49.04,31,48.39,62354506
100,0.01,0,6,518.22,6.99,-45.96,57,43.86,61822003
100,0.03,4,6,517.24,6.99,-47.32,30,50.0,61724215
150,0.02,3,0,516.92,6.99,-51.45,33,42.42,61692043
100,0.04,5,0,516.58,6.98,-54.73,24,50.0,61658091
100,0.03,3,0,516.57,6.98,-51.87,34,47.06,61656907
100,0.04,3,8,515.93,6.98,-60.19,24,54.17,61592767
100,0.02,5,4,515.65,6.98,-51.47,36,50.0,61564814
100,0.01,0,10,515.31,6.98,-45.96,50,40.0,61530562
100,0.03,1,12,515.0,6.97,-51.87,31,48.39,61500475
100,0.01,1,10,514.85,6.97,-46.37,45,44.44,61485045
150,0.02,1,0,514.34,6.97,-60.98,38,39.47,61434474
100,0.03,4,0,512.29,6.96,-50.77,34,47.06,61229371
150,0.01,1,2,511.91,6.95,-56.22,46,39.13,61190531
150,0.02,2,0,511.59,6.95,-56.87,37,37.84,61159124
100,0.01,1,4,509.75,6.94,-45.55,54,50.0,60975028
100,0.03,2,0,508.86,6.93,-49.51,35,42.86,60885970
150,0.01,0,10,506.43,6.92,-66.59,43,39.53,60643110
100,0.02,2,12,505.96,6.92,-54.58,35,48.57,60596162
100,0.02,0,8,505.38,6.91,-46.98,43,44.19,60537990
150,0.02,0,2,504.52,6.91,-66.55,39,38.46,60452450
100,0.01,1,8,499.99,6.88,-46.37,48,50.0,59998921
150,0.01,1,6,493.96,6.84,-59.29,41,36.59,59396059
100,0.04,3,0,493.63,6.83,-57.81,27,51.85,59362778
100,0.02,1,8,492.34,6.83,-48.78,39,48.72,59234137
150,0.01,2,6,490.46,6.81,-55.94,38,42.11,59045863
100,0.02,4,0,489.93,6.81,-49.23,42,45.24,58992818
100,0.02,5,12,488.43,6.8,-54.65,31,48.39,58842688
100,0.04,3,4,487.69,6.79,-60.19,25,56.0,58768501
100,0.01,4,0,486.85,6.79,-40.23,59,42.37,58685482
150,0.02,1,2,486.11,6.78,-59.61,35,42.86,58610842
100,0.04,5,2,483.06,6.76,-58.36,24,50.0,58306353
100,0.02,2,10,482.12,6.76,-50.34,37,48.65,58212093
100,0.04,3,2,478.67,6.73,-60.8,26,53.85,57866516
150,0.02,2,2,478.02,6.73,-56.54,34,41.18,57802051
100,0.03,4,12,475.67,6.71,-54.51,27,48.15,57567481
100,0.02,3,8,473.17,6.69,-48.07,37,45.95,57317176
100,0.03,3,10,472.6,6.69,-51.61,30,46.67,57260452
100,0.01,0,4,470.78,6.68,-45.94,62,43.55,57078148
100,0.02,5,8,467.96,6.66,-51.47,34,50.0,56795637
100,0.02,3,0,459.91,6.6,-48.88,44,45.45,55990664
150,0.01,3,10,456.17,6.58,-56.0,35,42.86,55617139
100,0.01,3,10,455.76,6.57,-46.71,43,44.19,55575767
150,0.01,1,0,455.4,6.57,-64.28,54,33.33,55539537
100,0.01,1,12,455.06,6.57,-48.18,43,44.19,55505897
150,0.01,3,0,454.21,6.56,-52.43,45,37.78,55421318
100,0.02,4,12,452.94,6.55,-50.95,33,45.45,55293792
100,0.01,4,4,452.55,6.55,-49.23,48,47.92,55255130
100,0.01,4,10,450.71,6.54,-47.87,42,45.24,55070831
100,0.01,3,8,447.51,6.51,-46.71,45,46.67,54750507
150,0.01,2,12,447.14,6.51,-55.04,35,42.86,54714471
100,0.02,1,12,444.1,6.49,-54.78,37,43.24,54409642
100,0.02,3,12,443.25,6.48,-52.64,35,45.71,54324633
100,0.01,4,12,442.89,6.48,-49.79,39,46.15,54289398
100,0.02,5,2,441.44,6.47,-51.13,38,47.37,54144070
100,0.01,5,4,441.23,6.47,-48.32,47,51.06,54122554
100,0.01,3,4,440.83,6.47,-47.49,50,50.0,54082574
100,0.02,3,2,440.56,6.46,-51.84,43,46.51,54055881
100,0.01,2,10,438.27,6.45,-47.08,45,44.44,53826828
100,0.03,4,8,436.75,6.44,-47.32,30,50.0,53675430
100,0.02,4,10,436.68,6.43,-47.7,35,42.86,53668097
150,0.01,0,0,432.88,6.41,-68.96,65,30.77,53288476
100,0.01,2,12,428.18,6.37,-47.85,43,44.19,52818398
100,0.02,1,10,427.56,6.37,-48.78,39,46.15,52756415
100,0.02,3,10,425.81,6.35,-48.07,37,45.95,52580905
100,0.01,2,6,424.03,6.34,-47.08,49,48.98,52402860
100,0.03,5,0,420.09,6.31,-53.29,33,45.45,52008671
100,0.01,3,0,413.02,6.26,-40.15,64,42.19,51301932
150,0.02,0,0,412.3,6.25,-69.52,46,32.61,51229815
100,0.03,2,12,409.53,6.23,-54.03,30,50.0,50952564
100,0.01,5,12,408.22,6.22,-48.41,38,47.37,50821651
100,0.03,2,10,407.98,6.22,-52.75,31,48.39,50797652
150,0.01,0,12,406.59,6.21,-68.5,42,35.71,50658566
150,0.01,1,10,405.83,6.2,-63.1,40,40.0,50583321
100,0.01,2,2,405.46,6.2,-43.76,57,50.88,50546278
100,0.03,5,2,404.42,6.19,-52.38,32,46.88,50441760
100,0.01,5,0,403.27,6.18,-44.0,59,47.46,50326640
100,0.01,3,6,402.8,6.18,-46.71,48,47.92,50279801
100,0.01,4,6,398.05,6.14,-47.87,47,48.94,49805267
100,0.01,3,2,397.17,6.13,-48.42,55,49.09,49717493
150,0.01,2,10,392.63,6.1,-60.06,37,43.24,49262542
100,0.02,5,10,387.69,6.06,-51.47,34,50.0,48768543
100,0.01,2,8,386.49,6.05,-47.08,48,47.92,48649231
100,0.01,5,10,383.72,6.03,-47.93,41,46.34,48372006
100,0.02,5,0,379.71,5.99,-52.68,41,43.9,47970666
100,0.03,5,12,374.33,5.95,-58.52,27,48.15,47433132
100,0.01,2,0,368.04,5.9,-42.8,68,41.18,46804229
100,0.01,5,6,367.04,5.89,-47.93,46,47.83,46704186
100,0.01,4,8,364.33,5.86,-47.87,45,46.67,46432790
100,0.01,2,4,364.21,5.86,-47.83,52,48.08,46421304
100,0.01,4,2,362.2,5.85,-51.04,52,50.0,46220302
100,0.03,5,6,359.41,5.82,-53.55,30,46.67,45940907
100,0.03,5,4,358.84,5.82,-55.43,31,48.39,45883652
150,0.01,1,12,354.35,5.78,-64.5,39,35.9,45434701
100,0.01,5,2,344.56,5.69,-50.0,52,51.92,44456375
100,0.01,5,8,337.95,5.63,-47.93,44,47.73,43795406
100,0.03,5,8,303.9,5.32,-54.26,30,46.67,40390383
100,0.03,4,10,295.11,5.23,-51.15,30,43.33,39511459
100,0.03,5,10,228.2,4.51,-58.18,30,40.0,32819680
