window_idx,is_start,is_end,oos_start,oos_end,best_ma_window,best_buy_buffer_zone_pct,best_sell_buffer_zone_pct,best_hold_days,is_cagr,is_mdd,is_calmar,is_trades,is_win_rate,oos_cagr,oos_mdd,oos_calmar,oos_trades,oos_win_rate,wfe_calmar,wfe_cagr
0,1999-12-21,2005-02-28,2005-03-01,2007-02-28,100,0.03,0.01,5,1.31,-21.21,0.062,5,20.0,2.66,-8.39,0.3167,2,0.0,5.1106,2.0226
1,1999-12-21,2007-02-28,2007-03-01,2009-02-28,100,0.03,0.01,5,1.69,-21.21,0.0794,7,14.29,-7.06,-19.99,-0.3531,3,0.0,-4.4442,-4.1889
2,1999-12-21,2009-02-28,2009-03-01,2011-02-28,150,0.05,0.03,3,1.84,-25.43,0.0722,5,60.0,25.96,-12.51,2.0753,1,100.0,28.7514,14.1437
3,1999-12-21,2011-02-28,2011-03-01,2013-02-28,150,0.05,0.03,3,5.76,-25.43,0.2267,6,66.67,0.22,-11.49,0.0193,2,50.0,0.085,0.0384
4,1999-12-21,2013-02-28,2013-03-01,2015-02-28,150,0.05,0.03,3,4.82,-25.43,0.1894,8,75.0,24.15,-8.25,2.9275,0,0.0,15.458,5.014
5,1999-12-21,2015-02-28,2015-03-01,2017-02-28,150,0.05,0.03,3,7.17,-25.43,0.2819,8,75.0,-4.04,-23.93,-0.1687,2,0.0,-0.5984,-0.563
6,1999-12-21,2017-02-28,2017-03-01,2019-02-28,150,0.05,0.03,3,5.85,-25.43,0.2301,10,70.0,9.41,-11.3,0.8324,1,100.0,3.6175,1.6075
7,1999-12-21,2019-02-28,2019-03-01,2021-02-28,150,0.05,0.03,3,6.7,-25.43,0.2636,11,72.73,24.16,-18.32,1.3187,1,100.0,5.0031,3.6039
8,1999-12-21,2021-02-28,2021-03-01,2023-02-28,150,0.05,0.03,3,8.23,-25.43,0.3238,12,75.0,3.59,-16.23,0.221,1,100.0,0.6827,0.4357
9,1999-12-21,2023-02-28,2023-03-01,2025-02-28,150,0.05,0.03,3,7.89,-25.43,0.3101,13,76.92,28.53,-13.56,2.1043,0,0.0,6.7866,3.6181
10,1999-12-21,2025-02-28,2025-03-01,2026-09-24,150,0.05,0.03,3,9.65,-25.43,0.3796,13,76.92,16.25,-11.22,1.4486,1,100.0,3.8158,1.6832
