Date,asset_id,gross_shares,net_shares,open_price,savings
2007-12-03,tlt,7914,1374,53.3828,1047
2008-02-01,tlt,2553,-2287,53.9198,43
2008-05-01,tlt,510,186,53.6509,52
2009-01-02,tlt,7497,-353,70.9049,1520
2009-02-02,tlt,5914,-1230,61.6064,866
2009-06-01,tlt,5752,-1934,55.344,634
2010-06-01,tlt,9435,1105,60.6596,1516
2012-04-02,tlt,6207,-2983,75.5863,731
2016-10-03,tlt,9349,-3159,103.7298,1926
2019-06-03,tlt,13145,3121,106.4907,3202
2020-01-02,tlt,11909,-6665,111.822,1759
2020-09-01,tlt,15882,-1104,133.6397,5925
2022-01-03,tlt,13654,-11452,123.3372,815
