date,asset_id,pre_shares,post_shares,pre_weight_pct,post_weight_pct,pre_value,post_value,delta_shares,delta_value,rebalance_reason
2006-09-18,sso,900406,881732,35.74,35.07,3614774,3539358,-18674,-75416,daily
2006-09-18,qld,0,3403244,0.0,34.87,0,3519862,3403244,3519862,daily
2006-09-18,cash,0,0,64.26,30.06,6500003,3034433,0,-3465570,daily
2007-07-03,sso,881732,837174,36.86,34.97,4544065,4336371,-44558,-207694,monthly
2007-07-03,qld,3403244,3092377,38.52,35.2,4748444,4364410,-310867,-384034,monthly
2007-07-03,cash,0,0,24.62,29.83,3034433,3698079,0,663646,monthly
2007-11-02,sso,837174,926409,31.6,34.9,4166676,4621728,89235,455052,monthly
2007-11-02,qld,3092377,2683825,40.35,35.24,5320598,4666637,-408552,-653961,monthly
2007-11-02,cash,0,0,28.05,29.87,3698079,3955605,0,257526,monthly
2008-01-16,sso,926409,0,34.3,0.0,3811669,0,-926409,-3811669,
2008-01-16,qld,2683825,2683825,30.11,29.6,3346300,3248002,0,-98298,
2008-01-16,cash,0,0,35.59,70.4,3955605,7723250,0,3767645,
2008-01-17,sso,0,0,0.0,0.0,0,0,0,0,
2008-01-17,qld,2683825,0,29.6,0.0,3248002,0,-2683825,-3248002,
2008-01-17,cash,0,0,70.4,100.0,7723250,10996626,0,3273376,
2008-07-03,sso,0,0,0.0,0.0,0,0,0,0,
2008-07-03,qld,2892465,0,30.66,0.0,3161036,0,-2892465,-3161036,
2008-07-03,cash,0,0,69.34,100.0,7147808,10338104,0,3190296,
2009-07-27,sso,0,2264299,0.0,35.14,0,3842970,2264299,3842970,daily
2009-07-27,qld,6177430,5631428,38.38,34.95,4185665,3821729,-546002,-363936,daily
2009-07-27,cash,0,0,61.62,29.92,6719768,3271630,0,-3448138,daily
2010-04-05,sso,2264299,2065681,38.38,35.16,5539777,5135760,-198618,-404017,monthly
2010-04-05,qld,5631428,5060952,38.95,35.2,5621252,5141436,-570476,-479816,monthly
2010-04-05,cash,0,0,22.67,29.64,3271630,4329796,0,1058166,monthly
2010-07-01,sso,2065681,0,31.74,0.0,3832131,0,-2065681,-3832131,
2010-07-01,qld,5060952,5060952,32.39,32.27,3909777,3886603,0,-23174,
2010-07-01,cash,0,0,35.87,67.73,4329796,8157549,0,3827753,
2010-08-06,sso,0,2065121,0.0,35.26,0,4531658,2065121,4531658,daily
2010-08-06,qld,5060952,4856659,36.43,34.79,4675509,4471943,-204293,-203566,daily
2010-08-06,cash,0,0,63.57,29.95,8157549,3849919,0,-4307630,daily
2010-12-02,sso,2065121,2042809,35.38,35.33,5250256,5329241,-22312,78985,monthly
2010-12-02,qld,4856659,4395702,38.67,35.16,5738414,5303159,-460957,-435255,monthly
2010-12-02,cash,0,0,25.95,29.51,3849919,4451573,0,601654,monthly
2011-08-05,sso,2042809,0,34.58,0.0,5166727,0,-2042809,-5166727,
2011-08-05,qld,4395702,4395702,35.62,35.04,5321951,5250142,0,-71809,
2011-08-05,cash,0,0,29.8,64.96,4451573,9732674,0,5281101,
2011-08-09,sso,0,0,0.0,0.0,0,0,0,0,
2011-08-09,qld,4395702,0,32.26,0.0,4635399,0,-4395702,-4635399,
2011-08-09,cash,0,0,67.74,100.0,9732674,14465908,0,4733234,
2012-04-03,sso,1793901,1777377,35.32,34.84,6185008,6085603,-16524,-99405,monthly
2012-04-03,qld,3782534,3306607,40.03,35.09,7009701,6128733,-475927,-880968,monthly
2012-04-03,cash,0,0,24.64,30.07,4314834,5252859,0,938025,monthly
2013-02-04,sso,1777377,1610914,38.56,34.9,7045682,6248197,-166463,-797485,monthly
2013-02-04,qld,3306607,3542265,32.69,34.49,5973084,6174543,235658,201459,monthly
2013-02-04,cash,0,0,28.75,30.62,5252859,5481487,0,228628,monthly
2013-10-02,sso,1610914,1560867,36.1,34.95,8113999,7836287,-50047,-277712,monthly
2013-10-02,qld,3542265,3131499,39.5,34.97,8878152,7839992,-410766,-1038160,monthly
2013-10-02,cash,0,0,24.39,30.07,5481487,6742088,0,1260601,monthly
2014-07-02,sso,1560867,1455590,37.52,35.0,10758375,10051565,-105277,-706810,monthly
2014-07-02,qld,3131499,2812304,38.96,35.04,11171084,10062626,-319195,-1108458,monthly
2014-07-02,cash,0,0,23.51,29.95,6742088,8601455,0,1859367,monthly
2015-03-03,sso,1455590,1463595,34.81,34.94,11638456,11603341,8005,-35115,monthly
2015-03-03,qld,2812304,2491128,39.47,34.85,13195333,11573601,-321176,-1621732,monthly
2015-03-03,cash,0,0,25.73,30.21,8601455,10030574,0,1429119,monthly
2015-08-25,sso,1463595,0,32.53,0.0,9376572,0,-1463595,-9376572,
2015-08-25,qld,2491128,0,32.67,0.0,9417816,0,-2491128,-9417816,
2015-08-25,cash,0,0,34.8,100.0,10030574,30028522,0,19997948,
2015-11-03,sso,0,1340786,0.0,35.05,0,10647350,1340786,10647350,monthly
2015-11-03,qld,2118383,2090450,35.46,35.08,10725923,10655159,-27933,-70764,monthly
2015-11-03,cash,0,0,64.54,29.87,19518541,9073340,0,-10445201,monthly
2016-01-11,sso,1340786,0,33.27,0.0,8856761,0,-1340786,-8856761,
2016-01-11,qld,2090450,2090450,32.64,32.7,8686814,8748524,0,61710,
2016-01-11,cash,0,0,34.09,67.3,9073340,18003336,0,8929996,
2016-01-14,sso,0,0,0.0,0.0,0,0,0,0,
2016-01-14,qld,2090450,0,31.63,0.0,8328133,0,-2090450,-8328133,
2016-01-14,cash,0,0,68.37,100.0,18003336,26371853,0,8368517,
2017-03-02,sso,1209009,1133831,37.31,34.87,12536415,11626097,-75178,-910318,monthly
2017-03-02,qld,2027755,1809099,39.21,34.91,13176161,11639504,-218656,-1536657,monthly
2017-03-02,cash,0,0,23.47,30.23,7887467,10080000,0,2192533,monthly
2017-09-05,sso,1133831,1165467,34.05,34.9,12639280,12800311,31636,161031,monthly
2017-09-05,qld,1809099,1630558,38.79,34.73,14397766,12737832,-178541,-1659934,monthly
2017-09-05,cash,0,0,27.16,30.36,10080000,11135119,0,1055119,monthly
2018-06-04,sso,1165467,1154541,35.33,35.01,15705756,15709034,-10926,3278,monthly
2018-06-04,qld,1630558,1440878,39.62,35.27,17610427,15828060,-189680,-1782367,monthly
2018-06-04,cash,0,0,25.05,29.72,11135119,13335379,0,2200260,monthly
2018-11-21,sso,1154541,1154541,35.47,35.37,14399804,14489794,0,89990,
2018-11-21,qld,1440878,0,31.67,0.0,12856973,0,-1440878,-12856973,
2018-11-21,cash,0,0,32.85,64.63,13335379,26475833,0,13140454,
2018-12-18,sso,1154541,0,33.53,0.0,13354536,0,-1154541,-13354536,
2018-12-18,qld,0,0,0.0,0.0,0,0,0,0,
2018-12-18,cash,0,0,66.47,100.0,26475833,39993208,0,13517375,
2019-02-28,sso,1019559,1016663,35.1,34.9,14058739,13947897,-2896,-110842,daily
2019-02-28,qld,0,1358326,0.0,35.03,0,14000518,1358326,14000518,daily
2019-02-28,cash,0,0,64.9,30.07,25995588,12016291,0,-13979297,daily
2019-12-03,sso,1016663,985698,36.07,34.88,17263252,16504220,-30965,-759032,monthly
2019-12-03,qld,1358326,1220935,38.82,34.78,18575508,16454074,-137391,-2121434,monthly
2019-12-03,cash,0,0,25.11,30.34,12016291,14356494,0,2340203,monthly
2020-03-10,sso,985698,0,30.37,0.0,12743942,0,-985698,-12743942,
2020-03-10,qld,1220935,1220935,35.41,37.0,14858647,16451826,0,1593179,
2020-03-10,cash,0,0,34.22,63.0,14356494,28014243,0,13657749,
2020-03-13,sso,0,0,0.0,0.0,0,0,0,0,
2020-03-13,qld,1220935,0,30.4,0.0,12237509,0,-1220935,-12237509,
2020-03-13,cash,0,0,69.6,100.0,28014243,41566006,0,13551763,
2020-06-02,sso,0,1034112,0.0,35.01,0,15627227,1034112,15627227,monthly
2020-06-02,qld,1055992,945965,39.07,35.19,17323352,15711089,-110027,-1612263,monthly
2020-06-02,cash,0,0,60.93,29.8,27017918,13302378,0,-13715540,monthly
2020-08-04,sso,1034112,1047726,34.55,35.09,17757420,18124575,13614,367155,monthly
2020-08-04,qld,945965,835817,39.57,35.06,20341958,18112656,-110148,-2229302,monthly
2020-08-04,cash,0,0,25.88,29.85,13302378,15420532,0,2118154,monthly
2021-02-02,sso,1047726,999734,36.71,35.23,23431297,22993758,-47992,-437539,monthly
2021-02-02,qld,835817,748858,39.14,35.42,24981265,23116315,-86959,-1864950,monthly
2021-02-02,cash,0,0,24.16,29.34,15420532,19149885,0,3729353,monthly
2021-05-04,sso,999734,895644,39.01,35.13,27589396,24412298,-104090,-3177098,monthly
2021-05-04,qld,748858,773075,33.92,34.34,23989111,23869592,24217,-119519,monthly
2021-05-04,cash,0,0,27.08,30.53,19149885,21218515,0,2068630,monthly
2021-09-02,sso,895644,886915,35.35,35.15,28808878,28698357,-8729,-110521,monthly
2021-09-02,qld,773075,700879,38.62,34.91,31478686,28504330,-72196,-2974356,monthly
2021-09-02,cash,0,0,26.03,29.95,21218515,24451797,0,3233282,monthly
2022-01-26,sso,886915,886915,35.69,35.11,26348802,26240939,0,-107863,
2022-01-26,qld,700879,0,31.19,0.0,23031924,0,-700879,-23031924,
2022-01-26,cash,0,0,33.12,64.89,24451797,48487878,0,24036081,
2022-05-02,sso,886915,0,32.55,0.0,23399105,0,-886915,-23399105,
2022-05-02,qld,0,0,0.0,0.0,0,0,0,0,
2022-05-02,cash,0,0,67.45,100.0,48487878,71816783,0,23328905,
2023-06-02,sso,1055737,1080297,34.19,35.47,27128072,28577468,24560,1449396,monthly
2023-06-02,qld,1068112,955197,39.17,34.99,31076288,28197955,-112915,-2878333,monthly
2023-06-02,cash,0,0,26.64,29.54,21135989,23802084,0,2666095,monthly
2024-02-02,sso,1080297,1024285,36.91,35.05,36171351,35003000,-56012,-1168351,monthly
2024-02-02,qld,955197,862122,38.8,35.51,38022353,35466198,-93075,-2556155,monthly
2024-02-02,cash,0,0,24.29,29.44,23802084,29398700,0,5596616,monthly
2024-12-03,sso,1024285,912841,39.25,34.93,49692603,44308445,-111444,-5384158,monthly
2024-12-03,qld,862122,803673,37.52,35.13,47500404,44560363,-58449,-2940041,monthly
2024-12-03,cash,0,0,23.22,29.94,29398700,37977479,0,8578779,monthly
2025-04-04,sso,912841,912841,32.76,30.61,34479940,30354094,0,-4125846,
2025-04-04,qld,803673,0,31.15,0.0,32785081,0,-803673,-32785081,
2025-04-04,cash,0,0,36.09,69.39,37977479,68818083,0,30840604,
2025-04-07,sso,912841,0,30.61,0.0,30354094,0,-912841,-30354094,
2025-04-07,qld,0,0,0.0,0.0,0,0,0,0,
2025-04-07,cash,0,0,69.39,100.0,68818083,97103229,0,28285146,
2025-11-04,sso,761197,731571,36.38,34.99,44346380,41613338,-29626,-2733042,monthly
2025-11-04,qld,642809,563981,39.72,34.26,48416368,40738419,-78828,-7677949,monthly
2025-11-04,cash,0,0,23.9,30.75,29131039,36568039,0,7437000,monthly
2026-06-02,sso,731571,721959,35.46,34.95,50948925,50416419,-9612,-532506,monthly
2026-06-02,qld,563981,504828,39.08,35.16,56151852,50716422,-59153,-5435430,monthly
2026-06-02,cash,0,0,25.45,29.88,36568039,43100538,0,6532499,monthly
