묶음,후보,w(%),판,시작일,끝날,CAGR(%),MDD(%),Calmar,기준선 대비 Calmar 우위,매도 거래 수,연 회전율,금융위기 수익률(%),금융위기 구간MDD(%),미국 약세 2009-11 수익률(%),미국 약세 2009-11 구간MDD(%),미국 약세 2017 수익률(%),미국 약세 2017 구간MDD(%),미국 약세 2025-26 수익률(%),미국 약세 2025-26 구간MDD(%),횡보장 2011 수익률(%),횡보장 2011 구간MDD(%),횡보장 2015 수익률(%),횡보장 2015 구간MDD(%),횡보장 2018 수익률(%),횡보장 2018 구간MDD(%),급락 2020 수익률(%),급락 2020 구간MDD(%),급락 2025 수익률(%),급락 2025 구간MDD(%),물가 약세장 2022 수익률(%),물가 약세장 2022 구간MDD(%),금 약세기 2013-15 수익률(%),금 약세기 2013-15 구간MDD(%)
주 비교,SHY(기준선),10,이어 붙인 판,2007-06-22,2026-09-24,14.3,-25.4,0.5628,,181,0.8001,-7.88,-15.83,62.18,-17.33,37.75,-4.76,17.34,-21.43,0.17,-12.85,-6.34,-14.08,-2.51,-16.24,-22.01,-25.4,-20.11,-20.27,-20.01,-20.7,56.84,-14.08
주 비교,SHY(기준선),15,이어 붙인 판,2007-06-22,2026-09-24,13.75,-23.71,0.5799,,180,0.7787,-7.02,-14.69,58.79,-16.31,35.49,-4.29,16.8,-20.28,0.95,-11.59,-6.08,-13.41,-2.4,-15.54,-20.45,-23.69,-19.01,-19.17,-19.21,-19.88,53.11,-13.41
주 비교,SHY(기준선),20,이어 붙인 판,2007-06-22,2026-09-24,13.08,-22.73,0.5753,,178,0.7462,-5.97,-13.39,55.44,-15.34,33.25,-4.05,16.24,-19.12,0.79,-11.15,-5.7,-12.66,-2.09,-14.63,-19.24,-22.35,-17.9,-18.06,-18.42,-19.01,49.68,-12.66
주 비교,SHY(기준선),25,이어 붙인 판,2007-06-22,2026-09-24,12.34,-21.45,0.5755,,182,0.7197,-5.09,-12.22,51.56,-14.6,31.06,-4.04,15.27,-18.03,0.54,-10.74,-5.08,-11.77,-1.77,-13.67,-18.45,-21.45,-16.93,-17.08,-17.28,-17.84,46.69,-11.77
주 비교,SHY(기준선),30,이어 붙인 판,2007-06-22,2026-09-24,11.74,-20.09,0.5845,,181,0.6778,-4.2,-11.19,47.99,-13.64,28.87,-3.71,15.23,-16.58,0.65,-10.02,-4.67,-10.99,-1.18,-12.74,-17.23,-20.09,-15.47,-15.62,-16.3,-16.85,43.42,-10.99
주 비교,SHY(기준선),35,이어 붙인 판,2007-06-22,2026-09-24,11.08,-19.13,0.5791,,187,0.6494,-3.31,-10.24,44.47,-12.68,26.87,-3.56,14.0,-15.65,0.75,-9.31,-4.26,-10.21,-0.82,-11.65,-15.53,-18.21,-14.7,-14.84,-15.79,-16.34,40.18,-10.21
주 비교,SHY(기준선),40,이어 붙인 판,2007-06-22,2026-09-24,10.28,-18.02,0.5701,,181,0.5925,-2.59,-9.29,40.79,-11.7,24.55,-3.18,13.35,-14.44,1.59,-8.09,-4.26,-9.82,-1.46,-11.39,-14.26,-16.8,-13.56,-13.7,-14.98,-15.51,36.58,-9.82
주 비교,금,10,이어 붙인 판,2007-06-22,2026-09-24,15.3,-25.74,0.5942,0.0314,192,0.8145,-5.92,-16.71,70.16,-17.31,39.3,-4.93,22.49,-20.41,1.1,-12.22,-7.03,-14.06,-3.13,-16.21,-22.45,-25.74,-20.07,-20.23,-19.95,-20.73,50.58,-14.06
주 비교,금,15,이어 붙인 판,2007-06-22,2026-09-24,15.11,-24.88,0.6074,0.0275,178,0.7931,-4.4,-16.36,70.11,-16.45,37.58,-5.03,25.21,-19.02,2.33,-10.7,-7.62,-14.33,-2.41,-15.17,-21.51,-24.88,-18.87,-19.02,-19.71,-20.51,43.9,-14.33
주 비교,금,20,이어 붙인 판,2007-06-22,2026-09-24,14.92,-24.12,0.6187,0.0434,179,0.7692,-2.53,-15.86,70.47,-15.44,36.06,-5.0,27.51,-17.86,2.88,-10.0,-7.94,-14.15,-2.23,-14.15,-20.62,-24.12,-17.71,-17.86,-18.86,-19.65,37.31,-14.15
주 비교,금,25,이어 붙인 판,2007-06-22,2026-09-24,14.69,-23.3,0.6304,0.0549,175,0.7359,-0.74,-15.5,70.27,-14.48,34.54,-4.99,29.8,-16.7,3.86,-9.09,-8.12,-14.07,-2.13,-13.22,-19.66,-23.3,-16.55,-16.7,-18.21,-19.03,31.17,-14.07
주 비교,금,30,이어 붙인 판,2007-06-22,2026-09-24,14.43,-22.47,0.6421,0.0577,175,0.6951,1.04,-15.25,70.32,-13.53,33.04,-4.99,32.08,-16.42,4.42,-8.57,-8.29,-14.01,-1.99,-12.54,-18.69,-22.47,-15.39,-15.54,-17.57,-18.46,25.26,-14.01
주 비교,금,35,이어 붙인 판,2007-06-22,2026-09-24,14.28,-21.23,0.6728,0.0937,184,0.6693,2.82,-15.01,70.98,-12.31,31.72,-5.04,34.57,-16.38,4.42,-8.58,-7.67,-13.2,-1.82,-12.03,-17.24,-21.23,-14.22,-14.4,-16.93,-17.93,20.02,-13.2
주 비교,금,40,이어 붙인 판,2007-06-22,2026-09-24,14.03,-20.34,0.6897,0.1195,190,0.6327,4.59,-14.91,71.0,-11.62,30.4,-4.97,36.94,-16.2,4.91,-8.67,-7.98,-13.29,-1.68,-11.77,-16.2,-20.34,-12.92,-13.13,-16.18,-17.29,14.38,-13.29
주 비교,HAA,10,이어 붙인 판,2007-06-22,2026-09-24,14.99,-25.79,0.5812,0.0183,406,1.4472,-8.42,-17.17,67.81,-18.15,38.9,-4.78,19.87,-22.0,0.89,-13.13,-6.84,-14.05,-2.47,-16.53,-22.22,-25.79,-21.46,-21.59,-19.15,-19.81,56.59,-14.05
주 비교,HAA,15,이어 붙인 판,2007-06-22,2026-09-24,14.65,-24.32,0.6021,0.0223,406,1.7403,-7.87,-16.74,66.86,-17.64,37.28,-4.55,20.59,-21.1,1.03,-12.87,-6.56,-13.36,-2.06,-15.67,-20.79,-24.32,-20.99,-21.1,-18.14,-18.77,53.14,-13.36
주 비교,HAA,20,이어 붙인 판,2007-06-22,2026-09-24,14.2,-23.72,0.5987,0.0233,401,2.0204,-7.29,-16.29,65.94,-17.33,35.62,-4.35,21.49,-20.47,1.16,-12.73,-6.48,-12.95,-1.89,-14.78,-20.07,-23.72,-20.38,-20.47,-17.56,-18.16,49.56,-12.95
주 비교,HAA,25,이어 붙인 판,2007-06-22,2026-09-24,13.86,-22.25,0.6231,0.0476,403,2.3154,-6.87,-15.99,64.8,-17.08,34.0,-4.14,22.22,-19.98,1.28,-12.6,-6.37,-12.5,-1.4,-13.81,-18.39,-22.25,-19.91,-19.98,-16.52,-17.07,46.22,-12.5
주 비교,HAA,30,이어 붙인 판,2007-06-22,2026-09-24,13.47,-21.44,0.6281,0.0436,395,2.6125,-6.34,-15.59,63.83,-16.78,32.5,-3.87,23.1,-19.48,1.42,-12.46,-7.02,-12.76,-1.3,-13.39,-17.46,-21.44,-19.43,-19.48,-15.44,-15.88,41.74,-12.76
주 비교,HAA,35,이어 붙인 판,2007-06-22,2026-09-24,13.12,-20.23,0.6484,0.0693,401,2.9127,-5.81,-15.18,62.86,-16.48,30.96,-3.53,23.88,-18.87,1.56,-12.32,-6.66,-12.28,-0.69,-13.14,-16.05,-20.23,-18.85,-18.87,-14.38,-14.77,38.62,-12.28
주 비교,HAA,40,이어 붙인 판,2007-06-22,2026-09-24,12.7,-19.85,0.6395,0.0694,408,3.1855,-5.28,-14.78,61.9,-16.18,29.37,-3.22,24.62,-18.36,1.7,-12.18,-6.33,-11.59,-0.15,-13.03,-15.59,-19.85,-18.36,-18.36,-12.9,-13.3,35.83,-11.59
주 비교,미국 약세 로테이션,10,이어 붙인 판,2007-06-22,2026-09-24,14.74,-25.09,0.5876,0.0248,209,1.1017,-9.9,-18.0,66.87,-17.27,39.04,-4.66,20.18,-21.36,0.87,-12.29,-6.6,-14.12,-2.86,-16.45,-21.73,-25.09,-21.2,-21.36,-19.34,-20.01,56.77,-14.12
주 비교,미국 약세 로테이션,15,이어 붙인 판,2007-06-22,2026-09-24,14.19,-23.69,0.5989,0.0191,203,1.2129,-10.12,-18.01,65.44,-16.32,37.36,-4.7,21.38,-20.75,0.14,-12.26,-6.42,-13.45,-2.57,-15.54,-20.45,-23.69,-20.6,-20.75,-18.41,-19.06,52.72,-13.45
주 비교,미국 약세 로테이션,20,이어 붙인 판,2007-06-22,2026-09-24,13.68,-22.35,0.6121,0.0368,199,1.3161,-10.34,-18.03,63.98,-15.49,35.73,-4.52,22.05,-20.17,0.25,-11.58,-6.15,-12.71,-2.32,-14.63,-19.24,-22.35,-20.02,-20.17,-17.43,-18.04,49.17,-12.71
주 비교,미국 약세 로테이션,25,이어 붙인 판,2007-06-22,2026-09-24,13.14,-21.45,0.6128,0.0373,202,1.4211,-10.55,-18.05,62.49,-14.75,34.11,-4.22,22.91,-19.58,0.35,-10.89,-5.67,-12.0,-2.07,-13.72,-18.45,-21.45,-19.44,-19.58,-16.68,-17.3,45.99,-12.0
주 비교,미국 약세 로테이션,30,이어 붙인 판,2007-06-22,2026-09-24,12.71,-19.61,0.6481,0.0636,203,1.5331,-10.77,-18.07,61.0,-14.01,32.73,-4.06,23.99,-18.94,0.45,-10.19,-5.37,-11.4,-1.57,-12.56,-16.78,-19.61,-18.8,-18.94,-15.76,-16.35,42.59,-11.4
주 비교,미국 약세 로테이션,35,이어 붙인 판,2007-06-22,2026-09-24,12.13,-18.79,0.6454,0.0663,196,1.6334,-10.99,-18.13,59.57,-13.23,31.12,-3.99,24.76,-18.5,0.55,-9.49,-5.4,-11.08,-1.42,-11.86,-16.05,-18.79,-18.36,-18.5,-14.53,-15.05,38.93,-11.08
주 비교,미국 약세 로테이션,40,이어 붙인 판,2007-06-22,2026-09-24,11.59,-18.27,0.6343,0.0641,194,1.7472,-11.21,-18.27,57.17,-12.82,29.54,-3.81,24.61,-18.1,1.04,-8.43,-5.13,-10.5,-1.23,-10.93,-14.82,-17.42,-17.96,-18.1,-13.87,-14.63,35.6,-10.5
주 비교,EWY 200일선,10,이어 붙인 판,2007-06-22,2026-09-24,14.93,-26.47,0.564,0.0012,232,1.1162,-9.17,-17.02,69.48,-19.16,42.53,-5.01,31.94,-21.5,-0.65,-14.36,-7.42,-14.6,-3.43,-16.45,-23.12,-26.47,-20.21,-20.37,-20.01,-20.7,52.25,-14.6
주 비교,EWY 200일선,15,이어 붙인 판,2007-06-22,2026-09-24,14.62,-25.73,0.568,-0.0119,226,1.2307,-9.01,-16.53,69.43,-19.23,42.68,-4.89,39.32,-20.28,-1.29,-14.72,-7.24,-14.19,-3.66,-15.62,-22.53,-25.73,-19.01,-19.17,-19.21,-19.88,47.26,-14.19
주 비교,EWY 200일선,20,이어 붙인 판,2007-06-22,2026-09-24,14.16,-24.99,0.5666,-0.0087,219,1.3436,-8.86,-16.05,69.34,-19.3,42.81,-4.78,46.73,-19.12,-2.76,-15.82,-8.03,-14.62,-3.82,-14.73,-21.92,-24.99,-17.9,-18.06,-18.42,-19.01,40.92,-14.62
주 비교,EWY 200일선,25,이어 붙인 판,2007-06-22,2026-09-24,13.87,-23.9,0.5803,0.0048,215,1.4593,-8.7,-15.56,68.83,-19.37,42.95,-4.67,54.43,-17.99,-3.14,-15.86,-8.23,-14.5,-4.01,-14.38,-21.04,-23.9,-16.78,-16.93,-17.4,-17.99,35.67,-14.5
주 비교,EWY 200일선,30,이어 붙인 판,2007-06-22,2026-09-24,13.45,-23.46,0.5733,-0.0112,206,1.5548,-8.54,-15.07,68.6,-19.54,43.08,-4.57,62.43,-19.0,-3.87,-16.39,-8.44,-14.39,-4.02,-14.28,-20.7,-23.46,-15.65,-15.8,-16.73,-17.31,30.57,-14.39
주 비교,EWY 200일선,35,이어 붙인 판,2007-06-22,2026-09-24,13.08,-22.69,0.5763,-0.0028,209,1.6508,-8.38,-14.8,68.36,-19.76,43.26,-4.63,71.19,-20.05,-4.58,-16.94,-8.39,-13.87,-4.01,-14.14,-20.08,-22.69,-14.19,-14.34,-15.9,-16.45,25.83,-13.87
주 비교,EWY 200일선,40,이어 붙인 판,2007-06-22,2026-09-24,12.64,-22.0,0.5743,0.0042,207,1.7437,-8.22,-14.52,68.1,-19.98,43.39,-4.91,79.06,-21.11,-5.29,-17.48,-8.59,-13.75,-4.19,-14.04,-19.45,-21.91,-13.92,-14.07,-15.06,-15.59,20.65,-13.75
주 비교,Q-2-2XS 단독,0,이어 붙인 판,2007-06-22,2026-09-24,15.67,-27.93,0.5611,,147,0.8608,-9.48,-17.98,69.68,-19.17,42.28,-5.22,18.38,-23.7,0.61,-13.69,-7.25,-15.63,-3.11,-18.24,-24.3,-27.93,-22.28,-22.44,-21.6,-22.33,64.07,-15.63
보조,SHY(기준선),10,실물판,2011-11-10,2026-09-24,15.86,-25.02,0.6338,,137,0.7933,,,,,37.76,-4.53,17.34,-21.43,,,-6.47,-14.15,-2.71,-16.45,-21.65,-25.02,-20.11,-20.27,-20.01,-20.7,56.6,-14.15
보조,SHY(기준선),15,실물판,2011-11-10,2026-09-24,15.09,-23.71,0.6364,,137,0.7674,,,,,35.49,-4.29,16.8,-20.28,,,-6.08,-13.41,-2.4,-15.54,-20.45,-23.69,-19.01,-19.17,-19.21,-19.88,53.11,-13.41
보조,SHY(기준선),20,실물판,2011-11-10,2026-09-24,14.29,-22.73,0.6287,,139,0.7357,,,,,33.25,-4.05,16.24,-19.12,,,-5.7,-12.66,-2.09,-14.63,-19.24,-22.35,-17.9,-18.06,-18.42,-19.01,49.68,-12.66
보조,SHY(기준선),25,실물판,2011-11-10,2026-09-24,13.52,-21.45,0.6302,,142,0.711,,,,,31.06,-4.04,15.27,-18.03,,,-5.08,-11.77,-1.77,-13.67,-18.45,-21.45,-16.93,-17.08,-17.28,-17.84,46.7,-11.77
보조,SHY(기준선),30,실물판,2011-11-10,2026-09-24,12.8,-20.09,0.637,,144,0.6691,,,,,28.84,-3.71,15.23,-16.58,,,-4.67,-10.99,-1.43,-12.74,-17.23,-20.09,-15.47,-15.62,-16.3,-16.85,43.39,-10.99
보조,SHY(기준선),35,실물판,2011-11-10,2026-09-24,11.97,-19.09,0.627,,138,0.634,,,,,26.69,-3.48,14.64,-15.34,,,-4.54,-10.38,-1.14,-11.81,-16.05,-18.79,-14.3,-14.44,-15.71,-16.24,39.9,-10.38
보조,SHY(기준선),40,실물판,2011-11-10,2026-09-24,11.11,-17.9,0.6204,,141,0.5902,,,,,24.41,-3.4,13.23,-14.84,,,-4.15,-9.62,-0.87,-10.87,-14.82,-17.42,-13.93,-14.08,-14.87,-15.37,36.65,-9.62
보조,금,10,실물판,2011-11-10,2026-09-24,16.32,-25.74,0.6339,0.0001,135,0.8014,,,,,39.3,-4.93,22.49,-20.41,,,-7.49,-14.62,-3.13,-16.21,-22.45,-25.74,-20.07,-20.23,-19.95,-20.73,49.68,-14.62
보조,금,15,실물판,2011-11-10,2026-09-24,15.87,-24.88,0.638,0.0015,134,0.7844,,,,,37.58,-5.03,25.21,-19.02,,,-7.62,-14.33,-2.41,-15.17,-21.51,-24.88,-18.87,-19.02,-19.71,-20.51,43.86,-14.33
보조,금,20,실물판,2011-11-10,2026-09-24,15.32,-24.12,0.6353,0.0066,141,0.7617,,,,,36.02,-5.0,27.51,-17.86,,,-7.94,-14.15,-2.5,-14.15,-20.62,-24.12,-17.71,-17.86,-18.86,-19.65,37.03,-14.15
보조,금,25,실물판,2011-11-10,2026-09-24,14.77,-23.3,0.634,0.0038,140,0.7309,,,,,34.54,-4.99,29.8,-16.7,,,-8.12,-14.07,-2.13,-13.22,-19.66,-23.3,-16.55,-16.7,-18.21,-19.03,30.9,-14.07
보조,금,30,실물판,2011-11-10,2026-09-24,14.18,-22.47,0.6313,-0.0057,145,0.6931,,,,,33.04,-4.99,32.08,-16.42,,,-8.02,-13.85,-1.99,-12.54,-18.69,-22.47,-15.39,-15.54,-17.57,-18.46,24.8,-13.85
보조,금,35,실물판,2011-11-10,2026-09-24,13.84,-21.23,0.6518,0.0247,147,0.6683,,,,,31.72,-5.04,34.57,-16.38,,,-7.67,-13.2,-1.82,-12.03,-17.24,-21.23,-14.22,-14.4,-16.93,-17.93,19.91,-13.2
보조,금,40,실물판,2011-11-10,2026-09-24,13.32,-20.34,0.655,0.0346,154,0.6333,,,,,30.4,-4.97,36.94,-16.2,,,-7.98,-13.29,-1.68,-11.77,-16.2,-20.34,-12.92,-13.13,-16.18,-17.29,14.93,-13.29
보조,HAA,10,실물판,2011-11-10,2026-09-24,16.49,-25.44,0.648,0.0142,321,1.45,,,,,38.91,-4.78,19.87,-22.0,,,-6.84,-14.06,-2.47,-16.53,-21.87,-25.44,-21.46,-21.59,-19.15,-19.81,56.28,-14.06
보조,HAA,15,실물판,2011-11-10,2026-09-24,16.0,-24.33,0.6578,0.0214,311,1.7473,,,,,37.28,-4.55,20.59,-21.1,,,-7.13,-13.93,-2.06,-15.68,-20.79,-24.33,-20.99,-21.1,-18.14,-18.77,52.36,-13.93
보조,HAA,20,실물판,2011-11-10,2026-09-24,15.5,-23.72,0.6533,0.0247,309,2.0417,,,,,35.64,-4.33,21.49,-20.47,,,-7.1,-13.54,-1.41,-14.57,-20.08,-23.72,-20.39,-20.47,-17.56,-18.16,48.67,-13.54
보조,HAA,25,실물판,2011-11-10,2026-09-24,15.09,-22.41,0.6732,0.043,317,2.3561,,,,,34.11,-4.1,22.22,-19.98,,,-7.06,-13.15,-1.65,-14.15,-18.59,-22.41,-19.91,-19.98,-16.1,-16.62,45.04,-13.15
보조,HAA,30,실물판,2011-11-10,2026-09-24,14.62,-21.25,0.688,0.051,308,2.6508,,,,,32.53,-3.76,23.11,-19.48,,,-6.85,-12.69,-1.05,-13.39,-17.23,-21.25,-19.43,-19.48,-15.45,-15.89,42.07,-12.69
보조,HAA,35,실물판,2011-11-10,2026-09-24,14.23,-20.23,0.7035,0.0765,319,2.9395,,,,,30.98,-3.44,23.88,-18.87,,,-6.04,-11.65,-0.62,-13.27,-16.05,-20.23,-18.85,-18.87,-14.38,-14.77,40.0,-11.65
보조,HAA,40,실물판,2011-11-10,2026-09-24,13.63,-19.48,0.7,0.0796,315,3.2566,,,,,29.24,-3.47,23.84,-18.66,,,-6.89,-12.08,-0.61,-12.96,-15.18,-19.48,-18.65,-18.66,-12.72,-13.1,35.12,-12.08
보조,미국 약세 로테이션,10,실물판,2011-11-10,2026-09-24,16.23,-25.09,0.6472,0.0134,168,1.0896,,,,,39.04,-4.66,20.18,-21.36,,,-6.6,-14.12,-2.86,-16.45,-21.73,-25.09,-21.2,-21.36,-19.34,-20.01,56.77,-14.12
보조,미국 약세 로테이션,15,실물판,2011-11-10,2026-09-24,15.67,-24.0,0.653,0.0166,164,1.2034,,,,,37.38,-4.49,21.38,-20.75,,,-5.87,-13.01,-2.62,-15.54,-20.73,-24.0,-20.6,-20.75,-18.41,-19.06,53.66,-13.01
보조,미국 약세 로테이션,20,실물판,2011-11-10,2026-09-24,15.0,-22.79,0.6585,0.0298,162,1.3033,,,,,35.7,-4.38,22.05,-20.17,,,-6.2,-12.84,-2.39,-14.63,-19.66,-22.79,-20.02,-20.17,-17.43,-18.04,49.18,-12.84
보조,미국 약세 로테이션,25,실물판,2011-11-10,2026-09-24,14.41,-21.45,0.6717,0.0414,157,1.4053,,,,,34.12,-4.35,22.91,-19.58,,,-5.88,-12.1,-1.85,-13.72,-18.45,-21.45,-19.44,-19.58,-16.68,-17.3,45.93,-12.1
보조,미국 약세 로테이션,30,실물판,2011-11-10,2026-09-24,13.89,-19.61,0.7083,0.0713,164,1.5193,,,,,32.73,-4.06,23.99,-18.94,,,-5.37,-11.4,-1.57,-12.56,-16.78,-19.61,-18.8,-18.94,-15.76,-16.35,42.84,-11.4
보조,미국 약세 로테이션,35,실물판,2011-11-10,2026-09-24,13.2,-18.33,0.7204,0.0934,157,1.618,,,,,31.14,-3.9,24.87,-18.33,,,-5.08,-10.8,-1.36,-11.65,-15.53,-18.21,-18.19,-18.33,-14.93,-15.49,39.25,-10.8
보조,미국 약세 로테이션,40,실물판,2011-11-10,2026-09-24,12.51,-18.1,0.6914,0.0711,163,1.7135,,,,,29.56,-3.73,24.61,-18.1,,,-4.52,-9.96,-1.13,-10.69,-14.73,-17.3,-17.96,-18.1,-13.87,-14.63,36.34,-9.96
보조,EWY 200일선,10,실물판,2011-11-10,2026-09-24,16.55,-26.47,0.625,-0.0088,186,1.1079,,,,,42.53,-5.01,31.94,-21.5,,,-7.42,-14.6,-3.43,-16.45,-23.12,-26.47,-20.21,-20.37,-20.01,-20.7,52.25,-14.6
보조,EWY 200일선,15,실물판,2011-11-10,2026-09-24,16.21,-25.73,0.6298,-0.0066,181,1.2244,,,,,42.68,-4.89,39.32,-20.28,,,-7.24,-14.19,-3.66,-15.62,-22.53,-25.73,-19.01,-19.17,-19.21,-19.88,47.26,-14.19
보조,EWY 200일선,20,실물판,2011-11-10,2026-09-24,15.74,-24.99,0.6302,0.0015,175,1.3396,,,,,42.81,-4.78,46.73,-19.12,,,-8.03,-14.62,-3.82,-14.73,-21.92,-24.99,-17.9,-18.06,-18.42,-19.01,40.92,-14.62
보조,EWY 200일선,25,실물판,2011-11-10,2026-09-24,15.42,-23.9,0.6449,0.0147,177,1.4616,,,,,42.95,-4.67,54.43,-17.99,,,-8.23,-14.5,-4.01,-14.38,-21.04,-23.9,-16.78,-16.93,-17.4,-17.99,35.67,-14.5
보조,EWY 200일선,30,실물판,2011-11-10,2026-09-24,14.95,-23.46,0.6371,0.0001,168,1.5593,,,,,43.08,-4.57,62.43,-19.0,,,-8.44,-14.39,-4.02,-14.28,-20.7,-23.46,-15.65,-15.8,-16.73,-17.31,30.57,-14.39
보조,EWY 200일선,35,실물판,2011-11-10,2026-09-24,14.5,-22.69,0.6392,0.0122,170,1.655,,,,,43.26,-4.63,71.19,-20.05,,,-8.39,-13.87,-4.01,-14.14,-20.08,-22.69,-14.19,-14.34,-15.9,-16.45,25.83,-13.87
보조,EWY 200일선,40,실물판,2011-11-10,2026-09-24,14.01,-22.0,0.6367,0.0164,163,1.7506,,,,,43.39,-4.91,79.06,-21.11,,,-8.59,-13.75,-4.19,-14.04,-19.45,-21.91,-13.92,-14.07,-15.06,-15.59,21.31,-13.75
보조,Q-2-2XS 단독,0,실물판,2011-11-10,2026-09-24,17.37,-27.93,0.6219,,115,0.849,,,,,42.28,-5.22,18.38,-23.7,,,-7.25,-15.63,-3.11,-18.24,-24.3,-27.93,-22.28,-22.44,-21.6,-22.33,64.07,-15.63
로테이션 관문,미국 약세 로테이션,10,순수 대용판,2011-11-10,2026-09-24,16.12,-25.4,0.6347,0.0009,155,1.1023,,,,,39.04,-4.69,20.33,-21.36,,,-6.63,-14.12,-2.56,-16.24,-22.01,-25.4,-21.2,-21.36,-20.01,-20.7,56.65,-14.12
로테이션 관문,미국 약세 로테이션,15,순수 대용판,2011-11-10,2026-09-24,15.47,-24.0,0.6446,0.0082,160,1.2316,,,,,37.33,-4.57,21.22,-20.81,,,-6.16,-13.15,-2.47,-15.52,-20.73,-24.0,-20.66,-20.81,-19.21,-19.88,53.06,-13.15
로테이션 관문,미국 약세 로테이션,20,순수 대용판,2011-11-10,2026-09-24,14.79,-22.85,0.6473,0.0186,152,1.3475,,,,,35.71,-4.43,22.11,-20.26,,,-6.25,-12.85,-2.13,-14.61,-19.66,-22.79,-20.1,-20.26,-18.42,-19.01,48.94,-12.85
로테이션 관문,미국 약세 로테이션,25,순수 대용판,2011-11-10,2026-09-24,14.19,-21.45,0.6614,0.0312,163,1.4828,,,,,34.15,-4.4,22.69,-19.77,,,-5.94,-12.15,-1.59,-13.68,-18.45,-21.45,-19.62,-19.77,-17.28,-17.84,45.64,-12.15
로테이션 관문,미국 약세 로테이션,30,순수 대용판,2011-11-10,2026-09-24,13.57,-20.41,0.6651,0.0281,162,1.6283,,,,,32.55,-4.24,24.12,-19.21,,,-5.68,-11.58,-1.33,-12.75,-17.23,-20.09,-19.07,-19.21,-16.58,-17.17,42.16,-11.58
로테이션 관문,미국 약세 로테이션,35,순수 대용판,2011-11-10,2026-09-24,12.96,-19.35,0.6699,0.0428,164,1.6986,,,,,31.14,-3.97,24.83,-18.65,,,-5.17,-10.87,-1.07,-11.64,-15.53,-18.21,-18.51,-18.65,-15.79,-16.34,38.85,-10.87
로테이션 관문,미국 약세 로테이션,40,순수 대용판,2011-11-10,2026-09-24,12.21,-18.27,0.6686,0.0482,170,1.7923,,,,,29.68,-3.82,25.71,-18.08,,,-4.62,-10.03,-1.56,-11.33,-14.26,-16.8,-17.94,-18.08,-14.98,-15.51,35.91,-10.03
HAA 관문,HAA,10,관문 실물판,2015-11-09,2026-09-24,16.44,-25.79,0.6375,0.0239,238,1.4715,,,,,38.92,-4.78,19.87,-22.0,,,,,-2.47,-16.53,-22.22,-25.79,-21.46,-21.59,-19.15,-19.82,,
HAA 관문,HAA,15,관문 실물판,2015-11-09,2026-09-24,16.11,-24.33,0.6624,0.0435,233,1.7635,,,,,37.29,-4.55,20.59,-21.1,,,,,-2.06,-15.68,-20.79,-24.33,-20.99,-21.1,-18.14,-18.77,,
HAA 관문,HAA,20,관문 실물판,2015-11-09,2026-09-24,15.63,-23.72,0.6588,0.0394,227,2.0402,,,,,35.63,-4.35,21.49,-20.47,,,,,-1.89,-14.78,-20.08,-23.72,-20.39,-20.47,-17.56,-18.16,,
HAA 관문,HAA,25,관문 실물판,2015-11-09,2026-09-24,15.38,-22.78,0.6751,0.0516,232,2.34,,,,,33.98,-4.13,22.22,-19.98,,,,,-1.03,-13.71,-18.98,-22.78,-19.91,-19.98,-16.1,-16.62,,
HAA 관문,HAA,30,관문 실물판,2015-11-09,2026-09-24,15.0,-21.82,0.6873,0.0561,231,2.6259,,,,,32.36,-3.91,23.11,-19.48,,,,,-0.65,-13.44,-17.87,-21.82,-19.43,-19.48,-15.06,-15.54,,
HAA 관문,HAA,35,관문 실물판,2015-11-09,2026-09-24,14.65,-20.47,0.716,0.0906,232,2.926,,,,,30.75,-3.68,23.88,-18.87,,,,,-0.95,-13.2,-16.33,-20.47,-18.85,-18.87,-14.13,-14.58,,
HAA 관문,HAA,40,관문 실물판,2015-11-09,2026-09-24,14.3,-19.48,0.7341,0.1205,233,3.2329,,,,,29.15,-3.46,23.84,-18.66,,,,,-0.61,-12.96,-15.18,-19.48,-18.65,-18.66,-12.72,-13.1,,
HAA 관문,HAA,10,순수 대용판,2015-11-09,2026-09-24,16.49,-25.43,0.6485,0.0348,230,1.4604,,,,,38.94,-4.61,19.99,-21.73,,,,,-2.22,-16.53,-21.87,-25.43,-21.26,-21.38,-19.41,-20.08,,
HAA 관문,HAA,15,순수 대용판,2015-11-09,2026-09-24,16.03,-24.33,0.6592,0.0403,225,1.7191,,,,,37.27,-4.58,20.23,-21.04,,,,,-1.92,-15.63,-20.79,-24.33,-20.94,-21.04,-18.79,-19.44,,
HAA 관문,HAA,20,순수 대용판,2015-11-09,2026-09-24,15.57,-23.73,0.6562,0.0368,222,1.9836,,,,,35.62,-4.39,21.0,-20.39,,,,,-1.7,-14.72,-20.08,-23.73,-20.31,-20.39,-18.03,-18.62,,
HAA 관문,HAA,25,순수 대용판,2015-11-09,2026-09-24,15.24,-22.78,0.6688,0.0453,224,2.2561,,,,,33.96,-4.17,21.6,-19.87,,,,,-1.14,-13.73,-18.99,-22.78,-19.81,-19.87,-16.76,-17.31,,
HAA 관문,HAA,30,순수 대용판,2015-11-09,2026-09-24,14.87,-21.82,0.6814,0.0502,222,2.5354,,,,,32.36,-3.96,22.2,-19.35,,,,,-0.37,-13.41,-17.87,-21.82,-19.31,-19.35,-16.01,-16.54,,
HAA 관문,HAA,35,순수 대용판,2015-11-09,2026-09-24,14.53,-20.46,0.7101,0.0848,229,2.8157,,,,,30.74,-3.74,23.01,-18.72,,,,,-0.62,-13.17,-16.33,-20.46,-18.71,-18.72,-14.74,-15.21,,
HAA 관문,HAA,40,순수 대용판,2015-11-09,2026-09-24,14.15,-19.47,0.7264,0.1128,229,3.0943,,,,,29.14,-3.52,23.61,-18.2,,,,,-0.23,-12.92,-15.18,-19.47,-18.2,-18.2,-13.82,-14.25,,
HAA 관문,SHY(기준선),10,실물판,2015-11-09,2026-09-24,15.59,-25.4,0.6137,,104,0.8295,,,,,37.77,-4.76,17.34,-21.43,,,,,-2.51,-16.24,-22.01,-25.4,-20.11,-20.27,-20.01,-20.7,,
HAA 관문,SHY(기준선),15,실물판,2015-11-09,2026-09-24,14.85,-24.0,0.6189,,101,0.8079,,,,,35.5,-4.52,16.8,-20.28,,,,,-2.38,-15.51,-20.73,-24.0,-19.01,-19.17,-19.21,-19.88,,
HAA 관문,SHY(기준선),20,실물판,2015-11-09,2026-09-24,14.11,-22.79,0.6193,,100,0.7745,,,,,33.18,-4.28,16.24,-19.12,,,,,-1.84,-14.6,-19.66,-22.79,-17.9,-18.06,-18.42,-19.01,,
HAA 관문,SHY(기준선),25,실물판,2015-11-09,2026-09-24,13.37,-21.45,0.6235,,109,0.7542,,,,,31.03,-4.04,15.27,-18.03,,,,,-1.77,-13.67,-18.45,-21.45,-16.93,-17.08,-17.28,-17.84,,
HAA 관문,SHY(기준선),30,실물판,2015-11-09,2026-09-24,12.68,-20.09,0.6312,,107,0.7098,,,,,28.84,-3.8,15.23,-16.58,,,,,-1.49,-12.74,-17.23,-20.09,-15.47,-15.62,-16.3,-16.85,,
HAA 관문,SHY(기준선),35,실물판,2015-11-09,2026-09-24,11.97,-19.13,0.6254,,114,0.6855,,,,,26.68,-3.56,14.0,-15.65,,,,,-0.82,-11.65,-15.53,-18.21,-14.7,-14.84,-15.79,-16.34,,
HAA 관문,SHY(기준선),40,실물판,2015-11-09,2026-09-24,11.06,-18.02,0.6136,,115,0.6349,,,,,24.69,-3.25,13.35,-14.44,,,,,-1.46,-11.39,-14.26,-16.8,-13.56,-13.7,-14.98,-15.51,,
HAA VEA 쌍,HAA,10,VEA 만 실물,2008-07-25,2026-09-24,15.95,-25.44,0.6271,0.0096,384,1.4626,,,67.94,-18.07,38.9,-4.78,19.78,-21.79,0.25,-13.59,-7.16,-14.3,-2.38,-16.5,-21.87,-25.44,-21.29,-21.42,-19.41,-20.08,56.04,-14.3
HAA VEA 쌍,HAA,15,VEA 만 실물,2008-07-25,2026-09-24,15.55,-24.32,0.6393,0.0185,393,1.746,,,67.0,-17.56,37.27,-4.56,20.34,-21.09,0.43,-13.28,-6.56,-13.35,-1.93,-15.62,-20.79,-24.32,-20.99,-21.09,-18.53,-19.18,53.41,-13.35
HAA VEA 쌍,HAA,20,VEA 만 실물,2008-07-25,2026-09-24,15.08,-23.72,0.6359,0.0222,377,2.0324,,,65.97,-17.33,35.61,-4.36,21.16,-20.47,1.16,-12.73,-6.46,-12.94,-1.71,-14.71,-20.07,-23.72,-20.38,-20.47,-18.1,-18.7,49.77,-12.94
HAA VEA 쌍,HAA,25,VEA 만 실물,2008-07-25,2026-09-24,14.7,-22.25,0.6607,0.0447,383,2.3309,,,65.04,-17.03,33.99,-4.15,21.8,-19.97,1.3,-12.59,-6.35,-12.48,-1.16,-13.72,-18.39,-22.25,-19.9,-19.97,-17.21,-17.79,46.32,-12.48
HAA VEA 쌍,HAA,30,VEA 만 실물,2008-07-25,2026-09-24,14.23,-21.25,0.6698,0.0459,373,2.6446,,,64.1,-16.74,32.52,-3.77,22.61,-19.47,1.44,-12.44,-6.71,-12.66,-0.76,-13.38,-17.22,-21.25,-19.42,-19.47,-16.27,-16.79,42.5,-12.66
HAA VEA 쌍,HAA,35,VEA 만 실물,2008-07-25,2026-09-24,13.81,-20.23,0.6825,0.0677,385,2.9404,,,63.16,-16.43,30.96,-3.45,22.52,-19.14,1.58,-12.3,-6.02,-11.63,-0.3,-13.25,-16.05,-20.23,-19.11,-19.14,-15.36,-15.84,39.77,-11.63
HAA VEA 쌍,HAA,40,VEA 만 실물,2008-07-25,2026-09-24,13.29,-19.85,0.6695,0.0609,384,3.2215,,,62.21,-16.13,29.36,-3.23,23.94,-18.35,1.72,-12.15,-5.96,-11.28,0.22,-13.01,-15.59,-19.85,-18.35,-18.35,-14.12,-14.56,36.39,-11.28
HAA VEA 쌍,HAA,10,순수 대용판,2008-07-25,2026-09-24,15.97,-25.44,0.6277,0.0103,380,1.4377,,,67.9,-18.08,38.9,-4.79,19.99,-21.72,0.25,-13.59,-7.16,-14.3,-2.37,-16.5,-21.87,-25.44,-21.26,-21.38,-19.41,-20.08,56.11,-14.3
HAA VEA 쌍,HAA,15,순수 대용판,2008-07-25,2026-09-24,15.53,-24.32,0.6386,0.0177,388,1.7093,,,66.84,-17.56,37.26,-4.57,20.23,-21.04,0.44,-13.27,-6.55,-13.34,-1.92,-15.62,-20.79,-24.32,-20.93,-21.04,-18.79,-19.43,53.5,-13.34
HAA VEA 쌍,HAA,20,순수 대용판,2008-07-25,2026-09-24,15.09,-23.72,0.6361,0.0224,372,1.9841,,,65.9,-17.33,35.61,-4.39,21.0,-20.39,1.16,-12.73,-6.46,-12.93,-1.7,-14.71,-20.08,-23.72,-20.31,-20.39,-18.03,-18.62,49.89,-12.93
HAA VEA 쌍,HAA,25,순수 대용판,2008-07-25,2026-09-24,14.66,-22.4,0.6544,0.0384,370,2.279,,,64.94,-17.04,34.07,-4.14,21.6,-19.87,1.3,-12.59,-7.02,-13.12,-1.4,-14.06,-18.58,-22.4,-19.81,-19.87,-16.94,-17.51,45.66,-13.12
HAA VEA 쌍,HAA,30,순수 대용판,2008-07-25,2026-09-24,14.22,-21.25,0.6692,0.0453,369,2.5741,,,63.99,-16.74,32.5,-3.81,22.2,-19.35,1.44,-12.45,-6.7,-12.65,-0.74,-13.36,-17.22,-21.25,-19.31,-19.35,-16.26,-16.8,42.69,-12.65
HAA VEA 쌍,HAA,35,순수 대용판,2008-07-25,2026-09-24,13.83,-20.23,0.6835,0.0687,377,2.8566,,,63.02,-16.44,30.89,-3.59,23.01,-18.72,1.58,-12.3,-6.0,-11.61,-0.33,-13.11,-16.05,-20.23,-18.71,-18.72,-15.3,-15.78,39.99,-11.61
HAA VEA 쌍,HAA,40,순수 대용판,2008-07-25,2026-09-24,13.3,-19.86,0.6696,0.0609,377,3.129,,,62.06,-16.13,29.33,-3.28,23.61,-18.2,1.72,-12.16,-5.93,-11.26,0.25,-13.0,-15.59,-19.86,-18.2,-18.2,-14.11,-14.54,36.63,-11.26
HAA VEA 쌍,SHY(기준선),10,실물판,2008-07-25,2026-09-24,15.45,-25.02,0.6174,,166,0.7995,,,62.71,-17.27,37.76,-4.53,17.34,-21.43,0.85,-12.29,-6.47,-14.15,-2.71,-16.45,-21.65,-25.02,-20.11,-20.27,-20.01,-20.7,56.6,-14.15
HAA VEA 쌍,SHY(기준선),15,실물판,2008-07-25,2026-09-24,14.72,-23.71,0.6209,,166,0.7732,,,59.09,-16.32,35.49,-4.29,16.8,-20.28,0.95,-11.59,-6.08,-13.41,-2.4,-15.54,-20.45,-23.69,-19.01,-19.17,-19.21,-19.88,53.11,-13.41
HAA VEA 쌍,SHY(기준선),20,실물판,2008-07-25,2026-09-24,13.95,-22.73,0.6137,,167,0.7406,,,55.51,-15.35,33.25,-4.05,16.24,-19.12,0.79,-11.16,-5.7,-12.66,-2.09,-14.63,-19.24,-22.35,-17.9,-18.06,-18.42,-19.01,49.68,-12.66
HAA VEA 쌍,SHY(기준선),25,실물판,2008-07-25,2026-09-24,13.21,-21.45,0.616,,171,0.715,,,51.97,-14.38,31.06,-4.04,15.27,-18.03,0.84,-10.5,-5.08,-11.77,-1.77,-13.67,-18.45,-21.45,-16.93,-17.08,-17.28,-17.84,46.7,-11.77
HAA VEA 쌍,SHY(기준선),30,실물판,2008-07-25,2026-09-24,12.53,-20.09,0.6239,,170,0.6732,,,48.46,-13.4,28.87,-3.71,15.23,-16.58,0.88,-9.84,-4.67,-10.99,-1.18,-12.74,-17.23,-20.09,-15.47,-15.62,-16.3,-16.85,43.39,-10.99
HAA VEA 쌍,SHY(기준선),35,실물판,2008-07-25,2026-09-24,11.74,-19.09,0.6148,,168,0.6378,,,45.08,-12.37,26.69,-3.48,14.64,-15.34,0.92,-9.18,-4.54,-10.38,-1.14,-11.81,-16.05,-18.79,-14.3,-14.44,-15.71,-16.24,39.9,-10.38
HAA VEA 쌍,SHY(기준선),40,실물판,2008-07-25,2026-09-24,10.9,-17.9,0.6087,,179,0.5936,,,41.97,-11.42,24.65,-3.31,13.23,-14.84,0.58,-8.81,-4.37,-10.03,-0.52,-10.7,-14.73,-17.3,-13.93,-14.08,-14.87,-15.37,36.13,-10.03
HAA BIL 쌍,HAA,10,BIL 만 실물,2008-05-29,2026-09-24,15.89,-25.44,0.6247,0.0249,386,1.421,,,67.88,-18.08,38.9,-4.79,20.0,-21.92,0.25,-13.59,-7.16,-14.31,-2.47,-16.54,-21.87,-25.44,-21.42,-21.55,-19.13,-19.8,56.0,-14.31
HAA BIL 쌍,HAA,15,BIL 만 실물,2008-05-29,2026-09-24,15.42,-24.32,0.634,0.0167,383,1.7015,,,66.83,-17.56,37.26,-4.57,20.38,-21.04,0.44,-13.27,-7.12,-13.92,-2.06,-15.68,-20.79,-24.32,-20.94,-21.04,-18.38,-19.0,52.3,-13.92
HAA BIL 쌍,HAA,20,BIL 만 실물,2008-05-29,2026-09-24,15.04,-23.72,0.6341,0.0239,374,1.9739,,,65.88,-17.33,35.62,-4.38,21.21,-20.39,1.16,-12.73,-6.47,-12.94,-1.88,-14.79,-20.08,-23.72,-20.31,-20.39,-17.48,-18.04,49.69,-12.94
HAA BIL 쌍,HAA,25,BIL 만 실물,2008-05-29,2026-09-24,14.65,-22.4,0.6537,0.0411,373,2.2689,,,64.93,-17.04,34.08,-4.13,21.86,-19.87,1.3,-12.59,-7.04,-13.14,-1.64,-14.16,-18.58,-22.4,-19.81,-19.87,-16.24,-16.78,45.4,-13.14
HAA BIL 쌍,HAA,30,BIL 만 실물,2008-05-29,2026-09-24,14.2,-21.25,0.6681,0.0476,370,2.5568,,,63.97,-16.74,32.51,-3.8,22.51,-19.35,1.44,-12.45,-6.72,-12.67,-1.04,-13.36,-17.22,-21.25,-19.31,-19.35,-15.43,-15.92,42.38,-12.67
HAA BIL 쌍,HAA,35,BIL 만 실물,2008-05-29,2026-09-24,13.82,-20.23,0.683,0.0714,379,2.836,,,63.0,-16.43,30.89,-3.58,23.38,-18.72,1.58,-12.3,-6.02,-11.63,-0.68,-13.11,-16.05,-20.23,-18.71,-18.72,-14.34,-14.79,39.66,-11.63
HAA BIL 쌍,HAA,40,BIL 만 실물,2008-05-29,2026-09-24,13.32,-19.86,0.6709,0.0653,377,3.1268,,,62.03,-16.13,29.34,-3.27,23.34,-18.5,1.72,-12.16,-5.96,-11.28,-0.14,-13.0,-15.59,-19.86,-18.5,-18.5,-12.98,-13.38,36.25,-11.28
HAA BIL 쌍,HAA,10,순수 대용판,2008-05-29,2026-09-24,15.92,-25.44,0.6259,0.026,387,1.4359,,,67.76,-18.15,38.9,-4.79,19.98,-21.72,0.89,-13.13,-6.66,-13.78,-2.37,-16.5,-21.87,-25.44,-21.26,-21.38,-19.41,-20.08,56.94,-13.78
HAA BIL 쌍,HAA,15,순수 대용판,2008-05-29,2026-09-24,15.38,-24.32,0.6322,0.015,380,1.7065,,,66.75,-17.62,37.26,-4.58,20.23,-21.04,1.03,-12.86,-6.55,-13.34,-1.92,-15.62,-20.79,-24.32,-20.94,-21.04,-18.79,-19.44,53.34,-13.34
HAA BIL 쌍,HAA,20,순수 대용판,2008-05-29,2026-09-24,14.88,-23.72,0.6271,0.0169,377,1.9904,,,66.1,-17.3,35.62,-4.36,21.0,-20.39,1.18,-12.72,-7.07,-13.52,-1.22,-14.5,-20.08,-23.72,-20.31,-20.39,-18.03,-18.62,49.0,-13.52
HAA BIL 쌍,HAA,25,순수 대용판,2008-05-29,2026-09-24,14.42,-22.4,0.6435,0.0309,379,2.2801,,,65.11,-17.0,34.08,-4.14,21.6,-19.87,1.32,-12.57,-7.02,-13.12,-1.4,-14.06,-18.59,-22.4,-19.81,-19.87,-16.94,-17.51,45.45,-13.12
HAA BIL 쌍,HAA,30,순수 대용판,2008-05-29,2026-09-24,13.98,-21.25,0.658,0.0375,374,2.5639,,,64.13,-16.63,32.47,-3.92,22.2,-19.35,1.49,-12.4,-6.98,-12.72,-1.0,-13.36,-17.22,-21.25,-19.31,-19.35,-16.26,-16.79,42.51,-12.72
HAA BIL 쌍,HAA,35,순수 대용판,2008-05-29,2026-09-24,13.55,-20.23,0.6696,0.058,377,2.8547,,,62.84,-16.51,30.98,-3.64,23.01,-18.72,1.54,-12.34,-6.62,-12.24,-0.32,-13.11,-16.05,-20.23,-18.71,-18.72,-15.3,-15.78,39.36,-12.24
HAA BIL 쌍,HAA,40,순수 대용판,2008-05-29,2026-09-24,13.04,-19.86,0.6566,0.0511,381,3.1271,,,61.86,-16.21,29.33,-3.28,23.61,-18.2,1.68,-12.2,-6.29,-11.55,0.25,-13.0,-15.59,-19.86,-18.2,-18.2,-14.11,-14.54,36.49,-11.55
HAA BIL 쌍,SHY(기준선),10,실물판,2008-05-29,2026-09-24,15.24,-25.4,0.5999,,171,0.7922,,,62.16,-17.33,37.75,-4.76,17.34,-21.43,0.17,-12.85,-6.34,-14.08,-2.51,-16.24,-22.01,-25.4,-20.11,-20.27,-20.01,-20.7,56.84,-14.08
HAA BIL 쌍,SHY(기준선),15,실물판,2008-05-29,2026-09-24,14.64,-23.71,0.6173,,166,0.7717,,,59.1,-16.32,35.49,-4.29,16.8,-20.28,0.95,-11.59,-6.08,-13.41,-2.4,-15.54,-20.45,-23.69,-19.01,-19.17,-19.21,-19.88,53.11,-13.41
HAA BIL 쌍,SHY(기준선),20,실물판,2008-05-29,2026-09-24,13.87,-22.73,0.6102,,167,0.7391,,,55.52,-15.35,33.25,-4.05,16.24,-19.12,0.79,-11.15,-5.7,-12.66,-2.09,-14.63,-19.24,-22.35,-17.9,-18.06,-18.42,-19.01,49.68,-12.66
HAA BIL 쌍,SHY(기준선),25,실물판,2008-05-29,2026-09-24,13.14,-21.45,0.6126,,171,0.7133,,,51.98,-14.38,31.06,-4.04,15.27,-18.03,0.84,-10.5,-5.08,-11.77,-1.77,-13.67,-18.45,-21.45,-16.93,-17.08,-17.28,-17.84,46.7,-11.77
HAA BIL 쌍,SHY(기준선),30,실물판,2008-05-29,2026-09-24,12.46,-20.09,0.6205,,170,0.6715,,,48.48,-13.4,28.87,-3.71,15.23,-16.58,0.88,-9.84,-4.67,-10.99,-1.18,-12.74,-17.23,-20.09,-15.47,-15.62,-16.3,-16.85,43.39,-10.99
HAA BIL 쌍,SHY(기준선),35,실물판,2008-05-29,2026-09-24,11.68,-19.09,0.6116,,168,0.6361,,,45.1,-12.37,26.69,-3.48,14.64,-15.34,0.92,-9.18,-4.54,-10.38,-1.14,-11.81,-16.05,-18.79,-14.3,-14.44,-15.71,-16.24,39.9,-10.38
HAA BIL 쌍,SHY(기준선),40,실물판,2008-05-29,2026-09-24,10.84,-17.9,0.6056,,179,0.5918,,,41.99,-11.42,24.65,-3.31,13.23,-14.84,0.58,-8.81,-4.37,-10.03,-0.52,-10.7,-14.73,-17.3,-13.93,-14.08,-14.87,-15.37,36.13,-10.03
HAA PDBC 쌍,HAA,10,PDBC 만 실물,2015-11-09,2026-09-24,16.47,-25.43,0.6477,0.034,230,1.4644,,,,,38.94,-4.61,19.89,-21.84,,,,,-2.22,-16.52,-21.88,-25.43,-21.36,-21.49,-19.42,-20.1,,
HAA PDBC 쌍,HAA,15,PDBC 만 실물,2015-11-09,2026-09-24,16.08,-24.33,0.6612,0.0423,232,1.7314,,,,,37.28,-4.58,20.64,-21.19,,,,,-1.91,-15.62,-20.79,-24.33,-21.09,-21.19,-18.55,-19.19,,
HAA PDBC 쌍,HAA,20,PDBC 만 실물,2015-11-09,2026-09-24,15.53,-23.73,0.6543,0.035,220,1.9866,,,,,35.62,-4.39,20.82,-20.6,,,,,-1.69,-14.7,-20.08,-23.73,-20.52,-20.6,-18.07,-18.68,,
HAA PDBC 쌍,HAA,25,PDBC 만 실물,2015-11-09,2026-09-24,15.19,-22.78,0.6666,0.0431,224,2.2651,,,,,33.96,-4.17,21.37,-20.13,,,,,-1.13,-13.71,-18.99,-22.78,-20.07,-20.13,-16.79,-17.34,,
HAA PDBC 쌍,HAA,30,PDBC 만 실물,2015-11-09,2026-09-24,14.91,-21.82,0.683,0.0518,232,2.5607,,,,,32.36,-3.96,22.8,-19.67,,,,,-0.35,-13.43,-17.87,-21.82,-19.63,-19.67,-15.92,-16.44,,
HAA PDBC 쌍,HAA,35,PDBC 만 실물,2015-11-09,2026-09-24,14.46,-20.46,0.7065,0.0812,228,2.826,,,,,30.75,-3.74,22.68,-19.1,,,,,-0.6,-13.18,-16.33,-20.46,-19.09,-19.1,-14.78,-15.25,,
HAA PDBC 쌍,HAA,40,PDBC 만 실물,2015-11-09,2026-09-24,14.06,-19.47,0.7221,0.1085,229,3.1055,,,,,29.14,-3.52,23.24,-18.63,,,,,-0.21,-12.94,-15.18,-19.47,-18.63,-18.63,-13.86,-14.29,,
