후보,판정 기준,w(%),주 비교 우위,보조 우위,판정에 센 높음,경계(우위 0 근처),판정,고원 구간
금,주 비교 + 보조,10,0.0314,0.0001,예,,통과,10-25%
금,주 비교 + 보조,15,0.0275,0.0015,예,,통과,10-25%
금,주 비교 + 보조,20,0.0434,0.0066,예,,통과,10-25%
금,주 비교 + 보조,25,0.0549,0.0038,예,,통과,10-25%
금,주 비교 + 보조,30,0.0577,-0.0057,아니오,,통과,10-25%
금,주 비교 + 보조,35,0.0937,0.0247,예,,통과,10-25%
금,주 비교 + 보조,40,0.1195,0.0346,예,,통과,10-25%
HAA,주 비교 + 보조,10,0.0183,0.0142,예,,통과,10-40%
HAA,주 비교 + 보조,15,0.0223,0.0214,예,,통과,10-40%
HAA,주 비교 + 보조,20,0.0233,0.0247,예,,통과,10-40%
HAA,주 비교 + 보조,25,0.0476,0.043,예,,통과,10-40%
HAA,주 비교 + 보조,30,0.0436,0.051,예,,통과,10-40%
HAA,주 비교 + 보조,35,0.0693,0.0765,예,,통과,10-40%
HAA,주 비교 + 보조,40,0.0694,0.0796,예,,통과,10-40%
HAA,보조만 (대용 탈락 시 · 금융위기 미검증),10,,0.0142,예,,통과,10-40%
HAA,보조만 (대용 탈락 시 · 금융위기 미검증),15,,0.0214,예,,통과,10-40%
HAA,보조만 (대용 탈락 시 · 금융위기 미검증),20,,0.0247,예,,통과,10-40%
HAA,보조만 (대용 탈락 시 · 금융위기 미검증),25,,0.043,예,,통과,10-40%
HAA,보조만 (대용 탈락 시 · 금융위기 미검증),30,,0.051,예,,통과,10-40%
HAA,보조만 (대용 탈락 시 · 금융위기 미검증),35,,0.0765,예,,통과,10-40%
HAA,보조만 (대용 탈락 시 · 금융위기 미검증),40,,0.0796,예,,통과,10-40%
미국 약세 로테이션,주 비교 + 보조,10,0.0248,0.0134,예,,통과,10-40%
미국 약세 로테이션,주 비교 + 보조,15,0.0191,0.0166,예,,통과,10-40%
미국 약세 로테이션,주 비교 + 보조,20,0.0368,0.0298,예,,통과,10-40%
미국 약세 로테이션,주 비교 + 보조,25,0.0373,0.0414,예,,통과,10-40%
미국 약세 로테이션,주 비교 + 보조,30,0.0636,0.0713,예,,통과,10-40%
미국 약세 로테이션,주 비교 + 보조,35,0.0663,0.0934,예,,통과,10-40%
미국 약세 로테이션,주 비교 + 보조,40,0.0641,0.0711,예,,통과,10-40%
미국 약세 로테이션,보조만 (대용 탈락 시 · 금융위기 미검증),10,,0.0134,예,,통과,10-40%
미국 약세 로테이션,보조만 (대용 탈락 시 · 금융위기 미검증),15,,0.0166,예,,통과,10-40%
미국 약세 로테이션,보조만 (대용 탈락 시 · 금융위기 미검증),20,,0.0298,예,,통과,10-40%
미국 약세 로테이션,보조만 (대용 탈락 시 · 금융위기 미검증),25,,0.0414,예,,통과,10-40%
미국 약세 로테이션,보조만 (대용 탈락 시 · 금융위기 미검증),30,,0.0713,예,,통과,10-40%
미국 약세 로테이션,보조만 (대용 탈락 시 · 금융위기 미검증),35,,0.0934,예,,통과,10-40%
미국 약세 로테이션,보조만 (대용 탈락 시 · 금융위기 미검증),40,,0.0711,예,,통과,10-40%
EWY 200일선,주 비교 + 보조,10,0.0012,-0.0088,아니오,,탈락,
EWY 200일선,주 비교 + 보조,15,-0.0119,-0.0066,아니오,,탈락,
EWY 200일선,주 비교 + 보조,20,-0.0087,0.0015,아니오,,탈락,
EWY 200일선,주 비교 + 보조,25,0.0048,0.0147,예,,탈락,
EWY 200일선,주 비교 + 보조,30,-0.0112,0.0001,아니오,,탈락,
EWY 200일선,주 비교 + 보조,35,-0.0028,0.0122,아니오,,탈락,
EWY 200일선,주 비교 + 보조,40,0.0042,0.0164,예,,탈락,
