a,b,rmse_pct
-6.1,0.37,1.0434
-6.15,0.39,1.0458
-6.05,0.35,1.0619
-6.2,0.41,1.0671
-6.1,0.39,1.0703
-6.15,0.41,1.0762
-6.05,0.37,1.0886
-6.1,0.35,1.094
-6.15,0.37,1.0988
-6.0,0.33,1.1024
-6.2,0.43,1.1047
-6.25,0.43,1.1051
-6.05,0.33,1.1061
-6.2,0.39,1.1183
-6.0,0.35,1.132
-6.0,0.35,1.132
-6.0,0.31,1.1369
-6.25,0.41,1.1502
-6.25,0.45,1.1535
-6.25,0.45,1.1535
-6.3,0.45,1.1576
-5.95,0.31,1.1653
-6.0,0.3,1.1723
-5.95,0.29,1.1877
-6.1,0.41,1.1893
-6.3,0.43,1.1928
-6.1,0.33,1.1965
-6.25,0.4,1.1989
-6.05,0.31,1.1989
-6.05,0.39,1.1997
-5.95,0.33,1.1998
-6.15,0.43,1.2052
-6.15,0.35,1.2074
-6.0,0.29,1.2167
-6.3,0.47,1.22
-6.35,0.47,1.2225
-6.2,0.37,1.2291
-6.0,0.37,1.2372
-6.35,0.45,1.2442
-6.2,0.45,1.2458
-5.9,0.29,1.25
-5.95,0.27,1.2521
-5.9,0.27,1.2592
-6.25,0.39,1.2596
-5.9,0.31,1.2909
-6.3,0.41,1.2971
-6.4,0.49,1.2984
-5.95,0.35,1.3011
-6.35,0.49,1.3018
-6.4,0.47,1.3035
-5.9,0.25,1.3068
-6.25,0.47,1.3086
-6.05,0.29,1.3193
-6.0,0.27,1.3238
-6.1,0.31,1.3275
-6.35,0.43,1.3402
-5.95,0.25,1.3435
-6.15,0.33,1.3458
-5.85,0.25,1.3513
-5.85,0.27,1.3557
-6.45,0.49,1.3699
-6.2,0.35,1.3721
-5.9,0.23,1.3808
-5.85,0.23,1.3818
-6.45,0.51,1.3842
-6.4,0.45,1.3881
-5.9,0.33,1.39
-6.3,0.49,1.391
-6.05,0.41,1.3942
-6.4,0.51,1.3971
-6.1,0.43,1.3977
-5.85,0.29,1.4038
-6.25,0.37,1.4042
-6.0,0.39,1.4186
-6.15,0.45,1.4282
-5.85,0.21,1.4374
-6.45,0.47,1.4401
-6.3,0.39,1.4406
-6.5,0.51,1.443
-6.0,0.25,1.4448
-6.0,0.25,1.4448
-5.95,0.23,1.45
-6.05,0.27,1.4527
-6.5,0.5,1.46
-5.8,0.23,1.4638
-5.9,0.21,1.4708
-5.95,0.37,1.4708
-6.1,0.29,1.4709
-5.8,0.21,1.4774
-6.5,0.53,1.4793
-6.35,0.41,1.4801
-5.8,0.25,1.4812
-6.2,0.47,1.484
-6.35,0.51,1.4906
-6.5,0.49,1.4961
-6.15,0.31,1.497
-5.85,0.31,1.5021
-6.45,0.53,1.5046
-5.85,0.19,1.5098
-5.8,0.19,1.5148
-6.4,0.43,1.5218
-6.55,0.53,1.5228
-6.2,0.33,1.5287
-6.0,0.4,1.5359
-5.8,0.27,1.5367
-5.9,0.35,1.5497
-6.55,0.51,1.5562
-6.25,0.49,1.5627
-5.95,0.21,1.5634
-6.25,0.35,1.5642
-6.25,0.35,1.5642
-6.45,0.45,1.5653
-5.8,0.17,1.569
-5.9,0.19,1.5695
-6.0,0.23,1.5712
-6.55,0.55,1.5834
-6.05,0.25,1.5901
-5.75,0.2,1.5917
-5.85,0.17,1.5923
-5.75,0.19,1.5937
-5.75,0.21,1.5959
-6.3,0.37,1.602
-6.4,0.53,1.6056
-6.6,0.55,1.6096
-6.5,0.47,1.6104
-5.75,0.17,1.6135
-6.1,0.27,1.6174
-6.6,0.53,1.6206
-6.5,0.55,1.6233
-6.5,0.55,1.6233
-5.75,0.23,1.6256
-5.8,0.15,1.6344
-5.8,0.29,1.6353
-6.35,0.39,1.6412
-5.75,0.15,1.6497
-5.75,0.15,1.6497
-6.15,0.29,1.6508
-5.85,0.33,1.6535
-6.55,0.49,1.657
-6.3,0.51,1.662
-6.05,0.43,1.6625
-6.0,0.41,1.6696
-5.9,0.17,1.6717
-5.95,0.19,1.6785
-5.85,0.15,1.6801
-6.4,0.41,1.6808
-6.1,0.45,1.6836
-6.2,0.31,1.6881
-5.75,0.25,1.6882
-5.75,0.25,1.6882
-6.65,0.55,1.6901
-6.6,0.57,1.6966
-6.0,0.21,1.6976
-5.75,0.13,1.6978
-6.65,0.57,1.7039
-5.95,0.39,1.7049
-6.6,0.51,1.7056
-5.8,0.13,1.7066
-6.45,0.43,1.7204
-6.25,0.5,1.7221
-6.05,0.23,1.7262
-6.25,0.33,1.7279
-5.7,0.17,1.7304
-6.15,0.47,1.7315
-5.7,0.15,1.7338
-6.45,0.55,1.7344
-5.7,0.19,1.747
-5.7,0.13,1.7528
-6.55,0.57,1.7529
-5.75,0.11,1.7538
-6.65,0.53,1.7565
-6.5,0.45,1.7597
-6.5,0.45,1.7597
-6.0,0.2,1.7598
-6.1,0.25,1.7616
-6.7,0.57,1.7653
-5.9,0.37,1.7681
-6.3,0.35,1.7686
-5.85,0.13,1.7699
-5.9,0.15,1.7741
-6.35,0.53,1.7796
-5.8,0.31,1.7802
-5.8,0.11,1.7825
-5.75,0.1,1.7838
-5.7,0.11,1.7838
-5.7,0.21,1.7879
-5.75,0.27,1.7879
-5.95,0.17,1.7922
-6.55,0.47,1.7987
-6.15,0.27,1.8017
-6.2,0.49,1.8046
-6.7,0.59,1.8062
-6.35,0.37,1.8094
-6.7,0.55,1.8105
-5.75,0.09,1.8147
-6.65,0.59,1.8193
-6.0,0.19,1.8211
-5.7,0.09,1.8234
-6.6,0.49,1.8375
-6.2,0.29,1.8447
-6.75,0.59,1.8471
-6.4,0.39,1.8494
-5.7,0.23,1.8573
-5.85,0.35,1.8578
-6.05,0.21,1.8581
-5.85,0.11,1.8593
-5.8,0.09,1.8595
-6.75,0.57,1.8685
-5.7,0.07,1.8691
-6.75,0.6,1.8696
-5.9,0.13,1.8747
-5.65,0.13,1.8754
-6.5,0.57,1.8761
-6.65,0.51,1.8766
-5.75,0.07,1.8784
-5.65,0.11,1.8785
-5.65,0.15,1.887
-6.45,0.41,1.8882
-6.25,0.31,1.8889
-5.65,0.09,1.8933
-6.6,0.59,1.8934
-6.25,0.51,1.9007
-6.1,0.23,1.9008
-5.95,0.15,1.9026
-6.4,0.55,1.9138
-6.7,0.53,1.9163
-5.65,0.17,1.9165
-5.65,0.07,1.917
-6.75,0.61,1.9175
-5.7,0.05,1.9187
-6.5,0.43,1.9254
-5.75,0.29,1.9279
-6.3,0.33,1.9332
-5.8,0.07,1.9363
-6.0,0.17,1.94
-5.75,0.05,1.9432
-5.75,0.05,1.9432
-5.85,0.09,1.947
-6.15,0.25,1.9471
-5.65,0.05,1.9474
-6.7,0.61,1.9518
-6.75,0.55,1.9575
-6.75,0.55,1.9575
-5.7,0.25,1.9587
-6.55,0.45,1.961
-6.25,0.3,1.9673
-5.65,0.19,1.9674
-5.9,0.11,1.9721
-5.8,0.33,1.9723
-6.35,0.35,1.9767
-6.0,0.43,1.9822
-6.05,0.19,1.9844
-6.6,0.47,1.9949
-6.05,0.45,1.9951
-6.2,0.27,1.9953
-5.95,0.41,1.9978
-5.95,0.13,2.0086
-5.8,0.05,2.0117
-5.75,0.3,2.0136
-6.3,0.53,2.0178
-6.4,0.37,2.0186
-5.6,0.07,2.0264
-5.6,0.09,2.0266
-6.65,0.49,2.0275
-6.55,0.59,2.0304
-5.85,0.07,2.0321
-6.1,0.21,2.0335
-5.6,0.05,2.035
-6.1,0.47,2.0358
-5.6,0.11,2.038
-5.9,0.39,2.0418
-5.65,0.21,2.0431
-6.25,0.29,2.044
-6.65,0.61,2.0447
-6.0,0.15,2.0535
-6.0,0.15,2.0535
-6.45,0.39,2.0584
-6.7,0.51,2.0589
-5.6,0.13,2.0628
-6.45,0.57,2.0634
-5.9,0.09,2.0658
-6.15,0.23,2.0854
-6.75,0.53,2.0898
-6.3,0.31,2.0921
-6.75,0.63,2.0949
-5.7,0.27,2.0952
-6.5,0.41,2.0959
-5.75,0.0,2.103
-6.15,0.49,2.1031
-5.6,0.15,2.1038
-6.05,0.17,2.1044
-5.95,0.11,2.1097
-5.75,0.31,2.1099
-5.85,0.37,2.1135
-5.85,0.05,2.1141
-6.55,0.43,2.1308
-6.2,0.25,2.1385
-6.35,0.33,2.1388
-5.65,0.23,2.1466
-6.35,0.55,2.1542
-5.9,0.07,2.1552
-6.1,0.19,2.1592
-6.0,0.13,2.1612
-6.6,0.45,2.1632
-5.6,0.17,2.1637
-6.5,0.4,2.1807
-5.55,0.05,2.183
-6.4,0.35,2.1834
-6.25,0.27,2.1915
-6.65,0.47,2.193
-6.2,0.51,2.1952
-5.55,0.07,2.1968
-6.6,0.61,2.197
-5.95,0.09,2.2057
-6.7,0.63,2.2075
-5.8,0.35,2.2117
-6.15,0.21,2.2161
-6.05,0.15,2.2178
-7.0,0.65,2.2192
-6.7,0.49,2.2204
-5.55,0.09,2.221
-6.45,0.37,2.2254
-6.5,0.59,2.2275
-5.9,0.05,2.2404
-6.3,0.29,2.2435
-5.6,0.19,2.2452
-6.75,0.51,2.2459
-5.55,0.11,2.2576
-6.0,0.11,2.263
-6.5,0.39,2.2645
-5.7,0.29,2.2689
-6.2,0.23,2.2737
-6.1,0.17,2.2777
-5.65,0.25,2.2808
-6.35,0.31,2.2936
-5.95,0.07,2.2967
-6.55,0.41,2.3005
-6.4,0.57,2.3083
-5.55,0.13,2.3087
-6.25,0.53,2.3104
-6.0,0.1,2.3117
-6.05,0.13,2.3247
-6.75,0.5,2.3285
-6.25,0.25,2.3308
-6.25,0.25,2.3308
-6.6,0.43,2.3332
-5.75,0.33,2.3348
-5.5,0.0,2.3386
-6.15,0.19,2.3391
-6.4,0.33,2.3412
-5.95,0.43,2.3452
-5.6,0.21,2.3511
-6.0,0.45,2.3513
-6.0,0.45,2.3513
-6.0,0.09,2.359
-6.65,0.45,2.3627
-5.9,0.41,2.3678
-6.65,0.63,2.3761
-5.55,0.15,2.3765
-6.75,0.65,2.3821
-6.75,0.65,2.3821
-5.95,0.05,2.3826
-6.05,0.47,2.3857
-6.45,0.35,2.386
-6.3,0.27,2.3865
-5.5,0.05,2.3885
-5.5,0.05,2.3885
-6.1,0.15,2.3891
-6.7,0.47,2.3891
-6.2,0.21,2.4008
-6.55,0.61,2.4057
-6.75,0.49,2.4125
-5.85,0.39,2.4189
-5.5,0.07,2.4241
-6.05,0.11,2.4252
-7.0,0.6,2.4266
-6.5,0.37,2.4274
-6.5,0.6,2.4364
-6.35,0.29,2.44
-6.3,0.55,2.447
-6.1,0.49,2.4477
-5.65,0.27,2.4478
-6.0,0.07,2.4495
-6.15,0.17,2.4546
-6.25,0.23,2.4617
-5.55,0.17,2.4634
-6.55,0.39,2.4654
-5.5,0.09,2.471
-6.45,0.59,2.4791
-5.7,0.31,2.4814
-5.6,0.23,2.4838
-6.4,0.31,2.4908
-6.1,0.13,2.4936
-5.8,0.37,2.4978
-5.5,0.1,2.4992
-6.6,0.41,2.4998
-7.0,0.7,2.5009
-6.05,0.09,2.5197
-6.2,0.19,2.52
-6.3,0.25,2.5208
-6.65,0.43,2.5305
-5.5,0.11,2.5309
-6.0,0.05,2.5346
-6.0,0.05,2.5346
-6.15,0.51,2.5359
-6.45,0.33,2.5385
-6.7,0.45,2.5576
-7.25,0.7,2.5616
-6.15,0.15,2.5628
-6.7,0.65,2.568
-5.55,0.19,2.5716
-6.35,0.27,2.5777
-6.75,0.47,2.5811
-6.5,0.35,2.5827
-6.5,0.35,2.5827
-6.25,0.21,2.5843
-6.1,0.11,2.5916
-6.6,0.63,2.5979
-5.75,0.35,2.6033
-5.75,0.35,2.6033
-6.35,0.57,2.6037
-5.5,0.13,2.6058
-6.05,0.07,2.6084
-6.55,0.37,2.6233
-6.2,0.17,2.6315
-6.4,0.29,2.6317
-6.25,0.2,2.6426
-5.6,0.25,2.6457
-6.3,0.23,2.6468
-5.45,0.05,2.6468
-6.2,0.53,2.6488
-5.65,0.29,2.6499
-6.6,0.39,2.66
-6.15,0.13,2.6641
-6.5,0.61,2.666
-6.45,0.31,2.6824
-6.1,0.09,2.6836
-6.05,0.05,2.6917
-7.25,0.75,2.6919
-6.65,0.41,2.6928
-5.5,0.15,2.6976
-5.5,0.15,2.6976
-6.25,0.19,2.699
-5.45,0.07,2.7028
-5.55,0.21,2.7036
-6.35,0.25,2.7067
-6.7,0.43,2.7217
-6.0,0.0,2.7264
-6.5,0.33,2.7295
-5.7,0.33,2.734
-6.2,0.15,2.7359
-5.9,0.43,2.7445
-5.95,0.45,2.7449
-6.75,0.45,2.7466
-6.75,0.45,2.7466
-6.15,0.11,2.759
-6.4,0.27,2.7638
-6.3,0.21,2.7645
-6.1,0.07,2.7698
-5.45,0.09,2.7705
-6.55,0.35,2.7729
-5.85,0.41,2.7732
-6.0,0.47,2.774
-6.4,0.59,2.7792
-6.25,0.55,2.7851
-6.25,0.55,2.7851
-6.65,0.65,2.8041
-6.25,0.17,2.8063
-5.5,0.17,2.8083
-6.6,0.37,2.8123
-7.0,0.55,2.8173
-6.45,0.29,2.8174
-6.35,0.23,2.8274
-7.25,0.65,2.8277
-5.8,0.39,2.8306
-6.05,0.49,2.8315
-6.2,0.13,2.8335
-5.6,0.27,2.839
-6.65,0.39,2.8476
-6.15,0.09,2.8478
-6.1,0.05,2.8506
-5.45,0.11,2.8516
-5.55,0.23,2.8616
-7.5,0.75,2.8641
-6.5,0.31,2.8675
-6.55,0.63,2.8686
-6.3,0.19,2.8746
-6.7,0.41,2.8788
-6.4,0.25,2.8873
-5.65,0.31,2.8887
-7.5,0.8,2.8976
-6.75,0.43,2.906
-6.25,0.15,2.9065
-6.25,0.15,2.9065
-6.55,0.33,2.9137
-5.75,0.37,2.9158
-6.1,0.51,2.9162
-6.2,0.11,2.9248
-6.15,0.07,2.931
-6.5,0.3,2.9331
-5.5,0.19,2.9401
-6.35,0.21,2.9402
-6.3,0.57,2.9434
-6.45,0.27,2.9438
-5.45,0.13,2.9478
-5.4,0.05,2.9528
-6.6,0.35,2.9559
-6.45,0.61,2.9728
-6.3,0.17,2.9773
-6.65,0.37,2.994
-6.5,0.29,2.9967
-6.25,0.13,3.0002
-6.4,0.23,3.0027
-6.15,0.05,3.009
-6.2,0.09,3.0103
-5.5,0.2,3.0146
-6.15,0.53,3.0272
-5.4,0.07,3.0274
-6.7,0.39,3.0279
-5.7,0.35,3.0281
-6.35,0.19,3.0454
-6.55,0.31,3.0457
-5.55,0.25,3.0479
-6.75,0.41,3.0576
-5.45,0.15,3.061
-6.45,0.25,3.0619
-5.6,0.29,3.0659
-6.3,0.15,3.0733
-6.6,0.65,3.0868
-6.25,0.11,3.0878
-6.2,0.07,3.0903
-6.6,0.33,3.0907
-7.75,0.85,3.092
-5.5,0.21,3.0951
-6.4,0.21,3.1104
-5.4,0.09,3.1141
-6.5,0.27,3.1174
-7.75,0.8,3.1213
-6.35,0.59,3.1225
-6.25,0.1,3.1294
-6.75,0.4,3.1303
-6.65,0.35,3.1315
-6.35,0.17,3.1436
-7.5,0.7,3.161
-6.3,0.13,3.1629
-6.2,0.55,3.163
-6.2,0.05,3.1652
-5.65,0.33,3.166
-6.7,0.37,3.1683
-6.55,0.29,3.1691
-6.25,0.09,3.1697
-5.9,0.45,3.1718
-6.45,0.23,3.172
-5.85,0.43,3.1765
-6.5,0.63,3.1839
-5.45,0.17,3.193
-5.95,0.47,3.1965
-6.75,0.39,3.2008
-5.8,0.41,3.2106
-6.4,0.19,3.2109
-5.4,0.11,3.2144
-6.6,0.31,3.2168
-7.25,0.6,3.2221
-7.0,0.5,3.2233
-6.5,0.25,3.23
-6.5,0.25,3.23
-6.35,0.15,3.2353
-6.25,0.07,3.2463
-6.3,0.11,3.2467
-6.0,0.49,3.2502
-6.65,0.33,3.2604
-5.55,0.27,3.2647
-8.0,0.9,3.2654
-5.75,0.39,3.2736
-6.45,0.21,3.2748
-5.5,0.23,3.2757
-6.55,0.27,3.2842
-6.7,0.35,3.2999
-5.35,0.05,3.302
-6.4,0.17,3.3046
-6.25,0.05,3.3181
-6.25,0.05,3.3181
-6.35,0.13,3.3209
-6.4,0.61,3.3216
-6.25,0.57,3.3226
-6.3,0.09,3.325
-5.6,0.31,3.3285
-5.4,0.13,3.33
-6.05,0.51,3.3321
-6.6,0.29,3.3345
-6.5,0.23,3.3351
-6.75,0.37,3.3352
-8.0,0.85,3.3361
-5.45,0.19,3.346
-5.7,0.37,3.365
-6.45,0.19,3.3706
-6.65,0.31,3.3808
-6.55,0.25,3.3916
-6.4,0.15,3.3921
-5.35,0.07,3.3937
-6.3,0.07,3.3983
-6.35,0.11,3.4009
-6.55,0.65,3.4123
-8.25,0.95,3.4157
-6.7,0.33,3.4229
-6.5,0.21,3.433
-7.75,0.75,3.435
-6.1,0.53,3.4415
-6.6,0.27,3.4443
-7.0,0.75,3.4581
-6.45,0.17,3.4599
-6.75,0.35,3.461
-6.75,0.35,3.461
-5.4,0.15,3.4627
-6.3,0.05,3.467
-5.75,0.4,3.4699
-6.4,0.13,3.4737
-7.25,0.8,3.4752
-6.35,0.09,3.4757
-6.25,0.0,3.4789
-6.5,0.2,3.4794
-5.65,0.35,3.4838
-5.5,0.25,3.4841
-5.5,0.25,3.4841
-6.55,0.23,3.4917
-6.65,0.29,3.493
-5.35,0.09,3.4977
-6.3,0.59,3.5049
-6.0,0.5,3.5086
-8.25,0.9,3.5141
-5.55,0.29,3.5143
-5.45,0.21,3.5221
-6.5,0.19,3.5242
-6.7,0.31,3.5377
-6.75,0.7,3.538
-6.45,0.63,3.5401
-6.45,0.15,3.5433
-8.5,1.0,3.5438
-7.5,0.85,3.5439
-6.35,0.07,3.5457
-6.6,0.25,3.5466
-6.4,0.11,3.55
-7.5,0.65,3.5536
-6.15,0.55,3.5772
-6.75,0.33,3.5784
-6.55,0.21,3.5849
-7.0,0.45,3.5888
-6.65,0.27,3.5976
-6.5,0.17,3.6093
-6.35,0.05,3.6113
-5.4,0.17,3.6142
-7.25,0.55,3.6155
-5.35,0.11,3.6157
-6.45,0.13,3.6211
-6.4,0.09,3.6214
-5.6,0.33,3.6288
-5.85,0.45,3.6299
-7.75,0.9,3.635
-5.8,0.43,3.6391
-6.6,0.23,3.6419
-6.7,0.29,3.6447
-5.9,0.47,3.6507
-8.75,1.05,3.6522
-8.0,0.8,3.6592
-8.5,0.95,3.6609
-6.55,0.19,3.6718
-5.75,0.41,3.6782
-6.75,0.31,3.6878
-6.4,0.07,3.6882
-6.5,0.15,3.6887
-6.5,0.15,3.6887
-5.3,0.05,3.6906
-6.45,0.11,3.6938
-6.65,0.25,3.695
-5.95,0.49,3.7013
-6.35,0.61,3.7089
-5.5,0.27,3.7226
-5.45,0.23,3.7234
-6.6,0.21,3.7307
-8.0,0.95,3.7322
-6.2,0.57,3.7382
-6.75,0.3,3.7397
-9.0,1.1,3.7435
-6.7,0.27,3.7443
-5.7,0.39,3.7467
-5.35,0.13,3.7492
-6.4,0.05,3.7507
-6.55,0.17,3.7529
-6.45,0.09,3.7618
-6.5,0.13,3.7629
-6.5,0.65,3.7776
-6.5,0.65,3.7776
-6.0,0.51,3.781
-8.75,1.0,3.7815
-6.65,0.23,3.7858
-5.4,0.19,3.7867
-6.75,0.29,3.7897
-5.3,0.07,3.7982
-5.55,0.31,3.7991
-6.6,0.19,3.8134
-9.25,1.15,3.8202
-7.75,0.7,3.8238
-6.45,0.07,3.8254
-8.25,1.0,3.8266
-6.55,0.15,3.8285
-6.5,0.11,3.8321
-6.7,0.25,3.8371
-8.25,0.85,3.8422
-5.65,0.37,3.844
-5.25,0.0,3.8585
-6.5,0.1,3.865
-6.65,0.21,3.8702
-9.0,1.05,3.8806
-6.75,0.27,3.8846
-9.5,1.2,3.8848
-6.45,0.05,3.8851
-6.05,0.53,3.8893
-6.6,0.17,3.8905
-6.5,0.09,3.8969
-6.55,0.13,3.899
-5.35,0.15,3.8998
-7.0,0.4,3.9016
-8.5,1.05,3.9144
-5.3,0.09,3.9185
-6.7,0.23,3.9234
-6.25,0.59,3.9235
-6.4,0.63,3.9342
-7.5,0.6,3.9356
-9.75,1.25,3.9392
-6.65,0.19,3.9489
-5.45,0.25,3.9524
-6.5,0.07,3.9575
-9.25,1.1,3.9618
-6.6,0.15,3.9624
-6.55,0.11,3.9649
-7.25,0.5,3.9654
-5.6,0.35,3.9693
-6.75,0.25,3.9728
-6.75,0.25,3.9728
-5.4,0.21,3.9823
-10.0,1.3,3.9851
-8.5,0.9,3.9913
-5.5,0.29,3.9937
-8.75,1.1,3.9941
-6.7,0.21,4.0038
-6.5,0.05,4.0143
-6.5,0.05,4.0143
-6.65,0.17,4.0223
-6.1,0.55,4.0252
-6.55,0.09,4.0266
-9.5,1.15,4.0282
-6.6,0.13,4.0296
-8.0,0.75,4.0435
-5.3,0.11,4.0529
-6.75,0.23,4.0549
-9.0,1.15,4.0656
-5.35,0.17,4.0696
-6.7,0.19,4.0786
-9.75,1.2,4.0825
-6.55,0.07,4.0843
-6.65,0.15,4.0907
-6.6,0.11,4.0923
-8.75,0.95,4.1128
-5.25,0.05,4.1162
-5.25,0.05,4.1162
-5.8,0.45,4.1183
-5.55,0.33,4.1217
-10.0,1.25,4.1268
-9.25,1.2,4.1295
-6.75,0.21,4.1314
-5.75,0.43,4.1316
-6.3,0.61,4.1324
-5.85,0.47,4.1357
-6.55,0.05,4.1384
-6.5,0.0,4.1415
-5.5,0.3,4.1423
-6.7,0.17,4.1484
-6.6,0.09,4.151
-6.65,0.13,4.1546
-7.0,0.35,4.164
-6.75,0.2,4.1676
-5.7,0.41,4.1754
-6.45,0.65,4.1802
-5.9,0.49,4.1836
-9.5,1.25,4.1867
-6.15,0.57,4.1879
-7.75,0.65,4.1959
-6.75,0.19,4.2026
-5.3,0.13,4.2031
-5.4,0.23,4.2033
-6.6,0.07,4.2059
-5.45,0.27,4.2116
-9.0,1.0,4.2117
-6.7,0.15,4.2135
-6.65,0.11,4.2143
-8.25,0.8,4.2222
-9.75,1.3,4.2382
-5.25,0.07,4.2388
-6.25,0.6,4.2484
-5.65,0.39,4.2493
-6.6,0.05,4.2574
-5.35,0.19,4.2605
-5.95,0.51,4.2617
-7.25,0.45,4.2631
-6.75,0.17,4.269
-6.65,0.09,4.2701
-7.5,0.55,4.2723
-6.7,0.13,4.2743
-10.0,1.35,4.2849
-9.25,1.05,4.292
-5.5,0.31,4.3001
-6.65,0.07,4.3224
-6.75,0.15,4.3309
-6.75,0.15,4.3309
-6.7,0.11,4.3311
-5.6,0.37,4.3526
-9.5,1.1,4.357
-6.35,0.63,4.3642
-8.5,0.85,4.3673
-6.0,0.53,4.3693
-5.3,0.15,4.3709
-6.65,0.05,4.3714
-5.25,0.09,4.3744
-6.2,0.59,4.3765
-7.0,0.3,4.3826
-6.7,0.09,4.3842
-6.75,0.13,4.3887
-8.0,0.7,4.4073
-9.75,1.15,4.4096
-6.7,0.07,4.4339
-6.75,0.11,4.4427
-5.25,0.1,4.4475
-10.0,1.2,4.4519
-5.4,0.25,4.4522
-6.75,0.1,4.4684
-5.35,0.21,4.4748
-6.7,0.05,4.4805
-5.55,0.35,4.4846
-8.75,0.9,4.4851
-6.75,0.09,4.4932
-5.45,0.29,4.5036
-6.05,0.55,4.5059
-7.25,0.4,4.5118
-7.75,0.6,4.5218
-5.25,0.11,4.5245
-6.75,0.07,4.5405
-7.5,0.5,4.5575
-5.3,0.17,4.5581
-7.0,0.25,4.5645
-8.25,0.75,4.5789
-9.0,0.95,4.5808
-6.75,0.05,4.5849
-6.75,0.05,4.5849
-6.25,0.61,4.5903
-6.4,0.65,4.6185
-5.75,0.45,4.6367
-5.75,0.45,4.6367
-5.5,0.33,4.6445
-5.8,0.47,4.651
-5.7,0.43,4.6539
-9.25,1.0,4.6582
-6.1,0.57,4.6707
-6.75,0.0,4.6842
-5.25,0.13,4.6908
-5.85,0.49,4.6967
-5.65,0.41,4.7023
-5.35,0.23,4.7148
-7.0,0.2,4.7161
-7.25,0.35,4.718
-8.5,0.8,4.7182
-9.5,1.05,4.7208
-8.0,0.65,4.7242
-5.4,0.27,4.7315
-5.3,0.19,4.7668
-9.75,1.1,4.7713
-5.9,0.51,4.7735
-5.6,0.39,4.7815
-7.5,0.45,4.7948
-7.75,0.55,4.7966
-10.0,1.15,4.8117
-6.3,0.63,4.8287
-8.75,0.85,4.8311
-5.45,0.31,4.8312
-7.0,0.15,4.843
-6.15,0.59,4.8629
-5.25,0.15,4.875
-5.25,0.15,4.875
-5.95,0.53,4.8811
-8.25,0.7,4.8884
-7.25,0.3,4.8888
-5.55,0.37,4.891
-7.75,0.95,4.9048
-7.5,0.9,4.9073
-9.0,0.9,4.9227
-8.0,1.0,4.9258
-7.25,0.85,4.9489
-7.0,0.1,4.95
-8.25,1.05,4.9603
-5.35,0.25,4.9831
-8.0,0.6,4.9905
-7.5,0.4,4.9907
-9.25,0.95,4.9969
-5.3,0.21,4.9993
-8.5,1.1,5.0021
-6.0,0.55,5.0188
-6.0,0.55,5.0188
-8.5,0.75,5.0216
-7.75,0.5,5.0244
-5.5,0.35,5.0299
-5.5,0.35,5.0299
-7.25,0.25,5.0305
-7.0,0.05,5.0406
-5.4,0.29,5.0442
-8.75,1.15,5.0475
-7.0,0.8,5.0534
-9.5,1.0,5.0568
-5.25,0.17,5.0792
-6.2,0.61,5.0818
-6.35,0.65,5.0912
-9.0,1.2,5.0946
-9.75,1.05,5.1051
-7.0,0.0,5.118
-8.75,0.8,5.1296
-9.25,1.25,5.1422
-10.0,1.1,5.1439
-8.25,0.65,5.1477
-7.25,0.2,5.1484
-7.5,0.35,5.1522
-5.7,0.45,5.1854
-6.05,0.57,5.186
-9.5,1.3,5.1899
-5.75,0.47,5.1969
-5.45,0.33,5.1976
-5.65,0.43,5.2063
-8.0,0.55,5.2105
-7.75,0.45,5.2118
-9.0,0.85,5.2171
-9.75,1.35,5.2375
-5.8,0.49,5.2406
-7.25,0.15,5.2471
-6.75,0.75,5.2546
-5.3,0.23,5.258
-5.6,0.41,5.2593
-8.5,0.7,5.2751
-5.35,0.27,5.2825
-10.0,1.4,5.2851
-7.5,0.3,5.2854
-9.25,0.9,5.288
-5.25,0.19,5.3053
-5.85,0.51,5.3166
-6.25,0.63,5.327
-7.25,0.1,5.3302
-5.55,0.39,5.344
-9.5,0.95,5.3453
-8.25,0.6,5.3611
-7.75,0.4,5.3654
-8.75,0.75,5.3783
-6.1,0.59,5.3821
-8.0,0.5,5.3906
-9.75,1.0,5.3916
-5.4,0.31,5.3931
-7.5,0.25,5.3957
-7.25,0.05,5.4006
-5.9,0.53,5.4244
-5.25,0.2,5.4274
-10.0,1.05,5.4288
-5.5,0.37,5.4597
-7.25,0.0,5.4608
-9.0,0.8,5.462
-8.5,0.65,5.4832
-7.5,0.2,5.4874
-7.75,0.35,5.4916
-9.25,0.85,5.5298
-8.25,0.55,5.5354
-8.0,0.45,5.5378
-5.3,0.25,5.5457
-5.25,0.21,5.5559
-5.95,0.55,5.5636
-7.5,0.15,5.5641
-8.75,0.7,5.582
-9.5,0.9,5.5846
-7.75,0.3,5.5955
-6.5,0.7,5.5977
-6.3,0.65,5.5979
-5.45,0.35,5.6059
-6.15,0.61,5.6065
-5.35,0.29,5.6159
-7.5,0.1,5.6288
-9.75,0.95,5.629
-8.5,0.6,5.6525
-8.0,0.4,5.6581
-9.0,0.75,5.6621
-10.0,1.0,5.6647
-8.25,0.5,5.6772
-7.75,0.25,5.6813
-7.5,0.05,5.6836
-9.25,0.8,5.7269
-7.5,0.0,5.7304
-6.0,0.57,5.7338
-8.75,0.65,5.7473
-7.75,0.2,5.7527
-8.0,0.35,5.7566
-5.65,0.45,5.7651
-5.7,0.47,5.7738
-9.5,0.85,5.7794
-5.4,0.33,5.7817
-5.6,0.43,5.7897
-8.5,0.55,5.7898
-8.25,0.45,5.7925
-7.75,0.15,5.8123
-5.75,0.49,5.8159
-9.75,0.9,5.8219
-9.0,0.7,5.824
-5.25,0.23,5.8333
-8.0,0.3,5.8375
-5.55,0.41,5.8472
-10.0,0.95,5.8563
-6.2,0.63,5.8588
-7.75,0.1,5.8626
-5.3,0.27,5.8652
-8.75,0.6,5.8808
-9.25,0.75,5.8862
-8.25,0.4,5.8865
-5.8,0.51,5.8914
-8.5,0.5,5.901
-8.0,0.25,5.9044
-7.75,0.05,5.9052
-6.05,0.59,5.9342
-9.5,0.8,5.9365
-5.5,0.39,5.9374
-7.75,0.0,5.9417
-9.0,0.65,5.9545
-8.0,0.2,5.9599
-8.25,0.35,5.9633
-9.75,0.85,5.9772
-5.35,0.31,5.9865
-8.75,0.55,5.9886
-8.5,0.45,5.9912
-5.85,0.53,5.9998
-8.0,0.15,6.0063
-10.0,0.9,6.0102
-9.25,0.7,6.0141
-8.25,0.3,6.0263
-8.0,0.1,6.0454
-9.0,0.6,6.0595
-5.45,0.37,6.0597
-9.5,0.75,6.0624
-8.5,0.4,6.0646
-8.75,0.5,6.0757
-8.25,0.25,6.0784
-8.0,0.05,6.0786
-9.75,0.8,6.1015
-8.0,0.0,6.1069
-9.25,0.65,6.1167
-8.25,0.2,6.1216
-8.5,0.35,6.1244
-10.0,0.85,6.1331
-6.25,0.65,6.1385
-6.25,0.65,6.1385
-5.25,0.25,6.1406
-5.25,0.25,6.1406
-5.9,0.55,6.141
-9.0,0.55,6.1439
-8.75,0.45,6.1462
-5.75,0.5,6.149
-8.25,0.15,6.1577
-9.5,0.7,6.1631
-6.1,0.61,6.1645
-8.5,0.3,6.1736
-8.25,0.1,6.1881
-5.5,0.4,6.1955
-9.25,0.6,6.199
-9.75,0.75,6.2006
-8.75,0.4,6.2034
-9.0,0.5,6.212
-5.4,0.35,6.2134
-8.25,0.05,6.214
-8.5,0.25,6.2141
-5.3,0.29,6.2197
-10.0,0.8,6.2309
-8.25,0.0,6.236
-9.5,0.65,6.2436
-8.5,0.2,6.2477
-8.75,0.35,6.2501
-9.25,0.55,6.2651
-9.0,0.45,6.267
-8.5,0.15,6.2759
-9.75,0.7,6.2796
-8.75,0.3,6.2883
-8.5,0.1,6.2995
-9.5,0.6,6.3079
-10.0,0.75,6.3088
-9.0,0.4,6.3116
-5.95,0.57,6.3144
-9.25,0.5,6.3182
-8.5,0.05,6.3196
-8.75,0.25,6.3199
-8.5,0.0,6.3368
-9.75,0.65,6.3426
-5.0,0.0,6.3444
-8.75,0.2,6.3461
-9.0,0.35,6.348
-9.5,0.55,6.3595
-9.25,0.45,6.3611
-8.75,0.15,6.368
-10.0,0.7,6.3706
-5.6,0.45,6.3766
-9.0,0.3,6.3778
-5.65,0.47,6.3828
-8.75,0.1,6.3864
-9.75,0.6,6.3929
-9.25,0.4,6.3959
-5.35,0.33,6.3979
-9.5,0.5,6.401
-8.75,0.05,6.402
-9.0,0.25,6.4024
-5.55,0.43,6.4048
-8.75,0.0,6.4154
-10.0,0.65,6.4199
-9.0,0.2,6.4227
-5.7,0.49,6.4234
-6.15,0.63,6.4242
-9.25,0.35,6.4243
-9.75,0.55,6.4332
-9.5,0.45,6.4345
-9.0,0.15,6.4398
-9.25,0.3,6.4475
-9.0,0.1,6.4541
-10.0,0.6,6.4592
-9.5,0.4,6.4616
-9.75,0.5,6.4656
-9.0,0.05,6.4663
-9.25,0.25,6.4666
-5.5,0.41,6.4671
-9.0,0.0,6.4767
-5.25,0.27,6.4805
-9.25,0.2,6.4825
-9.5,0.35,6.4837
-10.0,0.55,6.4906
-9.75,0.45,6.4917
-9.25,0.15,6.4958
-5.75,0.51,6.4985
-9.5,0.3,6.5018
-9.25,0.1,6.5069
-9.75,0.4,6.5128
-10.0,0.5,6.5159
-9.25,0.05,6.5164
-9.5,0.25,6.5167
-6.0,0.59,6.5196
-9.25,0.0,6.5245
-9.5,0.2,6.529
-9.75,0.35,6.53
-10.0,0.45,6.5362
-9.5,0.15,6.5394
-9.75,0.3,6.5441
-9.5,0.1,6.5481
-10.0,0.4,6.5526
-9.5,0.05,6.5554
-9.75,0.25,6.5557
-9.5,0.0,6.5618
-5.45,0.39,6.563
-9.75,0.2,6.5653
-10.0,0.35,6.566
-9.75,0.15,6.5733
-10.0,0.3,6.577
-9.75,0.1,6.5801
-9.75,0.05,6.5859
-10.0,0.25,6.5861
-9.75,0.0,6.5908
-10.0,0.2,6.5936
-10.0,0.15,6.5998
-10.0,0.1,6.6051
-5.8,0.53,6.608
-10.0,0.05,6.6096
-5.3,0.31,6.6124
-10.0,0.0,6.6134
-5.4,0.37,6.6921
-6.2,0.65,6.713
-5.85,0.55,6.7514
-6.05,0.61,6.7562
-5.0,0.05,6.7651
-5.35,0.35,6.8537
-5.25,0.29,6.8565
-8.25,1.1,6.8658
-8.5,1.15,6.874
-8.0,1.05,6.8745
-8.75,1.2,6.8944
-7.75,1.0,6.9066
-9.0,1.25,6.924
-5.9,0.57,6.9285
-6.0,0.6,6.941
-9.25,1.3,6.9609
-7.5,0.95,6.9718
-9.5,1.35,7.0037
-5.55,0.45,7.021
-6.1,0.63,7.0238
-5.6,0.47,7.0247
-5.3,0.33,7.0472
-9.75,1.4,7.0514
-5.5,0.43,7.0529
-5.25,0.3,7.0591
-5.65,0.49,7.0641
-7.25,0.9,7.0843
-10.0,1.45,7.1035
-5.45,0.41,7.12
-5.95,0.59,7.1389
-5.7,0.51,7.1391
-5.4,0.39,7.2219
-5.75,0.53,7.2498
-7.0,0.85,7.2641
-5.25,0.31,7.272
-5.0,0.1,7.275
-6.15,0.65,7.3221
-5.35,0.37,7.3581
-6.0,0.61,7.3823
-5.8,0.55,7.3959
-5.3,0.35,7.528
-6.75,0.8,7.5391
-5.85,0.57,7.5771
-6.05,0.63,7.6582
-5.5,0.45,7.6997
-5.5,0.45,7.6997
-5.55,0.47,7.7009
-5.25,0.33,7.7311
-5.45,0.43,7.7353
-5.6,0.49,7.739
-5.9,0.59,7.7931
-5.4,0.41,7.8074
-5.65,0.51,7.8142
-5.0,0.15,7.8998
-5.35,0.39,7.9155
-5.7,0.53,7.9264
-6.5,0.75,7.9466
-6.1,0.65,7.9665
-5.95,0.61,8.0436
-5.3,0.37,8.0591
-5.75,0.55,8.0754
-5.75,0.55,8.0754
-5.25,0.35,8.2378
-5.25,0.35,8.2378
-5.8,0.57,8.261
-6.0,0.63,8.3283
-5.5,0.47,8.4127
-5.45,0.45,8.414
-5.55,0.49,8.4497
-5.4,0.43,8.4534
-5.85,0.59,8.4831
-5.6,0.51,8.5252
-5.35,0.41,8.5306
-6.25,0.7,8.5352
-5.65,0.53,8.6391
-5.3,0.39,8.6452
-6.05,0.65,8.6471
-5.0,0.2,8.6732
-5.9,0.61,8.7412
-5.7,0.55,8.7913
-5.25,0.37,8.7967
-5.75,0.57,8.9818
-5.95,0.63,9.0352
-5.45,0.47,9.1616
-5.4,0.45,9.1655
-5.5,0.49,9.1976
-5.35,0.43,9.2088
-5.8,0.59,9.2102
-5.55,0.51,9.2735
-5.3,0.41,9.2914
-6.0,0.65,9.365
-6.0,0.65,9.365
-5.6,0.53,9.3893
-5.25,0.39,9.4128
-5.85,0.61,9.4764
-5.65,0.55,9.545
-8.5,1.2,9.5506
-8.75,1.25,9.5582
-8.25,1.15,9.5614
-9.0,1.3,9.5808
-8.0,1.1,9.5956
-9.25,1.35,9.6156
-5.5,0.5,9.6189
-5.0,0.25,9.6385
-7.75,1.05,9.66
-9.5,1.4,9.6609
-9.75,1.45,9.715
-4.75,0.0,9.726
-5.7,0.57,9.7406
-5.25,0.4,9.744
-7.5,1.0,9.7642
-10.0,1.5,9.7771
-5.9,0.63,9.7802
-7.25,0.95,9.9211
-5.4,0.47,9.9493
-5.35,0.45,9.9557
-5.75,0.59,9.9758
-5.45,0.49,9.9842
-5.3,0.43,10.0032
-5.5,0.51,10.0606
-5.25,0.41,10.0914
-5.95,0.65,10.1215
-7.0,0.9,10.1491
-5.55,0.53,10.1785
-5.8,0.61,10.2505
-4.75,0.05,10.3148
-5.6,0.55,10.338
-6.75,0.85,10.4728
-5.75,0.6,10.5081
-5.65,0.57,10.539
-5.85,0.63,10.5646
-5.35,0.47,10.7774
-5.7,0.59,10.7814
-5.3,0.45,10.7865
-5.4,0.49,10.8113
-5.25,0.43,10.8383
-5.0,0.3,10.8503
-5.45,0.51,10.8883
-5.9,0.65,10.918
-6.5,0.8,10.9256
-5.5,0.53,11.0085
-4.75,0.1,11.0158
-5.75,0.61,11.0651
-5.55,0.55,11.172
-5.6,0.57,11.3788
-5.8,0.63,11.39
-6.25,0.75,11.5515
-5.65,0.59,11.6287
-5.3,0.47,11.6479
-5.25,0.45,11.6598
-5.25,0.45,11.6598
-5.35,0.49,11.6807
-5.85,0.65,11.7561
-5.4,0.51,11.7583
-4.75,0.15,11.8602
-5.45,0.53,11.881
-5.7,0.61,11.9218
-5.5,0.55,12.0487
-5.5,0.55,12.0487
-5.75,0.63,12.258
-5.55,0.57,12.2615
-5.0,0.35,12.3775
-6.0,0.7,12.4072
-5.6,0.59,12.5194
-5.25,0.47,12.5627
-5.3,0.49,12.5943
-5.8,0.65,12.6373
-5.35,0.51,12.6726
-5.4,0.53,12.7978
-5.65,0.61,12.8224
-4.75,0.2,12.8892
-5.45,0.55,12.97
-8.5,1.25,13.1023
-8.75,1.3,13.1072
-8.25,1.2,13.1207
-9.0,1.35,13.1316
-8.0,1.15,13.1678
-5.7,0.63,13.1704
-9.25,1.4,13.1723
-5.5,0.57,13.1892
-9.5,1.45,13.227
-7.75,1.1,13.2505
-9.75,1.5,13.2941
-7.5,1.05,13.3783
-5.55,0.59,13.4554
-5.25,0.49,13.5542
-5.75,0.65,13.5634
-5.75,0.65,13.5634
-7.25,1.0,13.5639
-5.3,0.51,13.6332
-5.35,0.53,13.7611
-5.6,0.61,13.7686
-7.0,0.95,13.8245
-5.4,0.55,13.9379
-5.25,0.5,14.0857
-5.65,0.63,14.1289
-4.5,0.0,14.1446
-4.75,0.25,14.1555
-5.45,0.57,14.1637
-6.75,0.9,14.1832
-5.0,0.4,14.3048
-5.5,0.59,14.4386
-5.7,0.65,14.5363
-5.25,0.51,14.6423
-6.5,0.85,14.6708
-5.55,0.61,14.7626
-5.3,0.53,14.7729
-4.5,0.05,14.9315
-5.35,0.55,14.9545
-5.5,0.6,15.1071
-5.6,0.63,15.1357
-5.4,0.57,15.1873
-6.25,0.8,15.3285
-5.45,0.59,15.4712
-5.65,0.65,15.558
-4.75,0.3,15.7265
-5.5,0.61,15.8063
-5.25,0.53,15.8355
-4.5,0.1,15.8609
-5.3,0.55,16.0221
-5.55,0.63,16.1927
-6.0,0.75,16.2099
-5.35,0.57,16.262
-5.4,0.59,16.5552
-5.6,0.65,16.6305
-5.0,0.45,16.736
-5.45,0.61,16.9019
-4.5,0.15,16.9719
-5.25,0.55,17.1429
-5.25,0.55,17.1429
-5.5,0.63,17.3022
-5.75,0.7,17.3837
-5.3,0.57,17.3901
-8.5,1.3,17.6562
-8.75,1.35,17.6661
-8.25,1.25,17.674
-4.75,0.35,17.687
-5.35,0.59,17.6931
-9.0,1.4,17.6994
-8.0,1.2,17.7251
-9.25,1.45,17.7526
-5.55,0.65,17.756
-7.75,1.15,17.8167
-9.5,1.5,17.8231
-7.5,1.1,17.9583
-5.4,0.61,18.0518
-7.25,1.05,18.1627
-4.5,0.2,18.3148
-7.0,1.0,18.4464
-5.45,0.63,18.4663
-5.25,0.57,18.5742
-6.75,0.95,18.8317
-5.3,0.59,18.8872
-5.5,0.65,18.9369
-5.5,0.65,18.9369
-5.35,0.61,19.2583
-6.5,0.9,19.348
-5.4,0.63,19.6877
-5.0,0.5,19.7963
-4.25,0.0,19.8475
-4.5,0.25,19.9547
-6.25,0.85,20.0345
-5.25,0.59,20.14
-4.75,0.4,20.1417
-5.45,0.65,20.1755
-5.3,0.61,20.5239
-4.25,0.05,20.8789
-6.0,0.8,20.9423
-5.35,0.63,20.9686
-5.25,0.6,20.9768
-5.4,0.65,21.4742
-5.25,0.61,21.8513
-4.5,0.3,21.9744
-4.25,0.1,22.092
-5.75,0.75,22.1381
-5.3,0.63,22.3118
-5.35,0.65,22.8358
-4.75,0.45,23.2183
-8.5,1.35,23.3816
-8.25,1.3,23.3926
-8.75,1.4,23.4023
-8.0,1.25,23.4412
-9.0,1.45,23.4501
-9.25,1.5,23.5214
-7.75,1.2,23.5351
-4.25,0.15,23.5352
-5.0,0.55,23.6345
-7.5,1.15,23.684
-5.5,0.7,23.7075
-5.25,0.63,23.72
-7.25,1.1,23.9006
-7.0,1.05,24.2015
-5.3,0.65,24.2629
-4.5,0.35,24.4778
-6.75,1.0,24.6084
-6.5,0.95,25.1499
-4.25,0.2,25.271
-5.25,0.65,25.7583
-5.25,0.65,25.7583
-6.25,0.9,25.8637
-6.0,0.85,26.7995
-4.75,0.5,27.0691
-4.0,0.0,27.1708
-4.25,0.25,27.3795
-4.5,0.4,27.5927
-5.75,0.8,28.0218
-5.0,0.6,28.4249
-4.0,0.05,28.5091
-5.5,0.75,29.6144
-4.25,0.3,29.9621
-4.0,0.1,30.0789
-8.25,1.35,30.4752
-8.5,1.4,30.4753
-8.75,1.45,30.5112
-8.0,1.3,30.5171
-9.0,1.5,30.5779
-7.75,1.25,30.609
-7.5,1.2,30.7609
-7.25,1.15,30.9857
-7.0,1.1,31.3002
-4.5,0.45,31.4736
-5.25,0.7,31.6844
-6.75,1.05,31.7259
-4.75,0.55,31.8724
-4.0,0.15,31.9401
-6.5,1.0,32.291
-6.25,0.95,33.0325
-4.25,0.35,33.1452
-6.0,0.9,33.9986
-4.0,0.2,34.1701
-5.0,0.65,34.3674
-5.75,0.85,35.2524
-4.5,0.5,36.3021
-3.75,0.0,36.5483
-4.0,0.25,36.8673
-5.5,0.8,36.8758
-4.25,0.4,37.083
-4.75,0.6,37.8321
-3.75,0.05,38.2743
-5.25,0.75,38.9747
-8.25,1.4,39.1352
-8.5,1.45,39.1488
-8.0,1.35,39.1681
-8.75,1.5,39.2023
-7.75,1.3,39.2558
-7.5,1.25,39.4088
-7.25,1.2,39.6402
-7.0,1.15,39.9671
-4.0,0.3,40.155
-3.75,0.1,40.294
-6.75,1.1,40.4112
-6.5,1.05,41.0006
-5.0,0.7,41.6841
-6.25,1.0,41.7717
-4.25,0.45,41.9591
-4.5,0.55,42.2866
-3.75,0.15,42.6821
-6.0,0.95,42.772
-5.75,0.9,44.0635
-4.0,0.35,44.1856
-4.75,0.65,45.1747
-3.75,0.2,45.5337
-5.5,0.85,45.7264
-5.25,0.8,47.8652
-4.25,0.5,47.9854
-3.5,0.0,48.5313
-3.75,0.25,48.9688
-4.0,0.4,49.1421
-8.25,1.45,49.5859
-8.0,1.4,49.6101
-8.5,1.5,49.6128
-4.5,0.6,49.659
-7.75,1.35,49.6941
-7.5,1.3,49.8488
-7.25,1.25,50.0879
-7.0,1.2,50.4288
-5.0,0.75,50.6137
-3.5,0.05,50.7469
-6.75,1.15,50.8934
-6.5,1.1,51.51
-6.25,1.05,52.3151
-3.75,0.3,53.1361
-3.5,0.1,53.3343
-6.0,1.0,53.3556
-4.75,0.7,54.1427
-5.75,0.95,54.6928
-4.0,0.45,55.2386
-4.25,0.55,55.3993
-3.5,0.15,56.3855
-5.5,0.9,56.4058
-3.75,0.35,58.2165
-5.25,0.85,58.5974
-4.5,0.65,58.6673
-3.5,0.2,60.0167
-5.0,0.8,61.4002
-8.25,1.5,62.0241
-8.0,1.45,62.043
-7.75,1.4,62.1269
-7.5,1.35,62.2873
-7.25,1.3,62.5383
-4.0,0.5,62.7163
-7.0,1.25,62.8978
-6.75,1.2,63.3882
-3.25,0.0,63.8128
-6.5,1.15,64.0383
-3.5,0.25,64.3725
-3.75,0.4,64.4234
-4.25,0.6,64.4553
-6.25,1.1,64.8845
-4.75,0.75,64.9842
-6.0,1.05,65.974
-3.25,0.05,66.6462
-5.75,1.0,67.3675
-5.5,0.95,69.1435
-4.5,0.7,69.5651
-3.5,0.3,69.63
-3.25,0.1,69.9479
-5.25,0.9,71.4036
-4.0,0.55,71.8366
-3.75,0.45,72.0005
-3.25,0.15,73.8304
-5.0,0.85,74.2788
-4.25,0.65,75.4142
-3.5,0.35,76.0001
-8.0,1.5,76.6347
-7.75,1.45,76.7258
-7.5,1.4,76.8993
-7.25,1.35,77.1701
-7.0,1.3,77.5565
-4.75,0.8,77.9381
-6.75,1.25,78.0816
-3.25,0.2,78.4343
-6.5,1.2,78.7747
-6.25,1.15,79.6729
-6.0,1.1,80.8234
-3.75,0.5,81.2141
-5.75,1.05,82.287
-4.5,0.75,82.5968
-4.0,0.6,82.8682
-3.0,0.0,83.2577
-3.5,0.4,83.7259
-3.25,0.25,83.9317
-5.5,1.0,84.1419
-5.25,0.95,86.4889
-3.0,0.05,86.8676
-4.25,0.7,88.5275
-5.0,0.9,89.458
-3.25,0.3,90.5293
-3.0,0.1,91.0641
-3.75,0.55,92.3408
-3.5,0.45,93.0766
-4.75,0.85,93.2168
-7.75,1.5,93.6157
-7.5,1.45,93.8137
-7.25,1.4,94.1158
-7.0,1.35,94.5412
-6.75,1.3,95.1138
-6.5,1.25,95.8634
-3.0,0.15,95.9834
-4.0,0.65,96.0714
-6.25,1.2,96.8278
-4.5,0.8,97.9796
-6.0,1.15,98.0549
-3.25,0.35,98.4676
-5.75,1.1,99.6059
-5.5,1.05,101.559
-3.0,0.2,101.7929
-5.25,1.0,104.0147
-4.25,0.75,104.0191
-3.5,0.5,104.3353
-3.75,0.6,105.6506
-5.0,0.95,107.1025
-3.25,0.4,108.0157
-3.0,0.25,108.6939
-4.75,0.9,110.9886
-4.0,0.7,111.6789
-7.5,1.5,113.1033
-7.25,1.45,113.452
-7.0,1.4,113.932
-6.75,1.35,114.5681
-6.5,1.3,115.3911
-4.5,0.85,115.8864
-6.25,1.25,116.4396
-3.0,0.3,116.9222
-6.0,1.2,117.7624
-3.5,0.55,117.7812
-5.75,1.15,119.4213
-3.25,0.45,119.4603
-3.75,0.65,121.3868
-5.5,1.1,121.4951
-4.25,0.8,122.0679
-5.25,1.05,124.0845
-3.0,0.35,126.7442
-5.0,1.0,127.3187
-4.0,0.75,129.8775
-4.75,0.95,131.3634
-3.25,0.5,133.0885
-3.5,0.6,133.6692
-7.25,1.5,135.1947
-7.0,1.45,135.7478
-4.5,0.9,136.431
-6.75,1.4,136.4666
-6.5,1.35,137.3827
-3.0,0.4,138.4474
-6.25,1.3,138.536
-3.75,0.7,139.7462
-6.0,1.25,139.9763
-5.75,1.2,141.7665
-4.25,0.85,142.7925
-5.5,1.15,143.9861
-5.25,1.1,146.7367
-3.25,0.55,149.1661
-5.0,1.05,150.1477
-4.0,0.8,150.7921
-3.5,0.65,152.2079
-3.0,0.45,152.3235
-4.75,1.0,154.3847
-4.5,0.95,159.6596
-7.0,1.5,159.9495
-6.75,1.45,160.7717
-3.75,0.75,160.8625
-6.5,1.4,161.8027
-6.25,1.35,163.0833
-6.0,1.3,164.6647
-4.25,0.9,166.2426
-5.75,1.25,166.6112
-3.25,0.6,167.9147
-3.0,0.5,168.6476
-5.5,1.2,169.0037
-5.25,1.15,171.9446
-3.5,0.7,173.5421
-4.0,0.85,174.4773
-5.0,1.1,175.5643
-4.75,1.05,180.029
-3.75,0.8,184.7966
-4.5,1.0,185.5503
-6.75,1.5,187.3952
-3.0,0.55,187.6538
-6.5,1.45,188.5632
-3.25,0.65,189.4921
-6.25,1.4,189.9944
-6.0,1.35,191.7414
-4.25,0.95,192.3984
-5.75,1.3,193.87
-5.5,1.25,196.4628
-3.5,0.75,197.7417
-5.25,1.2,199.6238
-4.0,0.9,200.9159
-5.0,1.15,203.4848
-4.75,1.1,208.2128
-3.0,0.6,209.5139
-3.75,0.85,211.5359
-3.25,0.7,213.9797
-4.5,1.05,214.0203
-6.5,1.5,217.5366
-6.25,1.45,219.1411
-6.0,1.4,221.0776
-4.25,1.0,221.1774
-5.75,1.35,223.4138
-3.5,0.8,224.8002
-5.5,1.3,226.2342
-5.25,1.25,229.6447
-4.0,0.95,230.0267
-5.0,1.2,233.7789
-3.0,0.65,234.323
-4.75,1.15,238.8055
-3.75,0.9,241.0007
-3.25,0.75,241.3799
-4.5,1.1,244.9381
-6.25,1.5,250.3673
-4.25,1.05,252.4478
-6.0,1.45,252.5161
-3.5,0.85,254.6415
-5.75,1.4,255.0842
-5.5,1.35,258.1583
-4.0,1.0,261.6772
-5.25,1.3,261.8465
-3.0,0.7,262.0946
-5.0,1.25,266.2847
-3.25,0.8,271.622
-4.75,1.2,271.6437
-3.75,0.95,273.0586
-4.5,1.15,278.1392
-6.0,1.5,285.8843
-4.25,1.1,286.0432
-3.5,0.9,287.1341
-5.75,1.45,288.707
-5.5,1.4,292.0592
-3.0,0.75,292.7665
-4.0,1.05,295.6995
-5.25,1.35,296.0517
-5.0,1.3,300.8231
-3.25,0.85,304.5771
-4.75,1.25,306.5468
-3.75,1.0,307.5405
-4.5,1.2,313.4408
-4.25,1.15,321.7792
-3.5,0.95,322.1079
-5.75,1.5,324.1034
-3.0,0.8,326.2142
-5.5,1.45,327.7565
-4.0,1.1,331.9069
-5.25,1.4,332.0784
-5.0,1.35,337.2106
-3.25,0.9,340.0749
-4.75,1.3,343.3294
-3.75,1.05,344.2571
-4.5,1.25,350.6557
-3.5,1.0,359.3714
-4.25,1.2,359.4661
-3.0,0.85,362.2693
-5.5,1.5,365.0748
-5.25,1.45,369.7497
-4.0,1.15,370.1074
-5.0,1.4,375.2686
-3.25,0.95,377.9226
-4.75,1.35,381.8115
-3.75,1.1,383.0139
-4.5,1.3,389.6023
-3.5,1.05,398.7273
-4.25,1.25,398.9204
-3.0,0.9,400.7378
-5.25,1.5,408.9001
-4.0,1.2,410.1152
-5.0,1.45,414.8308
-3.25,1.0,417.9197
-4.75,1.4,421.8254
-3.75,1.15,423.6222
-4.5,1.35,430.1113
-4.25,1.3,439.9714
-3.5,1.1,439.9837
-3.0,0.95,441.4171
-4.0,1.25,451.7573
-5.0,1.5,455.747
-3.25,1.05,459.871
-4.75,1.45,463.2202
-3.75,1.2,465.9066
-4.5,1.4,472.031
-4.25,1.35,482.4656
-3.5,1.15,482.9622
-3.0,1.0,484.1085
-4.0,1.3,494.8788
-3.25,1.1,503.5946
-4.75,1.5,505.8636
-3.75,1.25,509.7098
-4.5,1.45,515.2283
-4.25,1.4,526.2692
-3.5,1.2,527.5025
-3.0,1.05,528.626
-4.0,1.35,539.344
-3.25,1.15,548.9264
-3.75,1.3,554.8942
-4.5,1.5,559.5894
-4.25,1.45,571.2676
-3.5,1.25,573.4642
-3.0,1.1,574.8016
-4.0,1.4,585.0373
-3.25,1.2,595.7228
-3.75,1.35,601.342
-4.25,1.5,617.3648
-3.5,1.3,620.7269
-3.0,1.15,622.4872
-4.0,1.45,631.8614
-3.25,1.25,643.8598
-3.75,1.4,648.9543
-3.5,1.35,669.1891
-3.0,1.2,671.5548
-4.0,1.5,679.7358
-3.25,1.3,693.2326
-3.75,1.45,697.6486
-3.5,1.4,718.7658
-3.0,1.25,721.8953
-3.25,1.35,743.7527
-3.75,1.5,747.3572
-3.5,1.45,769.3866
-3.0,1.3,773.4162
-3.25,1.4,795.3465
-3.5,1.5,820.9931
-3.0,1.35,826.0397
-3.25,1.45,847.9521
-3.0,1.4,879.7
-3.25,1.5,901.5177
-3.0,1.45,934.3412
-3.0,1.5,989.9153
