ma_window,buffer_zone_pct,hold_days,recent_months,total_return_pct,cagr,mdd,total_trades,win_rate,final_capital
150,0.05,2,6,1551.4307286263534,11.052804058846144,-42.82515349036513,15,80.0,165143072.86263534
150,0.05,2,8,1551.4307286263534,11.052804058846144,-42.82515349036513,15,80.0,165143072.86263534
200,0.05,4,8,1542.2958612173522,11.029777662670659,-41.02191746806848,13,84.61538461538461,164229586.12173522
200,0.05,4,6,1542.2958612173522,11.029777662670659,-41.02191746806848,13,84.61538461538461,164229586.12173522
200,0.05,4,12,1534.460680442233,11.009928966760384,-41.02191746806848,13,84.61538461538461,163446068.0442233
200,0.05,4,10,1534.460680442233,11.009928966760384,-41.02191746806848,13,84.61538461538461,163446068.0442233
150,0.05,2,12,1522.2345848534078,10.978773143283838,-42.82515349036513,15,80.0,162223458.48534077
150,0.05,2,10,1521.307055757015,10.97640030025393,-42.82515349036513,15,80.0,162130705.57570148
150,0.05,2,0,1480.4025449901183,10.87043546642088,-39.70109117043005,16,68.75,158040254.4990118
150,0.04,3,2,1479.9300602309906,10.869196116344026,-41.79702837454245,17,76.47058823529412,157993006.02309906
200,0.05,2,6,1474.3599809462828,10.85455857656763,-38.28133379142245,14,78.57142857142857,157435998.09462827
200,0.05,2,8,1474.3599809462828,10.85455857656763,-38.28133379142245,14,78.57142857142857,157435998.09462827
200,0.04,1,4,1473.9054543408138,10.853361932917394,-48.110986520080395,17,70.58823529411765,157390545.43408138
150,0.05,2,2,1458.6190027921741,10.81292195052801,-39.70109117043005,16,68.75,155861900.27921742
200,0.04,1,6,1453.8825559964807,10.800314282145319,-48.110986520080395,17,70.58823529411765,155388255.5996481
150,0.04,3,4,1450.6789168699117,10.791765714072499,-41.506445901041126,17,76.47058823529412,155067891.68699118
150,0.04,3,8,1450.6789168699117,10.791765714072499,-41.506445901041126,17,76.47058823529412,155067891.68699118
150,0.04,3,6,1450.6789168699117,10.791765714072499,-41.506445901041126,17,76.47058823529412,155067891.68699118
200,0.05,1,8,1449.5448230732845,10.78873543129275,-38.94931006937674,14,78.57142857142857,154954482.30732846
200,0.05,1,6,1449.5448230732845,10.78873543129275,-38.94931006937674,14,78.57142857142857,154954482.30732846
250,0.04,0,10,1445.6893132738694,10.778417572798716,-40.505411050921445,16,68.75,154568931.32738695
250,0.04,0,8,1445.6893132738694,10.778417572798716,-40.505411050921445,16,68.75,154568931.32738695
200,0.05,2,10,1445.6407973913126,10.778287580054858,-38.28133379142245,14,78.57142857142857,154564079.73913127
200,0.05,2,12,1445.6407973913126,10.778287580054858,-38.28133379142245,14,78.57142857142857,154564079.73913127
200,0.04,1,8,1433.177546201183,10.744762931344587,-48.110986520080395,17,64.70588235294117,153317754.62011832
200,0.04,0,4,1423.4194878813857,10.718331315129115,-55.183797397833914,18,66.66666666666666,152341948.78813857
200,0.05,1,10,1421.9948696217236,10.714458830161956,-38.94931006937674,14,78.57142857142857,152199486.96217236
200,0.05,1,12,1421.9948696217236,10.714458830161956,-38.94931006937674,14,78.57142857142857,152199486.96217236
200,0.05,5,8,1408.9734287313288,10.678900564593729,-40.31204006209978,13,84.61538461538461,150897342.87313288
200,0.05,5,6,1408.9734287313288,10.678900564593729,-40.31204006209978,13,84.61538461538461,150897342.87313288
150,0.05,0,0,1408.660863343459,10.678043402235748,-53.09385650671552,18,61.111111111111114,150866086.33434588
250,0.03,4,4,1402.7987903524458,10.661935824120338,-46.47493076904769,15,73.33333333333333,150279879.03524458
200,0.04,2,4,1401.4270004378861,10.65815774045058,-48.40947146957429,17,70.58823529411765,150142700.0437886
250,0.04,0,0,1400.352277495538,10.655195494853785,-39.82985671965288,17,64.70588235294117,150035227.7495538
250,0.04,0,12,1392.8762682287577,10.63453276152011,-40.505411050921445,16,68.75,149287626.82287577
200,0.05,5,12,1389.5030032304085,10.625176857200614,-40.31204006209978,13,84.61538461538461,148950300.32304084
200,0.05,5,10,1389.5030032304085,10.625176857200614,-40.31204006209978,13,84.61538461538461,148950300.32304084
250,0.03,4,12,1387.5190622997684,10.619664776558203,-46.47493076904769,15,73.33333333333333,148751906.22997683
200,0.01,1,12,1383.709002129452,10.609059225018381,-38.531118443492765,28,46.42857142857143,148370900.2129452
200,0.04,0,6,1383.6265273668723,10.608829361356387,-55.6869653627234,18,66.66666666666666,148362652.73668724
250,0.03,4,6,1382.5507715705608,10.605830018098317,-46.47493076904769,15,73.33333333333333,148255077.1570561
250,0.03,4,8,1380.6009773662024,10.600388401529814,-46.47493076904769,15,73.33333333333333,148060097.73662025
250,0.03,4,10,1380.6009773662024,10.600388401529814,-46.47493076904769,15,73.33333333333333,148060097.73662025
200,0.04,1,10,1380.5627205648254,10.6002815628929,-48.110986520080395,17,64.70588235294117,148056272.05648255
150,0.04,3,10,1380.3715230447608,10.599747571405782,-41.506445901041126,17,70.58823529411765,148037152.30447608
250,0.04,0,2,1375.4452043960905,10.585966019277171,-39.82985671965288,17,64.70588235294117,147544520.43960905
150,0.05,0,2,1373.2053735992147,10.579685358692782,-54.35859921513914,18,61.111111111111114,147320537.35992146
200,0.04,2,6,1371.8240209757998,10.57580735386141,-48.40947146957429,17,70.58823529411765,147182402.09758
150,0.04,3,12,1368.6202458949413,10.566799583119568,-41.506445901041126,17,70.58823529411765,146862024.5894941
200,0.04,1,12,1367.878692710281,10.56471192797166,-48.110986520080395,17,64.70588235294117,146787869.2710281
150,0.04,2,2,1366.4385344978552,10.560654625332289,-49.06590186455682,18,72.22222222222221,146643853.44978553
200,0.04,0,12,1366.4025071717358,10.560553077755518,-55.6869653627234,18,66.66666666666666,146640250.71717358
200,0.04,0,8,1364.8077583454078,10.55605566873199,-55.6869653627234,18,61.111111111111114,146480775.83454078
200,0.04,0,10,1359.5855618002536,10.541295303937414,-55.6869653627234,18,61.111111111111114,145958556.18002534
150,0.03,3,8,1359.119978488894,10.539976881024904,-49.46129882591247,20,65.0,145911997.8488894
150,0.05,1,8,1358.3280473501306,10.537733386978655,-51.78098395430942,16,75.0,145832804.73501307
150,0.05,1,6,1358.3280473501306,10.537733386978655,-51.78098395430942,16,75.0,145832804.73501307
250,0.03,0,4,1352.1198286512758,10.52010512810282,-39.36391907699136,18,61.111111111111114,145211982.8651276
150,0.05,1,0,1346.963669021959,10.505408958413254,-47.168104585078886,17,64.70588235294117,144696366.9021959
200,0.04,1,2,1344.1761101113027,10.497442805508905,-48.110986520080395,18,66.66666666666666,144417611.01113027
150,0.05,0,6,1343.3816364032018,10.495169685948547,-55.539618062116126,17,70.58823529411765,144338163.64032018
150,0.05,0,8,1343.3816364032018,10.495169685948547,-55.539618062116126,17,70.58823529411765,144338163.64032018
250,0.04,0,4,1342.356132547486,10.492233769904846,-39.82985671965288,17,64.70588235294117,144235613.25474858
150,0.05,2,4,1341.8857720559365,10.49088650213812,-42.82515349036513,16,68.75,144188577.20559365
250,0.03,0,6,1340.5390262496594,10.487026636326346,-39.36391907699136,18,61.111111111111114,144053902.62496594
200,0.04,2,8,1340.1682351265729,10.485963313697265,-48.40947146957429,17,64.70588235294117,144016823.51265728
200,0.05,0,6,1339.8601521716453,10.485079619647664,-49.26161846410454,15,73.33333333333333,143986015.21716452
200,0.05,0,8,1339.8601521716453,10.485079619647664,-49.26161846410454,15,73.33333333333333,143986015.21716452
200,0.05,4,2,1338.450722339672,10.48103453946283,-41.02191746806848,14,71.42857142857143,143845072.2339672
200,0.05,4,0,1338.450722339672,10.48103453946283,-41.02191746806848,14,71.42857142857143,143845072.2339672
200,0.05,4,4,1337.186940351547,10.477404224716302,-41.02191746806848,14,71.42857142857143,143718694.0351547
250,0.03,1,4,1332.7382252541536,10.464600441285565,-44.90518239944918,17,64.70588235294117,143273822.52541536
150,0.05,1,10,1332.4053210936916,10.463640776109884,-51.78098395430942,16,75.0,143240532.10936916
200,0.05,1,0,1332.3422658153074,10.46345898202954,-38.94931006937674,15,66.66666666666666,143234226.58153075
200,0.05,2,0,1329.843542981459,10.456248729220086,-38.28133379142245,15,66.66666666666666,142984354.2981459
250,0.03,0,12,1328.7145657663643,10.452987001468372,-39.36391907699136,18,61.111111111111114,142871456.57663643
250,0.03,0,10,1328.7145657663643,10.452987001468372,-39.36391907699136,18,61.111111111111114,142871456.57663643
250,0.03,0,8,1328.7145657663643,10.452987001468372,-39.36391907699136,18,61.111111111111114,142871456.57663643
150,0.05,0,10,1327.7866074872702,10.450304179174852,-55.539618062116126,17,70.58823529411765,142778660.74872702
250,0.03,5,4,1326.5232124629351,10.4466488754821,-46.151957308591975,15,73.33333333333333,142652321.24629351
150,0.04,2,4,1324.1109752238285,10.439661033224823,-46.20216871626648,18,72.22222222222221,142411097.52238286
250,0.03,5,6,1323.6492403066284,10.438322166363578,-46.151957308591975,15,73.33333333333333,142364924.03066283
250,0.03,5,12,1323.2118339338615,10.437053458016132,-46.151957308591975,15,73.33333333333333,142321183.39338616
250,0.03,1,6,1319.230688285024,10.425488757618172,-44.90518239944918,17,64.70588235294117,141923068.8285024
150,0.04,2,6,1318.4373031203634,10.423180347588247,-45.15782933885736,18,72.22222222222221,141843730.31203634
150,0.04,2,8,1318.4373031203634,10.423180347588247,-45.15782933885736,18,72.22222222222221,141843730.31203634
200,0.05,2,2,1318.0834274603367,10.422150320573941,-38.28133379142245,15,66.66666666666666,141808342.74603367
250,0.03,5,10,1316.5921684007258,10.417806987993838,-46.151957308591975,15,73.33333333333333,141659216.84007257
250,0.03,5,8,1316.5921684007258,10.417806987993838,-46.151957308591975,15,73.33333333333333,141659216.84007257
250,0.02,3,10,1314.3008570795746,10.411124897237967,-43.36209298895285,20,65.0,141430085.70795745
250,0.04,0,6,1312.339079355498,10.405395530785144,-40.505411050921445,17,64.70588235294117,141233907.9355498
200,0.05,3,6,1309.348808838728,10.396647699146943,-39.077978928451195,14,78.57142857142857,140934880.8838728
200,0.05,3,8,1309.348808838728,10.396647699146943,-39.077978928451195,14,78.57142857142857,140934880.8838728
150,0.05,1,12,1308.4417803198546,10.393990717471668,-51.78098395430942,16,75.0,140844178.03198546
250,0.03,1,12,1307.2750468182692,10.390570552307633,-44.90518239944918,17,64.70588235294117,140727504.68182692
250,0.03,1,10,1307.2750468182692,10.390570552307633,-44.90518239944918,17,64.70588235294117,140727504.68182692
250,0.03,1,8,1307.2750468182692,10.390570552307633,-44.90518239944918,17,64.70588235294117,140727504.68182692
200,0.05,0,12,1307.114232723286,10.39009892748981,-49.26161846410454,15,73.33333333333333,140711423.27232862
200,0.05,0,10,1307.114232723286,10.39009892748981,-49.26161846410454,15,73.33333333333333,140711423.27232862
150,0.03,4,6,1306.721037416047,10.388945572045394,-48.66856105755753,20,65.0,140672103.7416047
200,0.05,1,2,1301.4520031514844,10.373459957510844,-38.94931006937674,15,66.66666666666666,140145200.31514844
200,0.04,0,2,1300.478783946814,10.370593549831497,-55.183797397833914,19,63.1578947368421,140047878.3946814
200,0.04,2,10,1299.9632474152017,10.369074370970143,-48.40947146957429,17,64.70588235294117,139996324.74152017
200,0.04,3,4,1298.6557621645265,10.365219067920627,-48.321732015184175,17,70.58823529411765,139865576.21645266
150,0.05,0,12,1298.4037112146384,10.364475461618138,-55.539618062116126,17,70.58823529411765,139840371.12146384
200,0.05,3,10,1294.011690672905,10.351497271864352,-39.077978928451195,14,78.57142857142857,139401169.06729048
200,0.05,3,12,1294.011690672905,10.351497271864352,-39.077978928451195,14,78.57142857142857,139401169.06729048
200,0.04,3,6,1289.574157310868,10.338344557672198,-48.321732015184175,17,70.58823529411765,138957415.7310868
150,0.03,3,6,1289.5033494716029,10.338134357828132,-49.46129882591247,21,61.904761904761905,138950334.9471603
200,0.04,2,12,1287.970277608614,10.333580757135419,-48.40947146957429,17,64.70588235294117,138797027.7608614
150,0.03,4,8,1283.6857679171253,10.32082898885096,-48.66856105755753,20,65.0,138368576.79171252
250,0.02,4,10,1283.1607224069564,10.31926370904599,-45.64930265358456,20,65.0,138316072.24069566
150,0.04,2,10,1282.6859422625478,10.317847789174174,-45.15782933885736,18,66.66666666666666,138268594.22625476
150,0.04,4,12,1282.556941654469,10.317462994409986,-42.396855897642084,16,68.75,138255694.1654469
250,0.02,5,10,1282.515333386742,10.31733887410744,-44.27739037864821,20,65.0,138251533.3386742
150,0.03,3,10,1281.7301109274213,10.314995827413043,-49.46129882591247,20,60.0,138173011.09274212
150,0.04,0,4,1281.3707609031223,10.31392312553978,-56.95600378376301,20,65.0,138137076.09031224
250,0.04,4,8,1277.5316032447301,10.302445995842934,-45.72229947516923,14,78.57142857142857,137753160.32447302
200,0.05,1,4,1276.9937410563498,10.300835602832969,-38.94931006937674,15,66.66666666666666,137699374.105635
150,0.03,3,4,1276.1637708304586,10.298349431629084,-49.46129882591247,21,61.904761904761905,137616377.08304587
250,0.03,4,2,1275.4916543258596,10.29633505244767,-46.47493076904769,16,68.75,137549165.43258595
200,0.05,2,4,1274.5938460668563,10.293642780951417,-39.23827982746556,15,66.66666666666666,137459384.60668564
200,0.04,2,2,1274.2353963669746,10.29256741945721,-48.40947146957429,18,66.66666666666666,137423539.63669747
150,0.05,3,6,1273.9366595871936,10.291670992484203,-43.86410825853571,15,80.0,137393665.95871937
150,0.05,3,8,1273.9366595871936,10.291670992484203,-43.86410825853571,15,80.0,137393665.95871937
200,0.04,5,4,1273.2814787827606,10.289704317792857,-44.32563169456239,17,64.70588235294117,137328147.87827605
200,0.04,5,8,1273.2814787827606,10.289704317792857,-44.32563169456239,17,64.70588235294117,137328147.87827605
200,0.04,5,2,1273.2814787827606,10.289704317792857,-44.32563169456239,17,64.70588235294117,137328147.87827605
200,0.04,5,6,1273.2814787827606,10.289704317792857,-44.32563169456239,17,64.70588235294117,137328147.87827605
200,0.04,3,8,1271.830811032495,10.285346591673083,-48.321732015184175,17,64.70588235294117,137183081.1032495
150,0.05,1,2,1262.7482147712283,10.257961722427966,-49.14628155976957,17,64.70588235294117,136274821.47712284
250,0.04,4,12,1260.6248799407788,10.251534336364653,-45.72229947516923,14,78.57142857142857,136062487.9940779
250,0.04,4,10,1260.6248799407788,10.251534336364653,-45.72229947516923,14,78.57142857142857,136062487.9940779
150,0.05,3,10,1258.9852937926146,10.246564659554537,-43.86410825853571,15,80.0,135898529.37926146
200,0.05,0,0,1252.8911900614905,10.228042359928091,-48.6854895658775,16,62.5,135289119.00614905
150,0.05,3,12,1241.123095447584,10.192046226823326,-43.86410825853571,15,80.0,134112309.54475841
150,0.03,3,2,1237.0534201308894,10.179527154980338,-48.95943926826667,22,59.09090909090909,133705342.01308894
150,0.04,2,12,1233.520424562707,10.168629229434778,-45.15782933885736,18,66.66666666666666,133352042.45627068
150,0.03,4,2,1232.9970606523007,10.16701249102181,-46.875433804296144,22,59.09090909090909,133299706.06523007
200,0.04,4,2,1231.909134121983,10.16364978992046,-46.74052224277237,17,64.70588235294117,133190913.41219829
200,0.04,4,6,1231.909134121983,10.16364978992046,-46.74052224277237,17,64.70588235294117,133190913.41219829
200,0.04,4,4,1231.909134121983,10.16364978992046,-46.74052224277237,17,64.70588235294117,133190913.41219829
250,0.04,5,8,1230.210972858162,10.158395609775383,-46.46671011824909,14,78.57142857142857,133021097.2858162
250,0.04,5,6,1230.210972858162,10.158395609775383,-46.46671011824909,14,78.57142857142857,133021097.2858162
150,0.04,5,12,1228.8570832335977,10.154201992074618,-41.02874709855682,16,68.75,132885708.32335977
150,0.05,5,8,1228.4717993372883,10.153007839213712,-44.02965711322796,15,80.0,132847179.93372883
150,0.05,5,6,1228.4717993372883,10.153007839213712,-44.02965711322796,15,80.0,132847179.93372883
200,0.05,0,2,1223.7142724123867,10.138234773706545,-48.6854895658775,16,62.5,132371427.24123867
200,0.04,5,10,1222.2620019186788,10.13371500231881,-44.32563169456239,17,64.70588235294117,132226200.19186789
250,0.02,3,6,1221.912383356361,10.132626202123518,-43.36209298895285,21,61.904761904761905,132191238.33563611
200,0.04,4,8,1221.1025958636887,10.130103255100288,-46.74052224277237,17,64.70588235294117,132110259.58636889
200,0.05,5,0,1219.6660596256147,10.125623965486753,-40.31204006209978,14,71.42857142857143,131966605.96256149
200,0.05,5,2,1219.6660596256147,10.125623965486753,-40.31204006209978,14,71.42857142857143,131966605.96256149
150,0.03,4,4,1218.7465509468743,10.122754364477116,-48.66856105755753,21,61.904761904761905,131874655.09468742
200,0.05,5,4,1218.5070048066275,10.122006473077061,-40.31204006209978,14,71.42857142857143,131850700.48066276
150,0.03,4,10,1217.8913688167472,10.12008378446283,-48.66856105755753,20,60.0,131789136.88167474
200,0.04,3,10,1217.0278411759905,10.117385449727024,-48.321732015184175,17,64.70588235294117,131702784.11759906
150,0.05,4,8,1216.0749471156842,10.114405887238709,-46.29622157034537,15,80.0,131607494.7115684
150,0.05,4,6,1216.0749471156842,10.114405887238709,-46.29622157034537,15,80.0,131607494.7115684
150,0.05,3,0,1215.5083287710254,10.11263316856068,-41.02872373343413,16,68.75,131550832.87710252
250,0.04,5,10,1213.6962769694924,10.106959056507048,-46.46671011824909,14,78.57142857142857,131369627.69694923
250,0.04,5,12,1213.6962769694924,10.106959056507048,-46.46671011824909,14,78.57142857142857,131369627.69694923
150,0.05,5,12,1211.3337830861149,10.099550009642577,-44.02965711322796,15,80.0,131133378.30861148
150,0.05,5,10,1211.3337830861149,10.099550009642577,-44.02965711322796,15,80.0,131133378.30861148
250,0.03,5,2,1209.9957937432541,10.095348223179856,-46.151957308591975,16,68.75,130999579.37432542
150,0.05,4,10,1209.7963018695968,10.09472139029497,-46.29622157034537,15,80.0,130979630.18695968
250,0.02,3,4,1206.6986258396978,10.084976224494046,-43.36209298895285,21,61.904761904761905,130669862.58396979
250,0.04,4,0,1206.3650041311955,10.083925337648525,-45.105980271058904,15,73.33333333333333,130636500.41311955
250,0.02,5,4,1205.1950793086528,10.080238107442252,-44.27739037864821,21,61.904761904761905,130519507.93086527
250,0.02,2,10,1203.7191076250258,10.075581773611141,-44.703256915595084,22,59.09090909090909,130371910.76250258
200,0.05,0,4,1200.6152251248704,10.065773195893124,-48.6854895658775,16,62.5,130061522.51248705
250,0.02,4,6,1199.7931082719044,10.063171450293007,-45.64930265358456,21,61.904761904761905,129979310.82719044
250,0.02,4,4,1198.600311160426,10.059393798468609,-45.64930265358456,21,61.904761904761905,129860031.1160426
250,0.02,2,12,1196.1287404289808,10.051555560071668,-44.703256915595084,22,59.09090909090909,129612874.04289807
250,0.02,3,8,1194.489163959608,10.046347932248212,-43.36209298895285,21,61.904761904761905,129448916.3959608
250,0.03,3,4,1194.4599990051436,10.046255240966385,-44.72312744847902,16,68.75,129445999.90051435
250,0.02,5,6,1192.8570381650957,10.041157659369837,-44.27739037864821,21,61.904761904761905,129285703.81650957
250,0.03,3,6,1192.2329655549684,10.03917139821131,-44.72312744847902,16,68.75,129223296.55549684
150,0.03,2,8,1191.5690557574205,10.037057331684696,-49.74749065138535,22,59.09090909090909,129156905.57574205
150,0.05,0,4,1189.1573777045178,10.029369091555985,-55.539618062116126,18,61.111111111111114,128915737.77045177
250,0.05,0,0,1188.4540768468628,10.027124416119705,-38.6123242213854,15,73.33333333333333,128845407.68468629
200,0.03,3,2,1187.4984594162395,10.02407254898614,-40.59902979558325,21,61.904761904761905,128749845.94162396
250,0.03,3,12,1186.372809308069,10.020474865974883,-44.72312744847902,16,68.75,128637280.9308069
150,0.04,0,6,1186.2170024715895,10.019976654009998,-59.186097879051594,20,65.0,128621700.24715894
150,0.03,5,6,1185.047127488018,10.016233974747891,-46.27047807190892,20,65.0,128504712.74880181
200,0.04,3,2,1184.401088023653,10.014165750922487,-48.321732015184175,18,66.66666666666666,128440108.8023653
200,0.05,3,0,1180.628806431907,10.00206917723563,-39.83108883857477,15,66.66666666666666,128062880.6431907
250,0.03,3,10,1180.3906434627343,10.001304309464532,-44.72312744847902,16,68.75,128039064.34627344
250,0.03,3,8,1180.3906434627343,10.001304309464532,-44.72312744847902,16,68.75,128039064.34627344
200,0.04,4,10,1179.3352455485337,9.99791321730874,-46.74052224277237,17,64.70588235294117,127933524.55485336
250,0.04,4,2,1178.19350108243,9.994241651855006,-45.13993771284115,15,73.33333333333333,127819350.108243
150,0.05,4,12,1176.5008512830823,9.988792698643788,-46.29622157034537,15,80.0,127650085.12830822
150,0.04,0,2,1175.5365854742006,9.985685437856496,-57.7759936226925,21,61.904761904761905,127553658.54742005
150,0.03,2,10,1173.1611690676505,9.97802121311404,-49.74749065138535,22,59.09090909090909,127316116.90676503
150,0.05,5,0,1172.3027138508244,9.975248041132723,-40.971419255397166,16,68.75,127230271.38508242
150,0.05,1,4,1170.7141547040328,9.970111572154128,-51.78098395430942,17,64.70588235294117,127071415.47040327
150,0.04,1,4,1170.3288204451658,9.968864695550629,-55.721868450249545,20,65.0,127032882.04451658
250,0.02,4,8,1170.1723760635796,9.968358364028251,-45.64930265358456,21,61.904761904761905,127017237.60635796
200,0.05,3,2,1170.0955981124841,9.96810985058132,-40.32605090304428,15,66.66666666666666,127009559.8112484
150,0.04,0,8,1169.9016796441238,9.967482114489323,-59.186097879051594,20,65.0,126990167.96441236
250,0.04,5,0,1169.6242124865068,9.966583761316938,-45.87804803229207,15,73.33333333333333,126962421.24865068
250,0.02,5,8,1166.4108984626528,9.95616625055218,-44.27739037864821,21,61.904761904761905,126641089.84626529
150,0.05,3,2,1165.7909248428844,9.954153378487707,-41.78385255402296,16,68.75,126579092.48428844
250,0.04,1,8,1164.69238161077,9.950584399832984,-43.92495079824308,16,68.75,126469238.16107702
250,0.04,4,4,1162.7290766650303,9.944198519645319,-45.75586907577705,15,73.33333333333333,126272907.66650304
150,0.05,4,0,1162.347577810536,9.942956540806925,-43.3618230252958,16,68.75,126234757.7810536
200,0.03,1,12,1161.2777662015205,9.939471814792068,-48.20988090513404,20,65.0,126127776.62015204
250,0.04,1,12,1160.182350834317,9.935900739535587,-43.92495079824308,16,68.75,126018235.08343172
250,0.04,1,10,1160.182350834317,9.935900739535587,-43.92495079824308,16,68.75,126018235.08343172
200,0.02,2,10,1159.5634076197014,9.933881651294275,-41.94258803882526,24,54.166666666666664,125956340.76197013
150,0.04,4,2,1159.5605451636343,9.933872311302494,-42.6830156503147,17,70.58823529411765,125956054.51636344
200,0.03,4,12,1155.8799721070166,9.921845925641604,-45.37308662060552,19,57.89473684210527,125587997.21070166
150,0.03,5,8,1154.8220268076443,9.918382778862945,-46.27047807190892,20,65.0,125482202.68076444
250,0.02,2,4,1150.1890330034205,9.903183656007485,-44.703256915595084,23,56.52173913043478,125018903.30034204
150,0.04,0,10,1150.101820953861,9.902897026218294,-59.186097879051594,20,65.0,125010182.0953861
250,0.05,0,2,1147.6773494228448,9.894921079882192,-38.6123242213854,15,73.33333333333333,124767734.94228448
200,0.03,3,12,1146.5124401777462,9.891083492111008,-46.74321948898916,19,57.89473684210527,124651244.0177746
250,0.01,4,12,1146.340231384072,9.890515887776541,-44.68469730847552,23,60.86956521739131,124634023.13840722
200,0.03,3,8,1146.046915217435,9.889548936797032,-43.455080144679094,20,65.0,124604691.5217435
250,0.04,4,6,1144.5138235861054,9.884491353044966,-45.75586907577705,15,73.33333333333333,124451382.35861053
250,0.01,0,10,1143.850610361978,9.882301590951093,-41.41488464485351,32,43.75,124385061.0361978
250,0.04,5,2,1142.2442391724949,9.876993098716857,-47.0451865588473,15,73.33333333333333,124224423.9172495
200,0.02,2,4,1141.913358693167,9.875898834332553,-43.47049084234097,24,54.166666666666664,124191335.86931671
250,0.04,1,0,1140.5165847495928,9.871276427872333,-43.2882221473578,17,64.70588235294117,124051658.47495928
200,0.02,3,4,1140.0577216579527,9.86975679837856,-40.52055481779887,23,56.52173913043478,124005772.16579528
150,0.03,2,6,1138.920475316513,9.865988214003885,-49.74749065138535,23,56.52173913043478,123892047.53165129
250,0.03,2,4,1138.9095307878006,9.86595193006654,-45.91278993221797,17,64.70588235294117,123890953.07878007
150,0.03,3,12,1138.1783165612005,9.863527066974797,-51.32593241770207,20,60.0,123817831.65612006
150,0.03,2,4,1136.7882678358883,9.858913563999462,-49.74749065138535,23,56.52173913043478,123678826.78358884
150,0.04,4,8,1136.2426324886515,9.857101262977919,-42.396855897642084,17,70.58823529411765,123624263.24886513
150,0.04,4,4,1136.2426324886515,9.857101262977919,-42.396855897642084,17,70.58823529411765,123624263.24886513
150,0.04,4,6,1136.2426324886515,9.857101262977919,-42.396855897642084,17,70.58823529411765,123624263.24886513
250,0.02,5,2,1135.863522061164,9.855841612895189,-44.27739037864821,22,59.09090909090909,123586352.20611641
200,0.05,3,4,1131.1452540282962,9.840133276114127,-42.10512262470368,15,66.66666666666666,123114525.40282963
150,0.04,5,2,1131.1066953459492,9.840004665696611,-41.251387772589446,17,70.58823529411765,123110669.53459491
250,0.04,2,8,1131.099471375597,9.839980570099582,-45.052986756525684,15,73.33333333333333,123109947.13755971
150,0.04,0,12,1128.7342273284253,9.832083957409177,-59.186097879051594,20,60.0,122873422.73284252
250,0.04,5,4,1127.2144284872447,9.827002225911109,-47.63971639125096,15,73.33333333333333,122721442.84872447
250,0.04,1,2,1124.5141291888826,9.817958308296681,-43.2882221473578,17,64.70588235294117,122451412.91888826
150,0.05,5,2,1124.214704348665,9.816954284121348,-40.971419255397166,16,68.75,122421470.4348665
250,0.04,2,12,1122.5819786570507,9.811475305257922,-45.052986756525684,15,73.33333333333333,122258197.86570507
250,0.04,2,10,1122.5819786570507,9.811475305257922,-45.052986756525684,15,73.33333333333333,122258197.86570507
250,0.02,2,6,1122.433926212751,9.810978133679571,-44.703256915595084,23,56.52173913043478,122243392.6212751
150,0.04,1,12,1116.524750264424,9.791087189017578,-55.90143886447281,19,63.1578947368421,121652475.0264424
250,0.04,3,8,1116.0619077571778,9.789525284160948,-45.100320087383786,15,73.33333333333333,121606190.7757178
150,0.05,4,2,1114.6368726326764,9.784712775535276,-43.894426715679714,16,68.75,121463687.26326764
200,0.04,3,12,1114.588934129539,9.784550787182479,-48.321732015184175,17,64.70588235294117,121458893.4129539
200,0.04,5,12,1113.7445297543236,9.781696462272492,-44.32563169456239,17,64.70588235294117,121374452.97543237
200,0.03,3,4,1112.8951794501615,9.778823489727406,-43.455080144679094,21,61.904761904761905,121289517.94501615
150,0.03,4,12,1111.0682745293693,9.772637318282706,-49.762119502719834,20,60.0,121106827.45293695
200,0.04,0,0,1108.5117166029233,9.763965335350267,-55.557246836814414,21,57.14285714285714,120851171.66029234
150,0.04,5,4,1108.3170531000453,9.763304302884723,-41.02874709855682,17,70.58823529411765,120831705.31000453
150,0.04,5,8,1108.3170531000453,9.763304302884723,-41.02874709855682,17,70.58823529411765,120831705.31000453
150,0.04,5,6,1108.3170531000453,9.763304302884723,-41.02874709855682,17,70.58823529411765,120831705.31000453
250,0.03,2,6,1106.6703569214314,9.757708396605281,-45.91278993221797,17,64.70588235294117,120667035.69214313
150,0.04,4,10,1105.3344198142295,9.753163127627662,-42.396855897642084,17,70.58823529411765,120533441.98142295
200,0.01,5,12,1104.8816714140921,9.751621638023543,-41.69639772964374,26,53.84615384615385,120488167.1414092
150,0.03,4,0,1103.4753245942045,9.746829837368143,-46.875393990926135,23,56.52173913043478,120347532.45942044
250,0.04,3,12,1102.3508353368409,9.742994521375813,-45.100320087383786,15,73.33333333333333,120235083.53368407
250,0.04,3,10,1102.3508353368409,9.742994521375813,-45.100320087383786,15,73.33333333333333,120235083.53368407
150,0.05,3,4,1100.2072755657434,9.735673868916006,-44.80001013072997,16,68.75,120020727.55657434
250,0.01,0,8,1100.0110499197417,9.735003093425721,-41.41488464485351,33,42.42424242424242,120001104.99197417
250,0.03,0,2,1099.8936198371914,9.734601621281014,-39.36391907699136,20,55.00000000000001,119989361.98371913
200,0.03,3,6,1098.8303444101289,9.730964752912087,-43.455080144679094,21,61.904761904761905,119883034.44101289
250,0.02,1,0,1097.5623780265416,9.726623690282633,-39.47069188540404,29,44.827586206896555,119756237.80265416
150,0.03,5,4,1097.2154476427872,9.72543515403319,-46.27047807190892,21,61.904761904761905,119721544.76427872
150,0.04,1,2,1097.0746763085656,9.724952796054009,-58.208677387026654,21,61.904761904761905,119707467.63085656
250,0.02,2,8,1096.2629234291333,9.722170230252637,-44.703256915595084,23,56.52173913043478,119626292.34291333
250,0.03,2,8,1094.6485447850887,9.716630979089969,-45.91278993221797,17,64.70588235294117,119464854.47850887
250,0.03,2,10,1094.6485447850887,9.716630979089969,-45.91278993221797,17,64.70588235294117,119464854.47850887
200,0.02,4,4,1094.387983380107,9.715736266294872,-48.887353313886535,22,59.09090909090909,119438798.3380107
250,0.02,3,12,1092.680082699602,9.709867040133325,-43.36209298895285,20,65.0,119268008.2699602
150,0.03,5,10,1092.3529412442854,9.708741890441575,-46.27047807190892,20,60.0,119235294.12442854
250,0.05,1,2,1092.2720511587577,9.70846363635971,-43.92490629366667,14,78.57142857142857,119227205.11587578
250,0.05,1,0,1092.2720511587577,9.70846363635971,-43.92490629366667,14,78.57142857142857,119227205.11587578
250,0.02,5,0,1089.6604327061932,9.699470142477962,-44.277413859960916,23,56.52173913043478,118966043.27061933
250,0.01,0,12,1089.1844830347209,9.697829092357924,-41.41488464485351,32,43.75,118918448.30347209
250,0.03,3,2,1087.764011324948,9.692927616632673,-44.72312744847902,17,64.70588235294117,118776401.13249479
250,0.01,0,6,1086.8616775421199,9.689811094674061,-41.41488464485351,34,41.17647058823529,118686167.75421199
250,0.04,1,4,1084.4042348513683,9.681311887513022,-43.92495079824308,17,64.70588235294117,118440423.48513684
150,0.04,3,0,1082.8303625266228,9.675859637507722,-46.46046249651478,20,65.0,118283036.25266229
250,0.05,2,2,1079.213260661753,9.663302663195129,-45.05300085916531,14,78.57142857142857,117921326.06617531
250,0.02,0,0,1078.5649796148157,9.66104820132756,-39.19267052230958,32,40.625,117856497.96148157
200,0.02,4,12,1076.5926240606182,9.654181790465866,-46.212337957635796,22,59.09090909090909,117659262.40606181
250,0.04,2,2,1076.5605949305718,9.65407019525144,-44.429069774832556,16,68.75,117656059.49305719
200,0.03,2,12,1076.2765652204512,9.653080456999973,-47.69612172357846,20,65.0,117627656.52204512
200,0.02,5,4,1075.3697221804368,9.649918904644107,-45.35429903821026,22,59.09090909090909,117536972.2180437
250,0.03,1,2,1074.6346378146472,9.647354435813483,-44.90518239944918,19,57.89473684210527,117463463.78146474
200,0.04,4,12,1074.3439974610176,9.646340060540792,-46.74052224277237,17,64.70588235294117,117434399.74610175
250,0.04,2,0,1074.29100286028,9.646155075961648,-44.429069774832556,16,68.75,117429100.286028
250,0.02,3,2,1072.9475486296897,9.641462887318287,-43.36209298895285,23,56.52173913043478,117294754.86296897
150,0.03,2,2,1072.744125351799,9.640751954123283,-50.81089177103563,24,54.166666666666664,117274412.53517991
100,0.05,1,4,1072.4527073151467,9.639733285860519,-48.23272462294782,20,60.0,117245270.73151465
200,0.02,2,6,1071.634520421629,9.636871963905257,-46.39926826523697,24,54.166666666666664,117163452.04216291
200,0.03,0,10,1070.195170873462,9.631833671878297,-55.7834918136281,22,59.09090909090909,117019517.08734621
250,0.05,2,0,1069.910476872225,9.630836423788725,-45.05300085916531,14,78.57142857142857,116991047.68722251
200,0.02,2,8,1064.846167678348,9.613057623924547,-46.39926826523697,24,54.166666666666664,116484616.7678348
250,0.02,4,2,1064.675694330655,9.61245786535667,-45.64930265358456,23,56.52173913043478,116467569.4330655
150,0.04,1,6,1064.4453747482726,9.611647421809,-58.708366946477206,20,65.0,116444537.47482727
200,0.02,3,6,1064.414831920815,9.61153993678263,-43.38036343156948,23,56.52173913043478,116441483.19208151
100,0.05,1,8,1062.3946082587604,9.604424417750334,-48.91762499336608,20,60.0,116239460.82587604
100,0.05,1,6,1062.3946082587604,9.604424417750334,-48.91762499336608,20,60.0,116239460.82587604
150,0.05,5,4,1060.7884357268663,9.598758746752578,-44.02965711322796,16,68.75,116078843.57268663
200,0.03,0,12,1059.8584836607795,9.595474949734694,-55.41194990878766,22,59.09090909090909,115985848.36607794
200,0.01,2,10,1059.0555943662994,9.592637790667169,-39.46449484788051,28,53.57142857142857,115905559.43662994
200,0.03,2,2,1058.2073356537996,9.589638254329348,-45.30009792342996,22,59.09090909090909,115820733.56537996
250,0.05,0,4,1055.914728146563,9.58152074766032,-38.6123242213854,15,73.33333333333333,115591472.81465629
150,0.04,5,10,1055.6066232003927,9.580428649742245,-41.02874709855682,17,70.58823529411765,115560662.32003929
200,0.02,3,8,1055.256442322879,9.579187070595063,-43.38036343156948,23,56.52173913043478,115525644.23228788
250,0.03,2,12,1054.922267502098,9.578001903645639,-45.91278993221797,17,64.70588235294117,115492226.75020982
250,0.04,1,6,1053.1410019070447,9.571678985500975,-43.92495079824308,17,64.70588235294117,115314100.19070448
150,0.05,4,4,1051.7074129294751,9.566583375097704,-46.80121380476528,16,68.75,115170741.29294752
250,0.01,5,12,1050.7016884552404,9.56300493924267,-46.08085700633389,23,60.86956521739131,115070168.84552404
250,0.04,3,2,1048.5487632499405,9.555334553986672,-44.476940715809555,16,68.75,114854876.32499404
250,0.02,2,2,1048.032045329217,9.553491545509129,-44.703256915595084,25,52.0,114803204.53292169
150,0.03,5,2,1046.2930697895813,9.547283167224618,-46.09168792263697,22,59.09090909090909,114629306.97895813
200,0.03,2,10,1046.2776286858982,9.54722799979364,-49.90102666963366,20,65.0,114627762.86858982
150,0.04,1,8,1045.371179116536,9.543988214472554,-58.708366946477206,20,65.0,114537117.91165361
250,0.01,0,4,1043.5510142152918,9.537475214280299,-41.41488464485351,35,40.0,114355101.42152917
200,0.03,3,0,1042.0432726032209,9.532072580684957,-38.53118590129505,22,59.09090909090909,114204327.26032208
250,0.03,2,2,1038.9289299904851,9.520891302322187,-45.91278993221797,18,61.111111111111114,113892892.99904852
250,0.04,2,4,1038.0197215392468,9.517621463144055,-45.052986756525684,16,68.75,113801972.15392467
250,0.02,4,12,1031.836792363041,9.495318509808603,-45.64930265358456,20,65.0,113183679.23630409
200,0.03,2,4,1031.7057468519981,9.494844536640802,-48.134092205597575,21,61.904761904761905,113170574.68519981
250,0.01,5,10,1031.647627342983,9.494634309645678,-47.04332438998773,24,58.333333333333336,113164762.7342983
150,0.03,0,12,1031.3476270629399,9.493548998254987,-57.228682771217464,24,54.166666666666664,113134762.70629397
200,0.01,4,12,1028.743884025927,9.484117780457325,-44.84962061225388,27,55.55555555555556,112874388.4025927
250,0.02,0,12,1028.479368271521,9.483158486061939,-39.19266711649181,26,50.0,112847936.82715212
250,0.04,3,0,1028.4760277952496,9.483146370087026,-44.476940715809555,16,68.75,112847602.77952497
150,0.03,2,12,1026.5282184349176,9.476075740360578,-51.05869366728296,22,59.09090909090909,112652821.84349175
250,0.05,4,0,1023.9234677495008,9.466601972319722,-45.72232368870916,14,78.57142857142857,112392346.77495007
250,0.02,5,12,1023.692387353257,9.465760486808916,-44.27739037864821,20,65.0,112369238.7353257
100,0.05,0,2,1023.6064027001056,9.465447328845599,-55.732389417303516,21,61.904761904761905,112360640.27001056
200,0.03,2,6,1020.7366015459463,9.454982195568618,-48.134092205597575,21,61.904761904761905,112073660.15459463
250,0.04,2,6,1018.3721564202251,9.446340514013652,-45.052986756525684,16,68.75,111837215.6420225
200,0.02,4,6,1017.5501762509251,9.443332183293474,-51.535475629778645,22,59.09090909090909,111755017.6250925
200,0.03,0,4,1017.0377989040793,9.441455877101102,-55.7834918136281,23,56.52173913043478,111703779.89040793
150,0.03,0,10,1016.7967473621701,9.440572869018759,-62.30214284834652,25,52.0,111679674.736217
250,0.02,1,12,1012.8268318640579,9.426004018785793,-39.47065931933459,24,54.166666666666664,111282683.1864058
200,0.02,5,2,1012.8078183929113,9.425934122581214,-45.62575623903629,23,56.52173913043478,111280781.83929113
250,0.01,3,12,1011.871626097514,9.422491124877475,-43.93190844966862,25,56.00000000000001,111187162.60975139
200,0.02,4,8,1011.4055229884102,9.420775915065672,-51.535475629778645,22,59.09090909090909,111140552.29884101
250,0.04,3,4,1010.927581122797,9.419016420700089,-45.3302414143536,16,68.75,111092758.1122797
200,0.01,1,10,1010.5431704971261,9.417600723275555,-50.315472328962144,30,43.333333333333336,111054317.04971261
150,0.04,1,10,1010.3040278741867,9.416719777034022,-58.708366946477206,20,60.0,111030402.78741866
100,0.05,1,2,1009.4289382389421,9.41349459095051,-54.13235233348965,21,57.14285714285714,110942893.82389422
200,0.04,4,0,1009.1326576188859,9.412402079156168,-46.986432475650474,19,57.89473684210527,110913265.7618886
200,0.03,4,2,1008.5344661551316,9.410195438104129,-48.65031517937181,21,61.904761904761905,110853446.61551316
200,0.03,0,6,1006.1037686278448,9.40121714187281,-55.7834918136281,23,56.52173913043478,110610376.86278448
250,0.05,4,2,1005.2797657362557,9.398169201653506,-45.72232368870916,14,78.57142857142857,110527976.57362556
250,0.05,1,4,1004.5849605627575,9.395597456240502,-43.92490629366667,14,78.57142857142857,110458496.05627576
250,0.01,4,10,1003.9573302019916,9.393273012053216,-48.876852880125895,25,56.00000000000001,110395733.02019916
250,0.01,5,4,1002.7979969432232,9.388976046277309,-47.04332438998773,25,56.00000000000001,110279799.69432233
200,0.02,5,8,1001.632544761969,9.38465201616241,-48.18546912506878,22,59.09090909090909,110163254.4761969
250,0.02,2,0,1000.3537760672373,9.379902492614246,-44.703266725128024,27,48.148148148148145,110035377.60672373
250,0.04,3,6,1000.0789583851877,9.3788810881819,-45.3302414143536,16,68.75,110007895.83851877
250,0.05,3,0,999.0574292438466,9.375082255041466,-45.10034891026594,14,78.57142857142857,109905742.92438467
250,0.01,0,2,998.5295575729527,9.373117888906846,-41.414864758542386,37,40.54054054054054,109852955.75729527
200,0.02,5,6,998.4522581098915,9.372830158544199,-48.18546912506878,22,59.09090909090909,109845225.81098916
200,0.02,4,10,995.2523144658095,9.360901930844246,-51.535475629778645,22,59.09090909090909,109525231.44658095
150,0.03,1,8,995.0570664145075,9.36017303153518,-58.70939075218297,24,54.166666666666664,109505706.64145076
150,0.03,5,12,994.8260140433537,9.359310306034008,-48.61986856349067,20,60.0,109482601.40433536
200,0.03,1,0,991.481732490327,9.346803441024276,-50.236987828700954,24,54.166666666666664,109148173.24903269
200,0.02,5,10,990.8349557050968,9.344380384201955,-48.18546912506878,22,59.09090909090909,109083495.57050969
200,0.04,5,0,989.8692330894764,9.340759867069082,-46.57619482045185,19,57.89473684210527,108986923.30894765
200,0.03,2,8,989.7708379885905,9.340390808151655,-48.134092205597575,21,61.904761904761905,108977083.79885906
200,0.03,3,10,983.9761911286259,9.318599565368647,-50.726140235171826,20,65.0,108397619.1128626
250,0.05,2,4,983.8679392472299,9.318191409255228,-45.05300085916531,14,78.57142857142857,108386793.92472298
200,0.03,0,0,983.8034886388799,9.317948384127671,-49.45379865657624,26,50.0,108380348.863888
200,0.03,5,2,983.3381867330086,9.316193448555188,-43.052299732874886,21,61.904761904761905,108333818.67330086
100,0.05,3,2,983.2785131629802,9.31596833085444,-55.40072057097891,19,63.1578947368421,108327851.31629802
250,0.05,3,2,980.8275456448014,9.306711761164843,-45.10034891026594,14,78.57142857142857,108082754.56448014
100,0.05,1,10,977.7407417828899,9.295025036637906,-48.91762499336608,20,60.0,107774074.17828898
150,0.04,2,0,976.1556412287152,9.289011275264158,-53.420995732736834,21,61.904761904761905,107615564.12287152
200,0.03,0,8,975.7573925320271,9.287499007130284,-55.7834918136281,23,56.52173913043478,107575739.2532027
150,0.03,1,10,974.7888233557806,9.283818813029932,-58.70939075218297,24,54.166666666666664,107478882.33557805
250,0.01,5,6,974.2331676392234,9.281706091501052,-47.04332438998773,25,56.00000000000001,107423316.76392235
200,0.02,3,2,973.61479223251,9.279353659199895,-40.583241549357545,25,52.0,107361479.223251
250,0.01,4,4,972.6618654881431,9.2757259671971,-48.876852880125895,26,53.84615384615385,107266186.54881431
100,0.04,1,10,972.1498002160995,9.273775306880205,-53.63540136447389,24,50.0,107214980.02160996
200,0.01,3,6,969.5308113928805,9.263784492127991,-41.12402049886138,29,51.724137931034484,106953081.13928805
150,0.03,5,0,967.5174336828029,9.256087914447475,-46.09159477944815,23,56.52173913043478,106751743.36828029
200,0.02,5,12,966.6019827927693,9.252583780502688,-48.20323956053766,22,59.09090909090909,106660198.27927692
250,0.05,0,6,965.7793311740319,9.2494323900169,-42.841127950376354,15,73.33333333333333,106577933.11740318
250,0.05,0,8,965.7793311740319,9.2494323900169,-42.841127950376354,15,73.33333333333333,106577933.11740318
250,0.01,1,12,961.97085339669,9.234812401287428,-44.33095859088646,28,46.42857142857143,106197085.339669
200,0.03,4,8,961.1928977278312,9.231819777297968,-51.310643003546645,20,65.0,106119289.77278312
200,0.02,2,2,961.1399501686113,9.2316160229573,-43.75130922007056,26,50.0,106113995.01686114
200,0.01,5,10,959.7947968879749,9.226436279573624,-44.36582619262349,27,51.85185185185185,105979479.68879749
150,0.03,3,0,957.6564585800822,9.218189200338788,-48.95940405128834,24,54.166666666666664,105765645.85800822
100,0.04,0,10,957.1547688161457,9.216251973765832,-54.59777850941111,25,52.0,105715476.88161458
200,0.02,0,4,955.0754004836664,9.208213247019813,-54.20686443056382,29,44.827586206896555,105507540.04836664
250,0.01,4,6,954.8475349910035,9.207331404216124,-48.876852880125895,26,53.84615384615385,105484753.49910034
200,0.04,3,0,954.5564200001763,9.206204518102389,-48.25353899075659,20,60.0,105455642.00001763
200,0.01,5,6,953.7804385742502,9.203199283791609,-44.36582619262349,27,55.55555555555556,105378043.85742502
250,0.05,0,10,953.7603636495339,9.203121509010437,-42.841127950376354,15,73.33333333333333,105376036.36495338
250,0.05,0,12,953.7603636495339,9.203121509010437,-42.841127950376354,15,73.33333333333333,105376036.36495338
150,0.03,0,6,952.8327749092524,9.199526264837864,-62.30214284834652,26,50.0,105283277.49092524
200,0.03,4,10,952.4168402081642,9.197913151928304,-51.310643003546645,20,65.0,105241684.02081642
250,0.02,4,0,952.1495313274295,9.196876128193686,-45.64929628214774,24,54.166666666666664,105214953.13274296
250,0.02,1,10,951.1343903252694,9.192935580973893,-39.47065931933459,25,52.0,105113439.03252694
200,0.03,1,10,950.1943216288765,9.189283179069797,-57.61436079027021,21,61.904761904761905,105019432.16288765
150,0.03,1,6,950.1848817771347,9.189246486928049,-58.70939075218297,25,52.0,105018488.17771347
250,0.03,4,0,949.4970005421126,9.186571878656235,-46.47491723229113,19,57.89473684210527,104949700.05421126
150,0.03,1,4,948.7422004916659,9.183635135337997,-58.91451815106321,25,52.0,104874220.04916659
200,0.01,2,6,946.7964722181456,9.176055387369676,-44.11137961290728,29,51.724137931034484,104679647.22181456
200,0.01,3,4,945.6546632584545,9.171601057657487,-41.41650595186162,30,50.0,104565466.32584547
250,0.02,0,4,945.5252319202328,9.17109583551261,-39.19266711649181,28,46.42857142857143,104552523.19202329
250,0.02,3,0,945.4848760981905,9.170938298328313,-43.36210215821046,24,54.166666666666664,104548487.60981905
200,0.01,3,8,944.3415459999928,9.166472642167122,-41.12402049886138,29,51.724137931034484,104434154.59999928
200,0.03,1,2,941.7528856728774,9.156344352492107,-55.2983298267596,23,56.52173913043478,104175288.56728774
200,0.03,5,8,941.5958686706072,9.155729234938326,-46.00275304504763,20,65.0,104159586.8670607
100,0.05,3,10,939.9362055472877,9.149222004663326,-53.72220546794425,18,61.111111111111114,103993620.55472878
250,0.01,5,8,939.206443599428,9.146357579058773,-47.04332438998773,25,56.00000000000001,103920644.3599428
200,0.01,5,4,938.3975489090609,9.143180282022033,-44.57586987868293,28,53.57142857142857,103839754.8909061
250,0.02,0,10,935.021836480621,9.129894886169465,-39.19266711649181,27,48.148148148148145,103502183.6480621
200,0.02,1,12,933.1666595797275,9.122575912980091,-49.974247318524625,25,52.0,103316665.95797275
250,0.05,4,4,931.8041053365363,9.1171923535865,-46.215372214242294,14,78.57142857142857,103180410.53365363
100,0.04,1,6,931.55383121887,9.116202756886672,-53.63540136447389,25,60.0,103155383.121887
200,0.01,4,6,930.3932593502534,9.111610773265388,-48.21426381355495,28,53.57142857142857,103039325.93502533
250,0.02,1,4,928.4977297268019,9.104100097364555,-39.47065931933459,26,50.0,102849772.9726802
250,0.05,1,6,928.4951084559578,9.104089701853969,-47.787747813914336,14,78.57142857142857,102849510.84559579
250,0.05,1,8,928.4951084559578,9.104089701853969,-47.787747813914336,14,78.57142857142857,102849510.84559579
150,0.03,0,8,926.6704337839659,9.096847159898136,-62.30214284834652,26,50.0,102667043.37839659
250,0.01,5,2,924.8166405444304,9.08947633978341,-47.04328930208617,27,55.55555555555556,102481664.05444303
200,0.01,5,8,923.3037311723175,9.08345138162412,-44.36582619262349,27,51.85185185185185,102330373.11723174
200,0.03,5,12,922.2632442421256,9.079302803894219,-49.06181991665805,19,57.89473684210527,102226324.42421256
200,0.01,2,8,922.145510406264,9.078833125440799,-44.11137961290728,29,51.724137931034484,102214551.0406264
100,0.05,2,10,921.9613496319233,9.078098343937867,-54.86525717168552,19,57.89473684210527,102196134.96319234
250,0.02,0,2,920.4738337884288,9.072158640202655,-39.1926659444397,30,43.333333333333336,102047383.37884289
200,0.03,4,6,920.0663849526002,9.070530228364726,-51.310643003546645,21,61.904761904761905,102006638.49526002
250,0.03,5,0,919.3413451540513,9.067630982059892,-46.15190425985453,19,57.89473684210527,101934134.51540513
200,0.02,4,2,919.0614719697588,9.066511310651437,-49.14129218482906,24,54.166666666666664,101906147.19697589
200,0.03,0,2,918.4149607998705,9.063923721154875,-53.36751314640378,25,52.0,101841496.07998705
250,0.05,3,4,918.225501914116,9.063165133315533,-45.10034891026594,14,78.57142857142857,101822550.1914116
200,0.01,1,8,917.6143018149932,9.060716979463157,-51.45686843793785,31,41.935483870967744,101761430.1814993
250,0.01,4,8,916.3250542647123,9.055548270405911,-48.876852880125895,26,53.84615384615385,101632505.42647123
250,0.02,1,6,915.6143879340997,9.05269644626543,-39.47065931933459,26,50.0,101561438.79340996
150,0.03,0,4,914.4000164559716,9.04781886130197,-60.43981180668314,27,48.148148148148145,101440001.64559714
200,0.02,0,6,913.5695589908652,9.044480049240589,-56.57937730944196,28,46.42857142857143,101356955.89908652
200,0.02,0,8,913.5695589908652,9.044480049240589,-56.57937730944196,28,46.42857142857143,101356955.89908652
250,0.05,1,12,913.1891546440949,9.042949773398323,-47.787747813914336,14,78.57142857142857,101318915.46440949
250,0.05,1,10,913.1891546440949,9.042949773398323,-47.787747813914336,14,78.57142857142857,101318915.46440949
200,0.04,1,0,910.0293665188022,9.030217281310836,-57.4123902634736,21,57.14285714285714,101002936.65188023
200,0.03,5,10,909.5932465839351,9.02845690810896,-46.00275304504763,20,60.0,100959324.6583935
200,0.03,4,4,909.2652507943185,9.027132489492251,-51.310643003546645,21,61.904761904761905,100926525.07943186
250,0.05,2,6,909.2025647255576,9.026879321412151,-48.838143377860135,14,78.57142857142857,100920256.47255577
250,0.05,2,8,909.2025647255576,9.026879321412151,-48.838143377860135,14,78.57142857142857,100920256.47255577
150,0.04,4,0,908.2815552326522,9.023157925829771,-48.76342934705803,19,63.1578947368421,100828155.52326523
200,0.01,2,12,906.9265146308364,9.017676847897471,-48.955986958510046,27,55.55555555555556,100692651.46308364
250,0.01,1,0,905.9767336643276,9.013830792704125,-41.295921222365926,38,39.473684210526315,100597673.36643276
200,0.01,3,12,904.8463936356238,9.009249021348719,-48.289971379445895,27,55.55555555555556,100484639.36356239
200,0.01,3,2,904.0968117077341,9.00620789534492,-41.41650846245762,31,48.38709677419355,100409681.1707734
100,0.05,4,2,903.5563726882739,9.004013926109122,-52.926604461730406,19,63.1578947368421,100355637.26882738
100,0.05,3,4,902.495957472207,8.99970575148783,-53.18129337167389,19,63.1578947368421,100249595.7472207
200,0.01,4,8,902.4184084224222,8.999390518972517,-48.21426381355495,28,53.57142857142857,100241840.84224223
200,0.02,3,10,902.2352291583953,8.998645812365158,-50.66105393130393,23,56.52173913043478,100223522.91583952
200,0.03,1,4,899.0004289314593,8.985473254174492,-57.61436079027021,22,59.09090909090909,99900042.89314593
200,0.02,0,10,898.178444312136,8.982119475945938,-56.57937730944196,28,46.42857142857143,99817844.4312136
250,0.05,2,10,896.1455284673514,8.973813547264609,-48.838143377860135,14,78.57142857142857,99614552.84673513
250,0.05,2,12,896.1455284673514,8.973813547264609,-48.838143377860135,14,78.57142857142857,99614552.84673513
150,0.03,1,12,895.2281208476766,8.970059930382668,-56.82033097656378,24,54.166666666666664,99522812.08476765
250,0.05,5,0,893.2443957204756,8.961932023961673,-46.46668349283451,14,78.57142857142857,99324439.57204756
200,0.02,2,12,892.1382047822057,8.957392844687107,-51.11015147186115,24,54.166666666666664,99213820.47822057
200,0.02,3,12,891.5995147998773,8.955180602809865,-50.0409855903892,23,56.52173913043478,99159951.47998773
200,0.01,2,4,891.5267166500778,8.95488155341484,-44.389019329346354,31,48.38709677419355,99152671.66500777
250,0.01,1,2,891.4863186579532,8.95471559234342,-46.00969442069676,33,45.45454545454545,99148631.86579533
250,0.01,1,10,890.5528746656291,8.950879049075034,-46.00964152841417,30,43.333333333333336,99055287.46656291
200,0.03,5,4,890.2304778659227,8.949553159056634,-46.00275304504763,21,61.904761904761905,99023047.78659226
200,0.01,4,4,889.4667868136015,8.946410742259658,-48.471524162448645,29,51.724137931034484,98946678.68136016
100,0.05,4,10,888.563269087599,8.942689953723427,-52.56290814208151,18,61.111111111111114,98856326.9087599
200,0.04,2,0,888.554666314702,8.942654510797855,-55.33942983198905,21,57.14285714285714,98855466.6314702
100,0.04,0,8,888.0797939084564,8.940697603335224,-54.59777850941111,26,53.84615384615385,98807979.39084564
250,0.01,0,0,887.7935302858299,8.93951749867814,-41.41482229481949,43,37.2093023255814,98779353.02858299
150,0.04,5,0,887.7399646736504,8.939296641082972,-48.0419803327212,19,63.1578947368421,98773996.46736506
250,0.02,0,6,887.5113603003772,8.938353947569189,-39.19266711649181,28,46.42857142857143,98751136.03003772
100,0.04,2,10,887.3257305304838,8.937588313427769,-55.31807143729996,24,50.0,98732573.05304837
200,0.01,4,10,885.543383144606,8.93022992104,-48.21426381355495,28,53.57142857142857,98554338.3144606
100,0.04,1,8,883.4832922160306,8.921708892136039,-53.63540136447389,25,56.00000000000001,98348329.22160307
200,0.03,2,0,883.4365413295994,8.921515319971029,-49.363614239666965,24,54.166666666666664,98343654.13295995
250,0.01,4,2,883.381266299125,8.921286442137522,-48.8767795712505,28,53.57142857142857,98338126.6299125
200,0.03,1,6,882.8835432163503,8.91922495754265,-57.61436079027021,22,59.09090909090909,98288354.32163502
200,0.01,1,6,879.2972214502751,8.904341245952319,-51.45686843793785,32,43.75,97929722.1450275
100,0.04,0,12,878.601435675514,8.90144756640796,-55.599418564471605,25,52.0,97860143.5675514
100,0.04,1,12,877.4005726063658,8.896448676313874,-55.20315206851046,24,50.0,97740057.26063658
200,0.03,4,0,877.0758631848076,8.895095977431321,-48.819889223218205,22,59.09090909090909,97707586.31848077
250,0.05,5,2,876.7696517214622,8.893819942215275,-46.46668349283451,14,78.57142857142857,97676965.17214622
250,0.01,1,6,875.7308689005126,8.889488286881186,-46.00964152841417,31,45.16129032258064,97573086.89005128
200,0.03,5,6,875.6037543980177,8.888957923039253,-46.00275304504763,21,61.904761904761905,97560375.43980177
250,0.02,1,8,874.3054186867486,8.883537023336663,-39.47065931933459,26,50.0,97430541.86867486
250,0.01,3,10,874.1293753337752,8.882801459843881,-48.32622468836872,27,51.85185185185185,97412937.53337753
250,0.01,2,12,873.2470308558133,8.87911282313205,-44.47844771209137,27,48.148148148148145,97324703.08558133
150,0.04,0,0,873.0763938497796,8.87839910452275,-61.36117051066382,24,54.166666666666664,97307639.38497797
200,0.01,1,0,872.7671795655598,8.877105455602363,-51.67406297073192,41,34.146341463414636,97276717.95655598
250,0.01,5,0,872.5572153072824,8.876226809855003,-45.27203070883065,29,51.724137931034484,97255721.53072824
200,0.02,0,12,871.3598652862445,8.871212719416688,-56.57937730944196,28,46.42857142857143,97135986.52862445
250,0.02,1,2,871.0824780147767,8.870050268047258,-39.47065931933459,28,46.42857142857143,97108247.80147767
250,0.05,4,6,869.5311592722526,8.863543232876768,-49.461354426539714,14,78.57142857142857,96953115.92722526
250,0.05,4,8,869.5311592722526,8.863543232876768,-49.461354426539714,14,78.57142857142857,96953115.92722526
250,0.03,0,0,868.3807414131334,8.858711308595591,-39.36390766267891,24,45.83333333333333,96838074.14131333
100,0.05,3,8,868.1686335311525,8.857819821006196,-53.72220546794425,19,63.1578947368421,96816863.35311526
100,0.05,3,6,868.1686335311525,8.857819821006196,-53.72220546794425,19,63.1578947368421,96816863.35311526
200,0.02,1,4,865.8109329040419,8.847897746394073,-55.29830143716333,26,50.0,96581093.29040419
250,0.02,0,8,864.904008263224,8.84407486211618,-39.19266711649181,28,46.42857142857143,96490400.82632239
100,0.04,0,6,864.4168464572916,8.84201994111109,-54.59777850941111,27,55.55555555555556,96441684.64572915
150,0.03,2,0,862.8799547086107,8.835530548157355,-50.81085944483236,26,50.0,96287995.47086108
100,0.05,0,4,862.5677556666917,8.834211096255329,-59.643457660730235,21,61.904761904761905,96256775.56666917
200,0.03,1,8,861.2286889125256,8.828547099850258,-57.61436079027021,22,59.09090909090909,96122868.89125256
100,0.05,0,6,860.7747646006557,8.826625362895978,-59.71861370072854,21,61.904761904761905,96077476.46006556
100,0.05,0,8,860.7747646006557,8.826625362895978,-59.71861370072854,21,61.904761904761905,96077476.46006556
100,0.05,3,12,859.7248736245543,8.822177186927615,-55.349702854068326,18,61.111111111111114,95972487.36245543
250,0.05,4,10,859.0546498161385,8.819335133816274,-49.461354426539714,14,78.57142857142857,95905464.98161386
250,0.05,4,12,859.0546498161385,8.819335133816274,-49.461354426539714,14,78.57142857142857,95905464.98161386
250,0.01,1,4,854.4106468970009,8.799589773336724,-46.00964152841417,32,43.75,95441064.6897001
200,0.02,5,0,853.2242708281549,8.794530711503178,-45.876879807424224,25,52.0,95322427.0828155
200,0.01,1,4,852.4672817795174,8.79129951566371,-49.45215027476878,34,41.17647058823529,95246728.17795175
250,0.01,3,4,852.4518434378741,8.791233591626678,-48.32622468836872,28,50.0,95245184.34378742
250,0.05,3,8,848.0842964457552,8.772542078268541,-48.88221814884422,14,78.57142857142857,94808429.6445755
250,0.05,3,6,848.0842964457552,8.772542078268541,-48.88221814884422,14,78.57142857142857,94808429.6445755
200,0.03,5,0,843.8897664196655,8.754512823295135,-45.606601789028126,22,59.09090909090909,94388976.64196657
100,0.05,4,4,843.664952542556,8.753544334552089,-51.85757393905269,19,63.1578947368421,94366495.2542556
100,0.05,2,6,843.3089515507526,8.752010242810249,-54.86525717168552,20,60.0,94330895.15507525
100,0.05,2,8,843.3089515507526,8.752010242810249,-54.86525717168552,20,60.0,94330895.15507525
100,0.05,2,4,843.1526412273554,8.751336488898476,-54.86525717168552,20,60.0,94315264.12273553
200,0.01,2,2,841.7952931221913,8.745481305196389,-44.38910475969449,32,46.875,94179529.31221914
100,0.05,2,12,841.0459341942552,8.742245319270037,-54.897744993069566,19,57.89473684210527,94104593.41942552
200,0.01,3,10,836.7529496625506,8.723658809755985,-48.69485917368627,28,53.57142857142857,93675294.96625507
250,0.05,3,10,831.4756613681914,8.70069807351217,-48.88221814884422,14,78.57142857142857,93147566.13681914
250,0.05,3,12,831.4756613681914,8.70069807351217,-48.88221814884422,14,78.57142857142857,93147566.13681914
200,0.02,0,2,828.9834057402816,8.68981105488411,-57.39786313400317,31,45.16129032258064,92898340.57402815
100,0.04,1,4,827.9011702457627,8.685074725018694,-54.17071430835816,26,57.692307692307686,92790117.02457628
100,0.05,1,12,827.4120393233242,8.682932331838478,-52.17467300339952,20,60.0,92741203.93233241
250,0.01,1,8,826.4038107963696,8.67851285759893,-46.00964152841417,31,41.935483870967744,92640381.07963696
250,0.01,3,6,826.0402667358303,8.67691816084475,-48.32622468836872,28,50.0,92604026.67358303
200,0.01,2,0,824.4127151698026,8.669771461611763,-52.87108412645767,37,37.83783783783784,92441271.51698025
200,0.02,1,10,822.7270932050203,8.66235699133835,-56.61761594592735,26,50.0,92272709.32050203
200,0.01,0,10,822.5991333017715,8.661793607477918,-53.60129199909075,35,37.142857142857146,92259913.33017716
100,0.04,0,4,821.5463483856657,8.65715553234725,-54.59777850941111,28,53.57142857142857,92154634.83856657
100,0.03,0,4,821.3675625698546,8.656367379539898,-45.110754344572236,35,48.57142857142857,92136756.25698546
250,0.01,3,2,820.165856925165,8.651066001176023,-48.32629239218898,30,50.0,92016585.6925165
100,0.05,4,6,813.570015600938,8.621848939287924,-52.29815583356173,19,63.1578947368421,91357001.56009379
100,0.05,4,8,813.570015600938,8.621848939287924,-52.29815583356173,19,63.1578947368421,91357001.56009379
250,0.05,5,4,811.8363079312085,8.61413557438171,-46.95297034116324,14,78.57142857142857,91183630.79312085
100,0.05,5,10,809.4054733256568,8.603296844334718,-56.43095471078714,18,61.111111111111114,90940547.33256568
200,0.01,0,8,808.2107358141861,8.597959461325066,-53.60129199909075,36,36.11111111111111,90821073.58141862
200,0.02,3,0,807.8857543822005,8.596506466559518,-38.59600017894428,27,48.148148148148145,90788575.43822005
200,0.01,0,12,806.8510454866625,8.591876937256671,-57.193874594683535,34,38.23529411764706,90685104.54866625
200,0.02,1,8,806.8081701181907,8.59168499314622,-57.61428095898773,26,50.0,90680817.01181906
200,0.02,1,6,806.8081701181907,8.59168499314622,-57.61428095898773,26,50.0,90680817.01181906
100,0.05,5,2,806.2412311237267,8.589146103309409,-54.46809776169972,19,63.1578947368421,90624123.11237267
100,0.05,0,10,805.1852390894159,8.58441303697417,-59.71861370072854,21,57.14285714285714,90518523.90894158
100,0.05,0,0,804.5294174241711,8.581470899675292,-55.73236129741008,23,56.52173913043478,90452941.74241711
200,0.01,1,2,802.6040103112349,8.572821288296595,-49.45219381376311,36,41.66666666666667,90260401.03112349
100,0.04,0,2,801.6035725036465,8.56831995248748,-52.210901097256226,30,50.0,90160357.25036465
250,0.01,3,8,801.562187966356,8.568133644766629,-48.32622468836872,28,50.0,90156218.7966356
200,0.01,5,2,801.5421267638042,8.568043328919806,-44.57585641910657,30,50.0,90154212.67638041
150,0.04,1,0,800.8644084545224,8.564991093356156,-61.32068498968435,24,54.166666666666664,90086440.84545225
250,0.03,2,0,798.3535763939585,8.553663778719734,-45.912789330477466,21,52.38095238095239,89835357.63939585
100,0.04,2,12,794.5346404626574,8.53637655009598,-56.020233842318426,24,50.0,89453464.04626574
250,0.01,2,0,793.5095452508783,8.531724143392294,-49.461838669347806,34,47.05882352941176,89350954.52508783
200,0.01,5,0,792.8175780050911,8.528580736244429,-46.16017175613269,34,44.11764705882353,89281757.80050911
100,0.05,2,2,792.7744583862515,8.52838477866733,-59.994674836089935,21,57.14285714285714,89277445.83862515
100,0.03,0,2,792.0012503889997,8.52486937921948,-41.22026843420557,37,48.64864864864865,89200125.03889997
250,0.03,1,0,791.7242372639759,8.523609221979168,-44.90513915052665,23,47.82608695652174,89172423.72639759
100,0.04,0,0,786.6628282655056,8.500517836476584,-50.506595689293356,31,48.38709677419355,88666282.82655056
250,0.01,2,2,785.7987761542512,8.496563144282998,-49.25644326611268,31,48.38709677419355,88579877.61542511
100,0.05,1,0,785.5866223009002,8.495591566536142,-54.13235247385529,23,52.17391304347826,88558662.23009002
250,0.01,2,4,780.4005552212404,8.471771558567331,-49.25636032063285,30,46.666666666666664,88040055.52212405
200,0.02,4,0,780.1778314293815,8.470745548590553,-49.07415312471196,26,50.0,88017783.14293815
100,0.05,5,4,779.5229421106685,8.467727255972314,-54.75218916516784,19,63.1578947368421,87952294.21106684
250,0.01,2,10,778.77258424837,8.464266301702693,-49.25636032063285,29,44.827586206896555,87877258.424837
100,0.05,0,12,777.7458971878112,8.459526193408085,-59.253630726525905,21,57.14285714285714,87774589.71878113
200,0.01,3,0,774.8723673721616,8.446230974169922,-45.46980163271927,36,38.88888888888889,87487236.73721616
100,0.05,4,12,774.5710016015869,8.444834183384353,-56.92408742833355,18,61.111111111111114,87457100.1601587
100,0.03,0,8,773.4985323262799,8.439859668045369,-45.110754344572236,34,50.0,87349853.23262799
200,0.02,1,2,773.3161780187371,8.439013255491501,-55.52034824414322,28,50.0,87331617.80187371
100,0.03,0,6,767.3829888917259,8.411380637924037,-45.110754344572236,35,48.57142857142857,86738298.88917258
150,0.02,3,10,766.5279722587198,8.40738358101114,-51.17612435689127,28,46.42857142857143,86652797.22587198
200,0.01,4,2,761.6103662231927,8.384320638365338,-48.47147574082452,31,48.38709677419355,86161036.62231928
100,0.04,2,6,760.3407761489883,8.378345844618519,-55.31807143729996,25,60.0,86034077.61489883
100,0.02,1,4,758.7379305620791,8.37079059030932,-47.4885759388849,42,52.38095238095239,85873793.05620791
250,0.01,4,0,757.0216600154143,8.362685625815015,-49.76828322926513,30,50.0,85702166.00154144
250,0.05,5,8,756.8046347578761,8.361659627042407,-50.154440288042245,14,78.57142857142857,85680463.47578761
250,0.05,5,6,756.8046347578761,8.361659627042407,-50.154440288042245,14,78.57142857142857,85680463.47578761
250,0.01,3,0,756.350198179251,8.359510442672292,-47.80105418858099,32,46.875,85635019.8179251
150,0.03,1,2,755.3129126542917,8.354600652510946,-62.19871026134769,28,46.42857142857143,85531291.26542917
100,0.03,0,10,753.4654105646717,8.345841646189612,-49.1026820437516,33,48.484848484848484,85346541.05646718
100,0.03,1,8,747.7007784435182,8.31839372839771,-45.697764723045594,32,50.0,84770077.84435181
200,0.02,1,0,747.5386634536818,8.317619233713014,-50.48419917253418,31,45.16129032258064,84753866.34536818
150,0.02,3,12,743.9451398087189,8.30041467307392,-51.2405264661362,28,46.42857142857143,84394513.98087189
150,0.02,4,10,743.5255359562618,8.298401157560221,-51.93677090846142,28,46.42857142857143,84352553.59562618
250,0.03,3,0,742.3196275651802,8.292609100993364,-44.72321168083832,20,55.00000000000001,84231962.75651802
250,0.01,2,6,742.1452722008377,8.291771000410165,-49.25636032063285,30,46.666666666666664,84214527.22008377
250,0.05,5,12,742.0844087624932,8.29147839948645,-50.154440288042245,14,78.57142857142857,84208440.87624933
250,0.05,5,10,742.0844087624932,8.29147839948645,-50.154440288042245,14,78.57142857142857,84208440.87624933
150,0.01,4,2,738.5510287194747,8.274456685852538,-45.05460767341354,37,48.64864864864865,83855102.87194748
100,0.05,5,8,737.4184724953492,8.268986092617435,-55.90623082442684,19,63.1578947368421,83741847.24953492
100,0.05,5,6,737.4184724953492,8.268986092617435,-55.90623082442684,19,63.1578947368421,83741847.24953492
150,0.02,1,6,735.4200834288342,8.259315868205984,-59.47535228340224,32,50.0,83542008.34288342
100,0.04,2,8,734.1863372013578,8.253334634831688,-55.31807143729996,25,56.00000000000001,83418633.72013578
200,0.01,0,6,731.0389623709384,8.238037424533706,-53.60129199909075,38,39.473684210526315,83103896.23709384
100,0.03,0,0,729.0800685298051,8.22848841599193,-45.3107467688814,39,46.15384615384615,82908006.85298051
250,0.01,2,8,728.6648311423775,8.226461471100976,-49.25636032063285,30,43.333333333333336,82866483.11423774
100,0.01,0,12,723.6444530363045,8.201877264036273,-42.373623197197716,47,42.5531914893617,82364445.30363046
150,0.02,5,10,722.1165807314571,8.194366817008714,-53.59231923666384,26,50.0,82211658.07314572
100,0.05,3,0,722.0764269833822,8.194169255104832,-60.754994833948764,21,57.14285714285714,82207642.69833823
150,0.02,1,10,719.4262171908044,8.181109280111198,-59.47535228340224,31,48.38709677419355,81942621.71908045
150,0.02,1,12,719.288193467668,8.180427999254757,-54.627203271524714,30,50.0,81928819.3467668
150,0.02,3,6,718.3133961624321,8.17561328178833,-51.17612435689127,30,50.0,81831339.61624321
100,0.05,5,12,715.6755416329243,8.162556657148246,-59.889016718252385,18,61.111111111111114,81567554.16329242
150,0.03,0,2,713.0312090167344,8.14942710817379,-63.15242068735417,30,43.333333333333336,81303120.90167344
100,0.03,3,6,712.6009959170588,8.147287141899318,-47.8146021546972,31,51.61290322580645,81260099.59170587
100,0.02,1,0,712.1322880676108,8.1449544533164,-41.36588779293343,48,45.83333333333333,81213228.80676109
100,0.02,0,0,710.7066241888784,8.137851164050991,-43.387308757482096,51,45.09803921568628,81070662.41888784
200,0.01,0,4,708.3920196614856,8.126293130076112,-54.4759534644804,40,37.5,80839201.96614856
100,0.05,5,0,704.841440562849,8.108501165319959,-54.77710624432272,20,60.0,80484144.0562849
200,0.02,2,0,700.0435823535025,8.084338672153656,-49.61517537558369,30,43.333333333333336,80004358.23535025
100,0.02,0,2,699.3283198186266,8.08072459674829,-43.779904578240775,48,47.91666666666667,79932831.98186266
150,0.02,2,12,694.3349649704841,8.055407125987891,-53.574843681659644,29,44.827586206896555,79433496.49704841
100,0.02,4,4,693.1735144866401,8.049496343131214,-49.15147736185875,38,50.0,79317351.44866401
100,0.04,2,4,691.0461665432985,8.038648335408393,-54.190081658270586,26,57.692307692307686,79104616.65432984
150,0.01,4,4,690.202003083673,8.034335899180522,-46.53013985923923,37,45.94594594594595,79020200.30836731
150,0.01,5,2,689.9416366830529,8.03300491417236,-45.47114630741387,36,50.0,78994163.6683053
200,0.02,0,0,689.7520905989003,8.032035694791961,-53.82244490016318,36,38.88888888888889,78975209.05989003
100,0.04,1,2,686.1089317969734,8.013363230241932,-52.20602085393885,29,51.724137931034484,78610893.17969733
100,0.04,3,10,682.1786403965793,7.993125471407181,-60.18936351989744,23,52.17391304347826,78217864.03965794
150,0.03,1,0,681.4652982011821,7.989441854661905,-60.99105995214216,30,43.333333333333336,78146529.82011822
150,0.02,1,4,680.9532259389176,7.986795576335659,-59.67667402695444,33,48.484848484848484,78095322.59389177
150,0.02,4,12,680.7897191260502,7.985950256786478,-51.71384138610158,28,46.42857142857143,78078971.91260502
150,0.01,4,8,680.2855086244482,7.983342448045394,-44.856171948403464,34,47.05882352941176,78028550.86244482
100,0.03,1,4,680.2796890272388,7.983312339250603,-46.32471951933903,34,47.05882352941176,78027968.90272388
100,0.02,2,4,679.3009594780603,7.978245617761637,-51.689251645885335,40,52.5,77930095.94780603
200,0.01,4,0,677.7651074548379,7.970282403823581,-51.051280880411696,35,42.857142857142854,77776510.74548379
150,0.02,3,4,675.4067356013619,7.958025004102454,-51.17612435689127,31,48.38709677419355,77540673.56013618
100,0.05,2,0,672.7385211318154,7.944113885170645,-60.26619612064997,22,54.54545454545454,77273852.11318155
150,0.02,1,8,672.1724710720448,7.94115675753424,-59.47535228340224,32,50.0,77217247.10720448
100,0.05,4,0,669.7389583247929,7.92841991854738,-59.12362085760103,21,57.14285714285714,76973895.83247928
100,0.02,0,4,669.4749834034869,7.92703596225055,-46.983330281727056,46,50.0,76947498.34034869
150,0.02,5,2,669.3211421955747,7.926229199418455,-51.35290429001116,29,51.724137931034484,76932114.21955746
150,0.01,4,6,667.6218751293716,7.917307681324148,-44.856171948403464,35,45.714285714285715,76762187.51293716
100,0.03,3,2,657.3998110054836,7.863235110422573,-46.64209554099921,33,51.515151515151516,75739981.10054836
100,0.01,1,0,657.1419495250636,7.861862012350729,-37.33012133877879,73,46.57534246575342,75714194.95250636
150,0.02,0,4,655.0963795871696,7.850953489045032,-64.08652601245876,37,43.24324324324324,75509637.95871696
150,0.01,5,4,654.8803268785524,7.849799672418123,-47.671455134786335,35,48.57142857142857,75488032.68785524
100,0.04,1,0,653.9928384718543,7.845056756196356,-50.50153918484388,30,50.0,75399283.84718543
150,0.02,2,6,653.9203175705442,7.844668952466227,-59.3633735052573,31,48.38709677419355,75392031.75705442
100,0.04,2,2,653.8255450107675,7.8441621044118115,-52.26404175455232,28,53.57142857142857,75382554.50107676
100,0.03,3,4,652.9061121705047,7.839241748230097,-49.233818810756226,32,50.0,75290611.21705046
200,0.01,0,0,651.436044360109,7.831362632194394,-58.056104381693665,53,28.30188679245283,75143604.4360109
100,0.04,4,10,650.0929743034965,7.824151204057839,-58.90505582354763,23,52.17391304347826,75009297.43034965
150,0.01,5,0,649.4874241789325,7.820895720436405,-47.515477726352486,40,45.0,74948742.41789326
150,0.02,5,6,649.3986603993554,7.820418306833066,-53.59231923666384,28,53.57142857142857,74939866.03993554
150,0.02,5,12,649.0810482715178,7.8187095925681405,-55.62157937875455,26,50.0,74908104.82715178
150,0.02,5,4,647.0242170906656,7.807627182009003,-52.58010470206253,29,51.724137931034484,74702421.70906657
150,0.02,4,2,646.1258948251617,7.802777713748021,-53.066367995890516,32,50.0,74612589.48251617
100,0.04,4,0,645.5297371923127,7.799556335820479,-55.32530850986552,26,53.84615384615385,74552973.71923128
100,0.02,2,6,643.0416270121544,7.786084839259555,-50.3386676094005,38,52.63157894736842,74304162.70121545
150,0.01,5,8,639.8861647615314,7.768937472137294,-46.35640329826931,33,48.484848484848484,73988616.47615314
100,0.02,1,2,639.5440272887912,7.767074005266705,-41.77252278843133,46,47.82608695652174,73954402.72887912
150,0.02,2,10,638.753172716243,7.762763402739514,-59.3633735052573,30,43.333333333333336,73875317.2716243
150,0.02,5,0,638.6103823115103,7.7619846412777305,-49.61805615315127,31,48.38709677419355,73861038.23115103
100,0.04,3,12,637.5991630743636,7.756465423923387,-59.82787609345826,23,52.17391304347826,73759916.30743635
150,0.02,4,4,637.3101095480572,7.75488643609048,-52.41177500364893,31,51.61290322580645,73731010.95480572
150,0.01,0,8,633.7012087268195,7.735122083085066,-63.145258894124936,44,38.63636363636363,73370120.87268195
150,0.02,4,6,630.0046445764938,7.714780379455211,-51.93677090846142,30,50.0,73000464.45764938
100,0.04,5,10,627.6163177681636,7.70158493900821,-60.08142514025558,22,54.54545454545454,72761631.77681637
100,0.01,0,0,627.3271076952464,7.699984232031154,-40.78687299539185,85,42.35294117647059,72732710.76952463
100,0.03,1,10,627.0306565853937,7.698342811657843,-49.64699640881689,32,50.0,72703065.65853937
100,0.01,0,8,626.5834159362635,7.695865264977364,-45.96350027208595,53,45.28301886792453,72658341.59362635
150,0.02,3,8,625.1780863129733,7.688070697326199,-51.17612435689127,30,46.666666666666664,72517808.63129732
150,0.01,0,4,624.2028926116392,7.68265329955955,-63.328344337869204,47,40.42553191489361,72420289.26116392
150,0.01,4,0,623.9469419009077,7.681230278326234,-50.25973582106729,43,41.86046511627907,72394694.19009078
100,0.03,1,6,623.9395113992741,7.681188959382457,-45.697764723045594,34,47.05882352941176,72393951.13992742
200,0.01,0,2,623.3439256001532,7.677875744649421,-58.5602065218639,43,34.883720930232556,72334392.56001532
100,0.04,4,6,622.829143588376,7.675009920963682,-58.90505582354763,24,58.333333333333336,72282914.3588376
150,0.02,2,4,620.8126832554663,7.663765207117956,-59.56524109559873,32,46.875,72081268.32554662
100,0.03,3,8,620.6221754343554,7.662701282479434,-47.8146021546972,31,51.61290322580645,72062217.54343554
100,0.03,1,2,619.6985250712366,7.657539151981418,-43.53983740069065,36,44.44444444444444,71969852.50712366
100,0.02,4,6,617.4703368630862,7.6450598770354095,-48.90134004386617,36,47.22222222222222,71747033.68630862
100,0.01,1,6,615.9860861542651,7.636726407075889,-46.374098735979594,49,53.06122448979592,71598608.61542651
150,0.02,0,6,614.8842868230352,7.630529486438142,-63.90721393775449,36,44.44444444444444,71488428.68230352
100,0.01,0,2,614.8266559289164,7.630205096335274,-44.35047753942126,69,49.275362318840585,71482665.59289163
150,0.01,3,12,612.5518358026844,7.617380543518837,-52.33992809646527,33,45.45454545454545,71255183.58026844
100,0.03,1,0,611.4098725093943,7.6109277320067115,-47.42910821485246,38,42.10526315789473,71140987.25093943
150,0.01,2,2,610.1600370164782,7.6038539364984725,-52.339256827148326,42,42.857142857142854,71016003.70164782
150,0.02,5,8,608.3237491632561,7.59343918066242,-53.59231923666384,28,50.0,70832374.91632561
100,0.03,0,12,607.773340965002,7.590312402852062,-52.210900509218185,33,48.484848484848484,70777334.0965002
100,0.04,2,0,606.3794716482964,7.582383580652352,-50.56160634813182,29,51.724137931034484,70637947.16482964
150,0.02,4,0,606.0823154648903,7.580691303566445,-51.39264387457835,34,47.05882352941176,70608231.54648903
100,0.02,0,6,605.2892406806609,7.576171457015968,-46.983330281727056,44,45.45454545454545,70528924.06806609
100,0.03,4,2,603.4875242845333,7.565885008340456,-46.32226674275907,33,51.515151515151516,70348752.42845333
150,0.02,2,8,602.2093106090496,7.55857197825216,-59.3633735052573,31,45.16129032258064,70220931.06090495
100,0.02,3,4,600.8939375496194,7.5510329581160995,-50.47131948502918,40,50.0,70089393.75496194
100,0.04,4,8,600.8543108143344,7.55080562743391,-58.90505582354763,24,54.166666666666664,70085431.08143345
150,0.01,3,4,599.4759723805549,7.5428906647962535,-51.45804835296923,38,44.73684210526316,69947597.2380555
150,0.02,3,2,599.0409956586418,7.540389740172859,-53.12269760164525,32,46.875,69904099.56586418
100,0.01,1,2,598.6760653882636,7.538290395942027,-39.674180843825916,61,52.459016393442624,69867606.53882636
150,0.02,4,8,598.0975010396467,7.534959908922567,-51.93677090846142,30,46.666666666666664,69809750.10396467
100,0.03,2,2,597.9827779287126,7.534299193379157,-44.7036204040629,35,45.714285714285715,69798277.79287127
100,0.02,1,6,597.4733144283964,7.531363817937398,-48.781577483822,40,50.0,69747331.44283964
150,0.01,0,2,597.238682006919,7.530011242272461,-63.228980047821146,52,38.46153846153847,69723868.20069191
150,0.01,5,6,595.829449130784,7.521878266458204,-46.35640329826931,34,50.0,69582944.9130784
100,0.04,5,6,592.3037873124289,7.501461277414667,-60.08142514025558,23,56.52173913043478,69230378.7312429
150,0.01,2,4,589.1010399255339,7.482827329537889,-55.94309067585386,40,45.0,68910103.99255338
150,0.01,4,10,588.0376245039463,7.476621818248286,-50.012132461905935,34,47.05882352941176,68803762.45039463
100,0.02,0,10,588.0220334928072,7.476530768971834,-46.983330281727056,42,47.61904761904761,68802203.34928071
150,0.01,3,8,587.9710474545791,7.476233003928434,-51.45804835296923,36,44.44444444444444,68797104.7454579
100,0.02,4,2,587.713983254988,7.474731392204137,-49.44416293866897,41,48.78048780487805,68771398.32549879
100,0.03,2,4,585.8645521870568,7.463912193922173,-47.75560333264897,33,48.484848484848484,68586455.21870568
100,0.03,3,12,585.574862408966,7.462214961088831,-52.990829669988294,29,51.724137931034484,68557486.24089661
100,0.02,3,6,585.5007654825032,7.461780731563139,-48.51972761655147,38,50.0,68550076.54825032
150,0.01,5,12,585.10263403571,7.459446791693636,-50.22328668056446,31,48.38709677419355,68510263.40357101
150,0.01,4,12,585.0315937826543,7.459030199814598,-50.32061072843087,32,46.875,68503159.37826544
100,0.02,0,12,584.8783304395826,7.4581312963770685,-50.18897734145904,40,47.5,68487833.04395826
100,0.04,4,12,583.8553066973509,7.452126204468268,-59.89564589947305,23,52.17391304347826,68385530.66973509
150,0.02,0,10,583.240343310822,7.448512241033689,-63.90721393775449,35,42.857142857142854,68324034.3310822
150,0.01,0,6,581.6828137452254,7.439345059703828,-63.145258894124936,45,37.77777777777778,68168281.37452254
100,0.04,5,8,581.1069856911492,7.435950791781365,-60.08142514025558,23,56.52173913043478,68110698.56911492
150,0.03,0,0,580.0404014158738,7.429656415851937,-65.27730277262923,33,39.39393939393939,68004040.14158738
100,0.01,3,12,575.3872992726642,7.402084811225995,-48.204865851579434,41,51.21951219512195,67538729.92726642
100,0.03,2,6,572.5876935394107,7.385407719735659,-49.042031663811656,33,48.484848484848484,67258769.35394107
150,0.02,0,12,569.5743956640026,7.367382843006798,-63.90721393775449,35,42.857142857142854,66957439.56640026
150,0.02,0,8,569.4757629854913,7.36679152540034,-63.90721393775449,36,44.44444444444444,66947576.29854913
100,0.04,4,2,567.6171230268519,7.355632994147632,-59.98603326599014,26,53.84615384615385,66761712.302685186
150,0.01,3,2,567.3200506851009,7.353846719310986,-50.32951533642957,40,45.0,66732005.06851009
100,0.02,4,8,566.6877037452685,7.350041911971128,-48.90134004386617,36,44.44444444444444,66668770.37452686
100,0.02,2,0,562.6264172193578,7.325522184710098,-47.70588311232317,46,47.82608695652174,66262641.72193579
100,0.01,0,6,561.940734790573,7.3213681574671785,-45.96350027208595,57,43.859649122807014,66194073.4790573
150,0.01,2,8,560.4168359482261,7.3121211635481576,-55.94309067585386,38,44.73684210526316,66041683.5948226
100,0.04,3,6,559.4803648507141,7.306428477151705,-60.18936351989744,25,60.0,65948036.485071406
100,0.02,5,6,557.967279023484,7.297214160365684,-51.46704537609648,35,51.42857142857142,65796727.90234841
100,0.02,2,2,557.5992491425467,7.294969865902767,-47.55976855247573,44,50.0,65759924.914254665
150,0.01,5,10,557.4052710154524,7.293786475227182,-51.37213113797049,33,48.484848484848484,65740527.10154524
150,0.01,3,6,556.8350265022859,7.290305671406916,-51.45804835296923,37,45.94594594594595,65683502.65022859
150,0.01,1,4,555.5696594315057,7.2825714005747555,-59.29496768675823,43,41.86046511627907,65556965.943150565
100,0.04,4,4,555.0234280945318,7.279228243146263,-59.31119201678735,25,56.00000000000001,65502342.80945318
100,0.02,2,8,553.6530245201448,7.270828990424905,-50.3386676094005,38,52.63157894736842,65365302.452014476
100,0.04,5,12,552.9863643616754,7.2667368756839545,-60.37637768613775,22,54.54545454545454,65298636.436167546
100,0.04,5,4,551.9188699567039,7.260175964254345,-59.21074983890746,24,54.166666666666664,65191886.995670386
150,0.01,1,8,551.4986006269091,7.257590115608892,-59.29496768675823,41,41.46341463414634,65149860.06269091
150,0.01,2,0,549.6528107207349,7.246214225702441,-54.19779602048537,50,36.0,64965281.07207349
100,0.02,5,12,547.6305081375367,7.233714687388715,-54.654781004821054,31,51.61290322580645,64763050.81375367
100,0.03,2,8,547.3430740507604,7.231935053072336,-49.042031663811656,32,50.0,64734307.40507604
100,0.03,4,6,540.7981869124321,7.191205493317954,-47.78251953002572,31,51.61290322580645,64079818.69124322
150,0.02,3,0,540.4596853626288,7.189088084843487,-51.45101499332271,34,44.11764705882353,64045968.53626288
100,0.04,5,0,540.1102527308386,7.186901169508553,-55.12477902766595,25,52.0,64011025.27308386
100,0.03,3,0,540.0977180293689,7.1868227000454254,-51.867973267505675,35,48.57142857142857,64009771.8029369
100,0.04,3,8,539.431297131596,7.182648655247736,-60.18936351989744,25,56.00000000000001,63943129.713159606
100,0.02,5,4,539.1407108005159,7.180827292505199,-51.46704537609648,37,51.35135135135135,63914071.080051586
100,0.01,0,10,538.7861685762484,7.178603981446741,-45.96350027208595,51,41.17647058823529,63878616.85762484
100,0.03,1,12,538.47307213771,7.176639586286626,-51.87391512518401,32,50.0,63847307.21377101
100,0.01,1,10,538.3159745316043,7.175653592414122,-46.374098735979594,46,45.65217391304348,63831597.45316043
150,0.02,1,0,537.7856833942074,7.172323592891217,-60.98093525251536,39,41.02564102564102,63778568.339420736
100,0.03,4,4,537.0976575908034,7.16799911318744,-48.298577678131494,32,53.125,63709765.759080335
100,0.01,1,4,536.0957874456608,7.1616939673873725,-45.553697625100256,54,50.0,63609578.74456608
100,0.03,4,0,535.6587762130537,7.158940696391425,-50.76609483651319,35,48.57142857142857,63565877.62130537
150,0.01,1,2,535.255829151746,7.156400422425246,-56.22358996795461,47,40.42553191489361,63525582.91517459
150,0.02,2,0,534.9301945904183,7.154346411340384,-56.86634839782059,38,39.473684210526315,63493019.459041834
100,0.03,2,0,532.0951368294456,7.136420697550339,-49.50763687763293,36,44.44444444444444,63209513.68294455
150,0.01,0,10,529.5721021522477,7.120402660490743,-66.59115904686612,44,40.909090909090914,62957210.215224765
100,0.02,2,12,529.0838025338919,7.117295448076688,-54.58191704035762,36,50.0,62908380.253389195
100,0.02,0,8,528.4801039771426,7.113450702835378,-46.983330281727056,44,45.45454545454545,62848010.39771426
150,0.02,0,2,527.5924751274407,7.107791243544681,-66.54905919860421,40,40.0,62759247.51274407
100,0.01,1,8,525.9159311269717,7.0970806640515915,-46.374098735979594,48,50.0,62591593.11269717
100,0.04,3,0,516.2789102717586,7.034973868312999,-57.80758180682728,28,53.57142857142857,61627891.02717586
100,0.02,1,8,514.9443277499213,7.026299406005965,-48.781577483822,40,50.0,61494432.77499213
150,0.01,2,6,512.9884060420375,7.013553592441801,-55.94309067585386,39,43.58974358974359,61298840.604203746
100,0.02,4,0,512.4378114664684,7.009958567254437,-49.227914937737424,43,46.51162790697674,61243781.14664684
100,0.01,4,0,512.214557582071,7.008499977715688,-40.227382666120235,59,42.3728813559322,61221455.75820711
100,0.01,0,4,511.1469605053085,7.001517936068069,-45.934941971273,62,43.54838709677419,61114696.05053085
100,0.03,4,12,510.58126591432284,6.997813556101007,-53.93352603782966,28,50.0,61058126.59143228
100,0.04,3,4,510.11277706251263,6.994743213874455,-60.18936351989744,26,57.692307692307686,61011277.70625126
150,0.02,1,2,508.47147934815916,6.983968684890507,-59.609035960680515,36,44.44444444444444,60847147.93481591
100,0.04,5,2,505.31205825295444,6.963149230136012,-58.71871568454474,25,52.0,60531205.82529544
100,0.02,2,10,504.3368723837634,6.956701974412205,-50.3386676094005,38,50.0,60433687.23837634
100,0.04,3,2,500.75025185817543,6.93290325418181,-60.804841471009205,27,55.55555555555556,60075025.18581754
150,0.02,2,2,500.0781301059491,6.928428234193995,-56.53719172038711,35,42.857142857142854,60007813.01059491
150,0.01,1,6,498.1830442685451,6.915784629108446,-59.29496768675823,42,38.095238095238095,59818304.426854506
100,0.02,3,8,495.0438256293224,6.8947553535613215,-48.51972761655147,38,47.368421052631575,59504382.56293224
100,0.03,3,10,494.45826389040184,6.890820925768337,-51.60989508087265,31,48.38709677419355,59445826.38904018
100,0.02,5,8,489.6270167874819,6.858216353793289,-51.46704537609648,35,51.42857142857142,58962701.67874819
100,0.02,3,0,481.27585862258337,6.801245729058847,-48.88429866067156,45,46.666666666666664,58127585.86225834
150,0.01,3,10,477.39378583417886,6.77449391435383,-55.996747003741056,36,44.44444444444444,57739378.583417885
100,0.01,3,10,476.9651013961761,6.7715291919447695,-46.7107209288536,44,45.45454545454545,57696510.139617614
150,0.01,1,0,476.59147581261266,6.768943519052062,-64.54112664489926,55,34.54545454545455,57659147.58126127
100,0.01,4,4,476.42956699815466,6.76782252944963,-49.234995785462104,48,47.91666666666667,57642956.69981547
150,0.01,2,12,476.26294904046586,6.766668619198191,-55.03832444549565,36,44.44444444444444,57626294.90404659
100,0.01,1,12,476.2427181040076,6.766528488276058,-48.18274889286866,44,45.45454545454545,57624271.81040076
150,0.01,3,0,475.3623182607555,6.7604257485015085,-54.00470276875509,46,39.130434782608695,57536231.826075554
100,0.01,4,10,471.724112086266,6.735110798186583,-47.874895521758994,43,46.51162790697674,57172411.2086266
100,0.01,3,8,471.16224097114474,6.7311874335417965,-46.7107209288536,45,46.666666666666664,57116224.09711447
100,0.02,1,12,464.8606870564726,6.686929416449594,-54.777338086762384,38,44.73684210526316,56486068.70564726
100,0.01,3,2,464.7249659479362,6.685970980369849,-43.84092649627295,54,50.0,56472496.594793625
100,0.01,5,4,464.6098728146119,6.685158041283024,-48.320138130214005,47,51.06382978723404,56460987.28146119
100,0.01,3,4,464.1922375019026,6.6822068111641375,-47.49378204980187,50,50.0,56419223.75019026
100,0.02,5,2,462.1025734024212,6.6674084909367215,-51.13212960288828,39,48.717948717948715,56210257.340242125
100,0.02,3,2,461.19068045706166,6.66093415812079,-51.84147086299371,44,47.72727272727273,56119068.04570617
100,0.01,2,10,458.81131509372955,6.64399313872206,-47.082419819189134,46,45.65217391304348,55881131.50937296
100,0.03,4,8,457.2342309925991,6.63272603387044,-47.78251953002572,31,51.61290322580645,55723423.09925991
100,0.02,4,10,457.16000455185525,6.632194984538486,-48.90134004386617,36,44.44444444444444,55716000.455185525
150,0.01,0,0,453.22030113806875,6.603910387162748,-68.98087818472786,66,31.818181818181817,55322030.11380687
100,0.02,4,12,448.285482034815,6.568206671406918,-52.07714488235834,34,47.05882352941176,54828548.203481495
100,0.02,1,10,447.69428764923765,6.563908612519098,-48.781577483822,40,47.5,54769428.764923766
100,0.01,2,6,446.6727594914136,6.556471435757483,-47.082419819189134,49,48.97959183673469,54667275.94914136
100,0.02,3,10,445.87283248816254,6.5506382680113,-48.51972761655147,38,47.368421052631575,54587283.24881625
100,0.01,5,12,442.22254440616,6.523915031836602,-48.41097325895896,38,50.0,54222254.440616004
100,0.03,5,0,439.9350163297972,6.507079957525774,-53.28937959955099,34,47.05882352941176,53993501.63297972
100,0.01,3,0,435.18440489382357,6.471897350012346,-40.146693972836495,64,42.1875,53518440.48938236
150,0.02,0,0,431.8454429677762,6.446988931102049,-69.51996985695182,47,34.04255319148936,53184544.29677762
100,0.01,4,2,431.40571358077045,6.443697369599777,-45.553192580762754,51,50.98039215686274,53140571.35807705
100,0.03,2,12,428.97004133124096,6.425417708605385,-54.032294724998486,31,51.61290322580645,52897004.1331241
100,0.03,2,10,427.3633557137035,6.413315167804723,-52.74806305268801,32,50.0,52736335.571370356
100,0.01,2,2,427.30252754252456,6.412856275731538,-43.76395804111839,57,50.877192982456144,52730252.754252456
150,0.01,0,12,425.91811688719696,6.40239838172636,-68.49787274790636,43,37.2093023255814,52591811.6887197
150,0.01,1,10,425.1332414887789,6.396457624443608,-63.1009204492998,41,41.46341463414634,52513324.14887789
100,0.01,5,0,425.0124366851174,6.395542488498851,-43.99677064109279,59,47.45762711864407,52501243.66851174
100,0.01,3,6,424.5215596758192,6.391821848000134,-46.7107209288536,48,47.91666666666667,52452155.96758192
100,0.03,5,2,423.6680392518751,6.385344535509452,-52.37838251273486,33,48.484848484848484,52366803.925187506
100,0.01,4,12,421.9943458948083,6.372613426075824,-49.79455633446987,40,47.5,52199434.589480825
100,0.01,4,6,419.5743442696021,6.354135795244575,-47.874895521758994,47,48.93617021276596,51957434.42696021
100,0.02,3,12,415.86712389774016,6.325668473165491,-53.05108028007414,36,44.44444444444444,51586712.38977402
150,0.01,2,10,411.4256205116645,6.291302229415097,-60.06240514126835,38,44.73684210526316,51142562.051166445
100,0.01,2,8,407.513848988632,6.260796017451398,-47.082419819189134,48,47.91666666666667,50751384.8988632
100,0.02,5,10,406.2946068888942,6.251241396863971,-51.46704537609648,35,51.42857142857142,50629460.688889414
100,0.01,5,10,402.18064669410893,6.2188379890749435,-47.926710684657905,42,47.61904761904761,50218064.66941089
100,0.01,2,12,401.56346242347826,6.213954737330596,-47.85382092006324,44,43.18181818181818,50156346.24234782
100,0.02,5,0,398.0117851349378,6.185740430815567,-52.67759518645407,42,45.23809523809524,49801178.51349378
100,0.03,5,12,392.43359905290833,6.141034259862321,-59.468655770476445,28,50.0,49243359.905290835
100,0.01,2,0,388.26602586181735,6.107314085051585,-42.79805256949306,68,41.17647058823529,48826602.58618174
100,0.01,5,6,387.22369631730004,6.098837202917307,-47.926710684657905,46,47.82608695652174,48722369.631730005
100,0.01,4,8,384.3952611472513,6.075746322438724,-47.874895521758994,45,46.666666666666664,48439526.11472513
100,0.01,2,4,384.2720830191735,6.074737769657812,-47.83134620377955,52,48.07692307692308,48427208.30191735
100,0.03,5,6,376.94183980297527,6.014270471786887,-54.61290537883201,31,48.38709677419355,47694183.98029753
150,0.01,1,12,371.6851661816738,5.970354753285645,-64.49761749532333,40,37.5,47168516.618167385
100,0.03,5,4,366.6610249959411,5.927939115185499,-53.62295163585756,32,50.0,46666102.49959411
100,0.01,5,8,356.87837746250455,5.8440739852754,-47.926710684657905,44,47.72727272727273,45687837.74625046
100,0.01,5,2,353.86486907686094,5.817891159709165,-50.002584273486725,52,51.92307692307693,45386486.90768609
100,0.03,5,8,319.3165978658625,5.5051458706682155,-54.66735135802856,31,48.38709677419355,41931659.78658625
100,0.03,4,10,310.19077390596425,5.41839176395722,-51.580115833059935,31,45.16129032258064,41019077.39059643
100,0.03,5,10,240.72209565225333,4.689639940119061,-58.56018297797762,31,41.935483870967744,34072209.56522533
