ma_type,short_window,long_window,stop_loss_pct,lookback_for_low,total_return_pct,cagr,mdd,total_trades,win_rate,final_capital
ema,20,200,0.05,60,1463.811875435882,10.847732623080919,-36.46495263554997,24,45.83333333333333,156381187.5435882
ema,20,200,0.05,50,1463.811875435882,10.847732623080919,-36.46495263554997,24,45.83333333333333,156381187.5435882
ema,20,200,0.05,40,1463.811875435882,10.847732623080919,-36.46495263554997,24,45.83333333333333,156381187.5435882
ema,20,200,0.05,30,1463.811875435882,10.847732623080919,-36.46495263554997,24,45.83333333333333,156381187.5435882
ema,20,200,0.05,20,1463.811875435882,10.847732623080919,-36.46495263554997,24,45.83333333333333,156381187.5435882
ema,20,200,0.15,50,1274.539186729145,10.31342599764904,-36.72055434162379,24,45.83333333333333,137453918.6729145
ema,20,200,0.15,60,1274.539186729145,10.31342599764904,-36.72055434162379,24,45.83333333333333,137453918.6729145
ema,20,200,0.1,20,1274.539186729145,10.31342599764904,-36.72055434162379,24,45.83333333333333,137453918.6729145
ema,20,200,0.1,50,1274.539186729145,10.31342599764904,-36.72055434162379,24,45.83333333333333,137453918.6729145
ema,20,200,0.1,60,1274.539186729145,10.31342599764904,-36.72055434162379,24,45.83333333333333,137453918.6729145
ema,20,200,0.15,20,1274.539186729145,10.31342599764904,-36.72055434162379,24,45.83333333333333,137453918.6729145
ema,20,200,0.15,30,1274.539186729145,10.31342599764904,-36.72055434162379,24,45.83333333333333,137453918.6729145
ema,20,200,0.15,40,1274.539186729145,10.31342599764904,-36.72055434162379,24,45.83333333333333,137453918.6729145
ema,20,200,0.1,30,1274.539186729145,10.31342599764904,-36.72055434162379,24,45.83333333333333,137453918.6729145
ema,20,200,0.1,40,1274.539186729145,10.31342599764904,-36.72055434162379,24,45.83333333333333,137453918.6729145
ema,5,200,0.1,60,766.0612234891206,8.421349780518472,-35.79678987297717,39,25.64102564102564,86606122.34891206
ema,5,200,0.15,30,766.0612234891206,8.421349780518472,-35.79678987297717,39,25.64102564102564,86606122.34891206
ema,5,200,0.15,60,766.0612234891206,8.421349780518472,-35.79678987297717,39,25.64102564102564,86606122.34891206
ema,5,200,0.1,50,766.0612234891206,8.421349780518472,-35.79678987297717,39,25.64102564102564,86606122.34891206
ema,5,200,0.15,40,766.0612234891206,8.421349780518472,-35.79678987297717,39,25.64102564102564,86606122.34891206
ema,5,200,0.15,50,766.0612234891206,8.421349780518472,-35.79678987297717,39,25.64102564102564,86606122.34891206
ema,5,200,0.1,20,766.0612234891206,8.421349780518472,-35.79678987297717,39,25.64102564102564,86606122.34891206
ema,5,200,0.1,40,766.0612234891206,8.421349780518472,-35.79678987297717,39,25.64102564102564,86606122.34891206
ema,5,200,0.15,20,766.0612234891206,8.421349780518472,-35.79678987297717,39,25.64102564102564,86606122.34891206
ema,5,200,0.1,30,766.0612234891206,8.421349780518472,-35.79678987297717,39,25.64102564102564,86606122.34891206
ema,5,200,0.05,60,761.7586071857907,8.401127231617146,-36.115727102722275,39,25.64102564102564,86175860.71857907
ema,5,200,0.05,50,761.7586071857907,8.401127231617146,-36.115727102722275,39,25.64102564102564,86175860.71857907
ema,5,200,0.05,20,761.7586071857907,8.401127231617146,-36.115727102722275,39,25.64102564102564,86175860.71857907
ema,5,200,0.05,30,761.7586071857907,8.401127231617146,-36.115727102722275,39,25.64102564102564,86175860.71857907
ema,5,200,0.05,40,761.7586071857907,8.401127231617146,-36.115727102722275,39,25.64102564102564,86175860.71857907
sma,5,120,0.15,60,717.2039502512148,8.338742180413261,-31.102118382022603,59,44.06779661016949,81720395.02512148
sma,5,120,0.1,20,717.2039502512148,8.338742180413261,-31.102118382022603,59,44.06779661016949,81720395.02512148
sma,5,120,0.15,50,717.2039502512148,8.338742180413261,-31.102118382022603,59,44.06779661016949,81720395.02512148
sma,5,120,0.1,40,717.2039502512148,8.338742180413261,-31.102118382022603,59,44.06779661016949,81720395.02512148
sma,5,120,0.1,30,717.2039502512148,8.338742180413261,-31.102118382022603,59,44.06779661016949,81720395.02512148
sma,5,120,0.1,60,717.2039502512148,8.338742180413261,-31.102118382022603,59,44.06779661016949,81720395.02512148
sma,5,120,0.15,20,717.2039502512148,8.338742180413261,-31.102118382022603,59,44.06779661016949,81720395.02512148
sma,5,120,0.15,30,717.2039502512148,8.338742180413261,-31.102118382022603,59,44.06779661016949,81720395.02512148
sma,5,120,0.15,40,717.2039502512148,8.338742180413261,-31.102118382022603,59,44.06779661016949,81720395.02512148
sma,5,120,0.1,50,717.2039502512148,8.338742180413261,-31.102118382022603,59,44.06779661016949,81720395.02512148
ema,10,250,0.15,30,715.4830363711268,8.177266515707693,-28.519177686989593,26,34.61538461538461,81548303.63711268
ema,10,250,0.1,20,715.4830363711268,8.177266515707693,-28.519177686989593,26,34.61538461538461,81548303.63711268
ema,10,250,0.1,30,715.4830363711268,8.177266515707693,-28.519177686989593,26,34.61538461538461,81548303.63711268
ema,10,250,0.1,40,715.4830363711268,8.177266515707693,-28.519177686989593,26,34.61538461538461,81548303.63711268
ema,10,250,0.1,50,715.4830363711268,8.177266515707693,-28.519177686989593,26,34.61538461538461,81548303.63711268
ema,10,250,0.1,60,715.4830363711268,8.177266515707693,-28.519177686989593,26,34.61538461538461,81548303.63711268
ema,10,250,0.15,20,715.4830363711268,8.177266515707693,-28.519177686989593,26,34.61538461538461,81548303.63711268
ema,10,250,0.15,60,715.4830363711268,8.177266515707693,-28.519177686989593,26,34.61538461538461,81548303.63711268
ema,10,250,0.15,50,715.4830363711268,8.177266515707693,-28.519177686989593,26,34.61538461538461,81548303.63711268
ema,10,250,0.15,40,715.4830363711268,8.177266515707693,-28.519177686989593,26,34.61538461538461,81548303.63711268
ema,20,100,0.15,20,691.6932346236395,8.05737711330976,-46.36238409987283,38,36.84210526315789,79169323.46236394
ema,20,100,0.15,50,691.6932346236395,8.05737711330976,-46.36238409987283,38,36.84210526315789,79169323.46236394
ema,20,100,0.15,40,691.6932346236395,8.05737711330976,-46.36238409987283,38,36.84210526315789,79169323.46236394
ema,20,100,0.15,30,691.6932346236395,8.05737711330976,-46.36238409987283,38,36.84210526315789,79169323.46236394
ema,20,100,0.15,60,691.6932346236395,8.05737711330976,-46.36238409987283,38,36.84210526315789,79169323.46236394
ema,20,100,0.1,20,663.3811533197977,7.910093840137988,-48.28061998328511,38,36.84210526315789,76338115.33197977
ema,20,100,0.1,50,663.3811533197977,7.910093840137988,-48.28061998328511,38,36.84210526315789,76338115.33197977
ema,20,100,0.1,60,663.3811533197977,7.910093840137988,-48.28061998328511,38,36.84210526315789,76338115.33197977
ema,20,100,0.1,30,663.3811533197977,7.910093840137988,-48.28061998328511,38,36.84210526315789,76338115.33197977
ema,20,100,0.1,40,663.3811533197977,7.910093840137988,-48.28061998328511,38,36.84210526315789,76338115.33197977
ema,20,100,0.05,60,526.2481203301472,7.112763929092547,-48.21768315589905,38,34.21052631578947,62624812.03301473
ema,20,100,0.05,50,526.2481203301472,7.112763929092547,-48.21768315589905,38,34.21052631578947,62624812.03301473
ema,20,100,0.05,40,526.2481203301472,7.112763929092547,-48.21768315589905,38,34.21052631578947,62624812.03301473
ema,20,100,0.05,20,526.2481203301472,7.112763929092547,-48.21768315589905,38,34.21052631578947,62624812.03301473
ema,20,100,0.05,30,526.2481203301472,7.112763929092547,-48.21768315589905,38,34.21052631578947,62624812.03301473
ema,5,250,0.1,50,503.5609601287755,6.964832858825476,-38.487191503264405,43,23.25581395348837,60356096.012877546
ema,5,250,0.15,40,503.5609601287755,6.964832858825476,-38.487191503264405,43,23.25581395348837,60356096.012877546
ema,5,250,0.1,30,503.5609601287755,6.964832858825476,-38.487191503264405,43,23.25581395348837,60356096.012877546
ema,5,250,0.15,60,503.5609601287755,6.964832858825476,-38.487191503264405,43,23.25581395348837,60356096.012877546
ema,5,250,0.15,50,503.5609601287755,6.964832858825476,-38.487191503264405,43,23.25581395348837,60356096.012877546
ema,5,250,0.1,20,503.5609601287755,6.964832858825476,-38.487191503264405,43,23.25581395348837,60356096.012877546
ema,5,250,0.1,60,503.5609601287755,6.964832858825476,-38.487191503264405,43,23.25581395348837,60356096.012877546
ema,5,250,0.1,40,503.5609601287755,6.964832858825476,-38.487191503264405,43,23.25581395348837,60356096.012877546
ema,5,250,0.15,30,503.5609601287755,6.964832858825476,-38.487191503264405,43,23.25581395348837,60356096.012877546
ema,5,250,0.15,20,503.5609601287755,6.964832858825476,-38.487191503264405,43,23.25581395348837,60356096.012877546
ema,5,100,0.15,60,478.80874155349494,6.797203025073273,-46.41726946318469,67,28.35820895522388,57880874.15534949
ema,5,100,0.1,20,478.80874155349494,6.797203025073273,-46.41726946318469,67,28.35820895522388,57880874.15534949
ema,5,100,0.15,20,478.80874155349494,6.797203025073273,-46.41726946318469,67,28.35820895522388,57880874.15534949
ema,5,100,0.1,50,478.80874155349494,6.797203025073273,-46.41726946318469,67,28.35820895522388,57880874.15534949
ema,5,100,0.15,40,478.80874155349494,6.797203025073273,-46.41726946318469,67,28.35820895522388,57880874.15534949
ema,5,100,0.1,40,478.80874155349494,6.797203025073273,-46.41726946318469,67,28.35820895522388,57880874.15534949
ema,5,100,0.1,30,478.80874155349494,6.797203025073273,-46.41726946318469,67,28.35820895522388,57880874.15534949
ema,5,100,0.15,30,478.80874155349494,6.797203025073273,-46.41726946318469,67,28.35820895522388,57880874.15534949
ema,5,100,0.1,60,478.80874155349494,6.797203025073273,-46.41726946318469,67,28.35820895522388,57880874.15534949
ema,5,100,0.15,50,478.80874155349494,6.797203025073273,-46.41726946318469,67,28.35820895522388,57880874.15534949
ema,5,250,0.05,60,471.1190981568188,6.743719537043802,-38.487194278912575,43,23.25581395348837,57111909.81568188
ema,5,250,0.05,20,471.1190981568188,6.743719537043802,-38.487194278912575,43,23.25581395348837,57111909.81568188
ema,5,250,0.05,30,471.1190981568188,6.743719537043802,-38.487194278912575,43,23.25581395348837,57111909.81568188
ema,5,250,0.05,40,471.1190981568188,6.743719537043802,-38.487194278912575,43,23.25581395348837,57111909.81568188
ema,5,250,0.05,50,471.1190981568188,6.743719537043802,-38.487194278912575,43,23.25581395348837,57111909.81568188
sma,10,120,0.15,40,432.7132752877614,6.585594860474742,-41.47900311320401,40,37.5,53271327.52877614
sma,10,120,0.15,50,432.7132752877614,6.585594860474742,-41.47900311320401,40,37.5,53271327.52877614
sma,10,120,0.15,60,432.7132752877614,6.585594860474742,-41.47900311320401,40,37.5,53271327.52877614
sma,10,120,0.15,30,432.7132752877614,6.585594860474742,-41.47900311320401,40,37.5,53271327.52877614
sma,10,120,0.15,20,432.7132752877614,6.585594860474742,-41.47900311320401,40,37.5,53271327.52877614
sma,20,200,0.15,40,428.2144134378991,6.632592627733325,-33.27599614780517,24,41.66666666666667,52821441.34378991
sma,20,200,0.15,30,428.2144134378991,6.632592627733325,-33.27599614780517,24,41.66666666666667,52821441.34378991
sma,20,200,0.15,50,428.2144134378991,6.632592627733325,-33.27599614780517,24,41.66666666666667,52821441.34378991
sma,20,200,0.15,20,428.2144134378991,6.632592627733325,-33.27599614780517,24,41.66666666666667,52821441.34378991
sma,20,200,0.15,60,428.2144134378991,6.632592627733325,-33.27599614780517,24,41.66666666666667,52821441.34378991
sma,20,200,0.1,40,425.2600733355326,6.609518021361316,-33.2759842114831,24,41.66666666666667,52526007.33355326
sma,20,200,0.1,30,425.2600733355326,6.609518021361316,-33.2759842114831,24,41.66666666666667,52526007.33355326
sma,20,200,0.1,20,425.2600733355326,6.609518021361316,-33.2759842114831,24,41.66666666666667,52526007.33355326
sma,20,200,0.1,50,425.2600733355326,6.609518021361316,-33.2759842114831,24,41.66666666666667,52526007.33355326
sma,20,200,0.1,60,425.2600733355326,6.609518021361316,-33.2759842114831,24,41.66666666666667,52526007.33355326
sma,10,120,0.1,20,422.12496929491954,6.504041431581431,-42.642386356192596,40,37.5,52212496.92949195
sma,10,120,0.1,30,422.12496929491954,6.504041431581431,-42.642386356192596,40,37.5,52212496.92949195
sma,10,120,0.1,60,422.12496929491954,6.504041431581431,-42.642386356192596,40,37.5,52212496.92949195
sma,10,120,0.1,50,422.12496929491954,6.504041431581431,-42.642386356192596,40,37.5,52212496.92949195
sma,10,120,0.1,40,422.12496929491954,6.504041431581431,-42.642386356192596,40,37.5,52212496.92949195
ema,20,120,0.15,60,418.1559269377922,6.3553397550268675,-52.708378905406164,35,37.142857142857146,51815592.693779215
ema,20,120,0.15,50,418.1559269377922,6.3553397550268675,-52.708378905406164,35,37.142857142857146,51815592.693779215
ema,20,120,0.15,40,418.1559269377922,6.3553397550268675,-52.708378905406164,35,37.142857142857146,51815592.693779215
ema,20,120,0.15,30,418.1559269377922,6.3553397550268675,-52.708378905406164,35,37.142857142857146,51815592.693779215
ema,20,120,0.15,20,418.1559269377922,6.3553397550268675,-52.708378905406164,35,37.142857142857146,51815592.693779215
ema,20,120,0.1,60,401.2417832632557,6.223221703353543,-53.82458663611905,35,37.142857142857146,50124178.326325566
ema,20,120,0.1,30,401.2417832632557,6.223221703353543,-53.82458663611905,35,37.142857142857146,50124178.326325566
ema,20,120,0.1,20,401.2417832632557,6.223221703353543,-53.82458663611905,35,37.142857142857146,50124178.326325566
ema,20,120,0.1,50,401.2417832632557,6.223221703353543,-53.82458663611905,35,37.142857142857146,50124178.326325566
ema,20,120,0.1,40,401.2417832632557,6.223221703353543,-53.82458663611905,35,37.142857142857146,50124178.326325566
ema,10,60,0.15,40,390.05904579487986,6.133494611766066,-43.972582781080355,78,34.61538461538461,49005904.57948799
ema,10,60,0.15,50,390.05904579487986,6.133494611766066,-43.972582781080355,78,34.61538461538461,49005904.57948799
ema,10,60,0.15,60,390.05904579487986,6.133494611766066,-43.972582781080355,78,34.61538461538461,49005904.57948799
ema,10,60,0.15,30,390.05904579487986,6.133494611766066,-43.972582781080355,78,34.61538461538461,49005904.57948799
ema,10,60,0.15,20,390.05904579487986,6.133494611766066,-43.972582781080355,78,34.61538461538461,49005904.57948799
ema,10,60,0.1,20,388.8751793242123,6.1238805094227855,-44.107873590980816,78,34.61538461538461,48887517.93242123
ema,10,60,0.1,60,388.8751793242123,6.1238805094227855,-44.107873590980816,78,34.61538461538461,48887517.93242123
ema,10,60,0.1,50,388.8751793242123,6.1238805094227855,-44.107873590980816,78,34.61538461538461,48887517.93242123
ema,10,60,0.1,40,388.8751793242123,6.1238805094227855,-44.107873590980816,78,34.61538461538461,48887517.93242123
ema,10,60,0.1,30,388.8751793242123,6.1238805094227855,-44.107873590980816,78,34.61538461538461,48887517.93242123
ema,10,120,0.1,40,380.22284687658066,6.052927396142405,-52.48805790889682,47,29.78723404255319,48022284.687658064
ema,10,120,0.15,30,380.22284687658066,6.052927396142405,-52.48805790889682,47,29.78723404255319,48022284.687658064
ema,10,120,0.1,30,380.22284687658066,6.052927396142405,-52.48805790889682,47,29.78723404255319,48022284.687658064
ema,10,120,0.1,20,380.22284687658066,6.052927396142405,-52.48805790889682,47,29.78723404255319,48022284.687658064
ema,10,120,0.1,50,380.22284687658066,6.052927396142405,-52.48805790889682,47,29.78723404255319,48022284.687658064
ema,10,120,0.1,60,380.22284687658066,6.052927396142405,-52.48805790889682,47,29.78723404255319,48022284.687658064
ema,10,120,0.15,20,380.22284687658066,6.052927396142405,-52.48805790889682,47,29.78723404255319,48022284.687658064
ema,10,120,0.15,40,380.22284687658066,6.052927396142405,-52.48805790889682,47,29.78723404255319,48022284.687658064
ema,10,120,0.15,50,380.22284687658066,6.052927396142405,-52.48805790889682,47,29.78723404255319,48022284.687658064
ema,10,120,0.15,60,380.22284687658066,6.052927396142405,-52.48805790889682,47,29.78723404255319,48022284.687658064
sma,5,250,0.15,40,359.06542901409154,6.106673590578793,-31.949570716888026,34,26.47058823529412,45906542.90140916
sma,5,250,0.1,30,359.06542901409154,6.106673590578793,-31.949570716888026,34,26.47058823529412,45906542.90140916
sma,5,250,0.15,60,359.06542901409154,6.106673590578793,-31.949570716888026,34,26.47058823529412,45906542.90140916
sma,5,250,0.15,50,359.06542901409154,6.106673590578793,-31.949570716888026,34,26.47058823529412,45906542.90140916
sma,5,250,0.1,20,359.06542901409154,6.106673590578793,-31.949570716888026,34,26.47058823529412,45906542.90140916
sma,5,250,0.1,60,359.06542901409154,6.106673590578793,-31.949570716888026,34,26.47058823529412,45906542.90140916
sma,5,250,0.15,20,359.06542901409154,6.106673590578793,-31.949570716888026,34,26.47058823529412,45906542.90140916
sma,5,250,0.15,30,359.06542901409154,6.106673590578793,-31.949570716888026,34,26.47058823529412,45906542.90140916
sma,5,250,0.1,40,359.06542901409154,6.106673590578793,-31.949570716888026,34,26.47058823529412,45906542.90140916
sma,5,250,0.1,50,359.06542901409154,6.106673590578793,-31.949570716888026,34,26.47058823529412,45906542.90140916
ema,10,250,0.05,20,342.7186297788337,5.730424834405046,-32.648637000631,26,26.923076923076923,44271862.97788337
ema,10,250,0.05,40,342.7186297788337,5.730424834405046,-32.648637000631,26,26.923076923076923,44271862.97788337
ema,10,250,0.05,60,342.7186297788337,5.730424834405046,-32.648637000631,26,26.923076923076923,44271862.97788337
ema,10,250,0.05,50,342.7186297788337,5.730424834405046,-32.648637000631,26,26.923076923076923,44271862.97788337
ema,10,250,0.05,30,342.7186297788337,5.730424834405046,-32.648637000631,26,26.923076923076923,44271862.97788337
sma,10,100,0.15,30,317.5908833088453,5.583965973886329,-31.252912149346162,48,37.5,41759088.33088453
sma,10,100,0.15,40,317.5908833088453,5.583965973886329,-31.252912149346162,48,37.5,41759088.33088453
sma,10,100,0.15,50,317.5908833088453,5.583965973886329,-31.252912149346162,48,37.5,41759088.33088453
sma,10,100,0.15,60,317.5908833088453,5.583965973886329,-31.252912149346162,48,37.5,41759088.33088453
sma,10,100,0.15,20,317.5908833088453,5.583965973886329,-31.252912149346162,48,37.5,41759088.33088453
ema,5,100,0.05,30,310.44051914307505,5.431063055629481,-61.81897581668371,67,26.865671641791046,41044051.914307505
ema,5,100,0.05,40,310.44051914307505,5.431063055629481,-61.81897581668371,67,26.865671641791046,41044051.914307505
ema,5,100,0.05,50,310.44051914307505,5.431063055629481,-61.81897581668371,67,26.865671641791046,41044051.914307505
ema,5,100,0.05,20,310.44051914307505,5.431063055629481,-61.81897581668371,67,26.865671641791046,41044051.914307505
ema,5,100,0.05,60,310.44051914307505,5.431063055629481,-61.81897581668371,67,26.865671641791046,41044051.914307505
ema,10,120,0.05,50,301.0702666730203,5.339907404366273,-55.218711855277135,47,27.659574468085108,40107026.66730203
ema,10,120,0.05,60,301.0702666730203,5.339907404366273,-55.218711855277135,47,27.659574468085108,40107026.66730203
ema,10,120,0.05,20,301.0702666730203,5.339907404366273,-55.218711855277135,47,27.659574468085108,40107026.66730203
ema,10,120,0.05,30,301.0702666730203,5.339907404366273,-55.218711855277135,47,27.659574468085108,40107026.66730203
ema,10,120,0.05,40,301.0702666730203,5.339907404366273,-55.218711855277135,47,27.659574468085108,40107026.66730203
sma,10,100,0.1,40,297.8816840339979,5.390087155660117,-34.49747487657037,48,37.5,39788168.40339979
sma,10,100,0.1,20,297.8816840339979,5.390087155660117,-34.49747487657037,48,37.5,39788168.40339979
sma,10,100,0.1,60,297.8816840339979,5.390087155660117,-34.49747487657037,48,37.5,39788168.40339979
sma,10,100,0.1,30,297.8816840339979,5.390087155660117,-34.49747487657037,48,37.5,39788168.40339979
sma,10,100,0.1,50,297.8816840339979,5.390087155660117,-34.49747487657037,48,37.5,39788168.40339979
ema,10,200,0.15,50,289.2117254346942,5.221560427930427,-43.88847976768308,35,31.428571428571427,38921172.54346942
ema,10,200,0.15,60,289.2117254346942,5.221560427930427,-43.88847976768308,35,31.428571428571427,38921172.54346942
ema,10,200,0.1,60,289.2117254346942,5.221560427930427,-43.88847976768308,35,31.428571428571427,38921172.54346942
ema,10,200,0.15,20,289.2117254346942,5.221560427930427,-43.88847976768308,35,31.428571428571427,38921172.54346942
ema,10,200,0.15,30,289.2117254346942,5.221560427930427,-43.88847976768308,35,31.428571428571427,38921172.54346942
ema,10,200,0.15,40,289.2117254346942,5.221560427930427,-43.88847976768308,35,31.428571428571427,38921172.54346942
ema,10,200,0.1,50,289.2117254346942,5.221560427930427,-43.88847976768308,35,31.428571428571427,38921172.54346942
ema,10,200,0.1,40,289.2117254346942,5.221560427930427,-43.88847976768308,35,31.428571428571427,38921172.54346942
ema,10,200,0.1,30,289.2117254346942,5.221560427930427,-43.88847976768308,35,31.428571428571427,38921172.54346942
ema,10,200,0.1,20,289.2117254346942,5.221560427930427,-43.88847976768308,35,31.428571428571427,38921172.54346942
ema,5,60,0.05,30,288.74010940088533,5.216782305096013,-44.41716600678516,110,29.09090909090909,38874010.94008853
ema,5,60,0.05,40,288.74010940088533,5.216782305096013,-44.41716600678516,110,29.09090909090909,38874010.94008853
ema,5,60,0.05,50,288.74010940088533,5.216782305096013,-44.41716600678516,110,29.09090909090909,38874010.94008853
ema,5,60,0.05,60,288.74010940088533,5.216782305096013,-44.41716600678516,110,29.09090909090909,38874010.94008853
ema,5,60,0.05,20,288.74010940088533,5.216782305096013,-44.41716600678516,110,29.09090909090909,38874010.94008853
sma,20,120,0.1,20,283.4335082932554,5.257716796442602,-37.975691633078455,31,48.38709677419355,38343350.82932554
sma,20,120,0.1,40,283.4335082932554,5.257716796442602,-37.975691633078455,31,48.38709677419355,38343350.82932554
sma,20,120,0.1,30,283.4335082932554,5.257716796442602,-37.975691633078455,31,48.38709677419355,38343350.82932554
sma,20,120,0.1,60,283.4335082932554,5.257716796442602,-37.975691633078455,31,48.38709677419355,38343350.82932554
sma,20,120,0.1,50,283.4335082932554,5.257716796442602,-37.975691633078455,31,48.38709677419355,38343350.82932554
sma,5,200,0.15,20,270.11057358753214,5.179071883167796,-37.60226869096151,41,29.268292682926827,37011057.35875321
sma,5,200,0.1,20,270.11057358753214,5.179071883167796,-37.60226869096151,41,29.268292682926827,37011057.35875321
sma,5,200,0.1,30,270.11057358753214,5.179071883167796,-37.60226869096151,41,29.268292682926827,37011057.35875321
sma,5,200,0.1,40,270.11057358753214,5.179071883167796,-37.60226869096151,41,29.268292682926827,37011057.35875321
sma,5,200,0.1,50,270.11057358753214,5.179071883167796,-37.60226869096151,41,29.268292682926827,37011057.35875321
sma,5,200,0.1,60,270.11057358753214,5.179071883167796,-37.60226869096151,41,29.268292682926827,37011057.35875321
sma,5,200,0.15,60,270.11057358753214,5.179071883167796,-37.60226869096151,41,29.268292682926827,37011057.35875321
sma,5,200,0.15,40,270.11057358753214,5.179071883167796,-37.60226869096151,41,29.268292682926827,37011057.35875321
sma,5,200,0.15,50,270.11057358753214,5.179071883167796,-37.60226869096151,41,29.268292682926827,37011057.35875321
sma,5,200,0.15,30,270.11057358753214,5.179071883167796,-37.60226869096151,41,29.268292682926827,37011057.35875321
ema,5,60,0.1,60,266.9948718180908,4.990183301583295,-47.60855557380832,110,29.09090909090909,36699487.18180908
ema,5,60,0.1,50,266.9948718180908,4.990183301583295,-47.60855557380832,110,29.09090909090909,36699487.18180908
ema,5,60,0.1,40,266.9948718180908,4.990183301583295,-47.60855557380832,110,29.09090909090909,36699487.18180908
ema,5,60,0.1,30,266.9948718180908,4.990183301583295,-47.60855557380832,110,29.09090909090909,36699487.18180908
ema,5,60,0.1,20,266.9948718180908,4.990183301583295,-47.60855557380832,110,29.09090909090909,36699487.18180908
ema,10,100,0.15,20,263.00908321897543,4.947251434581834,-46.69214377780564,53,30.18867924528302,36300908.321897544
ema,10,100,0.1,20,263.00908321897543,4.947251434581834,-46.69214377780564,53,30.18867924528302,36300908.321897544
ema,10,100,0.1,30,263.00908321897543,4.947251434581834,-46.69214377780564,53,30.18867924528302,36300908.321897544
ema,10,100,0.1,40,263.00908321897543,4.947251434581834,-46.69214377780564,53,30.18867924528302,36300908.321897544
ema,10,100,0.15,60,263.00908321897543,4.947251434581834,-46.69214377780564,53,30.18867924528302,36300908.321897544
ema,10,100,0.1,50,263.00908321897543,4.947251434581834,-46.69214377780564,53,30.18867924528302,36300908.321897544
ema,10,100,0.15,50,263.00908321897543,4.947251434581834,-46.69214377780564,53,30.18867924528302,36300908.321897544
ema,10,100,0.15,40,263.00908321897543,4.947251434581834,-46.69214377780564,53,30.18867924528302,36300908.321897544
ema,10,100,0.1,60,263.00908321897543,4.947251434581834,-46.69214377780564,53,30.18867924528302,36300908.321897544
ema,10,100,0.15,30,263.00908321897543,4.947251434581834,-46.69214377780564,53,30.18867924528302,36300908.321897544
ema,5,60,0.15,20,259.8048740825592,4.912407863367818,-48.634951641176116,110,29.09090909090909,35980487.40825592
ema,5,60,0.15,30,259.8048740825592,4.912407863367818,-48.634951641176116,110,29.09090909090909,35980487.40825592
ema,5,60,0.15,40,259.8048740825592,4.912407863367818,-48.634951641176116,110,29.09090909090909,35980487.40825592
ema,5,60,0.15,50,259.8048740825592,4.912407863367818,-48.634951641176116,110,29.09090909090909,35980487.40825592
ema,5,60,0.15,60,259.8048740825592,4.912407863367818,-48.634951641176116,110,29.09090909090909,35980487.40825592
sma,5,250,0.05,40,254.3707101844439,5.043795243069349,-31.94953366907109,34,23.52941176470588,35437071.01844439
sma,5,250,0.05,60,254.3707101844439,5.043795243069349,-31.94953366907109,34,23.52941176470588,35437071.01844439
sma,5,250,0.05,50,254.3707101844439,5.043795243069349,-31.94953366907109,34,23.52941176470588,35437071.01844439
sma,5,250,0.05,30,254.3707101844439,5.043795243069349,-31.94953366907109,34,23.52941176470588,35437071.01844439
sma,5,250,0.05,20,254.3707101844439,5.043795243069349,-31.94953366907109,34,23.52941176470588,35437071.01844439
ema,5,120,0.1,20,251.11346216516856,4.816369050767033,-59.27944664007423,65,21.53846153846154,35111346.21651685
ema,5,120,0.15,50,251.11346216516856,4.816369050767033,-59.27944664007423,65,21.53846153846154,35111346.21651685
ema,5,120,0.15,60,251.11346216516856,4.816369050767033,-59.27944664007423,65,21.53846153846154,35111346.21651685
ema,5,120,0.1,30,251.11346216516856,4.816369050767033,-59.27944664007423,65,21.53846153846154,35111346.21651685
ema,5,120,0.15,40,251.11346216516856,4.816369050767033,-59.27944664007423,65,21.53846153846154,35111346.21651685
ema,5,120,0.15,30,251.11346216516856,4.816369050767033,-59.27944664007423,65,21.53846153846154,35111346.21651685
ema,5,120,0.15,20,251.11346216516856,4.816369050767033,-59.27944664007423,65,21.53846153846154,35111346.21651685
ema,5,120,0.1,60,251.11346216516856,4.816369050767033,-59.27944664007423,65,21.53846153846154,35111346.21651685
ema,5,120,0.1,50,251.11346216516856,4.816369050767033,-59.27944664007423,65,21.53846153846154,35111346.21651685
ema,5,120,0.1,40,251.11346216516856,4.816369050767033,-59.27944664007423,65,21.53846153846154,35111346.21651685
ema,20,250,0.1,40,249.53644615473684,4.7986983084314705,-36.46495263554997,19,36.84210526315789,34953644.61547368
ema,20,250,0.1,30,249.53644615473684,4.7986983084314705,-36.46495263554997,19,36.84210526315789,34953644.61547368
ema,20,250,0.1,60,249.53644615473684,4.7986983084314705,-36.46495263554997,19,36.84210526315789,34953644.61547368
ema,20,250,0.1,20,249.53644615473684,4.7986983084314705,-36.46495263554997,19,36.84210526315789,34953644.61547368
ema,20,250,0.15,20,249.53644615473684,4.7986983084314705,-36.46495263554997,19,36.84210526315789,34953644.61547368
ema,20,250,0.15,30,249.53644615473684,4.7986983084314705,-36.46495263554997,19,36.84210526315789,34953644.61547368
ema,20,250,0.15,40,249.53644615473684,4.7986983084314705,-36.46495263554997,19,36.84210526315789,34953644.61547368
ema,20,250,0.15,50,249.53644615473684,4.7986983084314705,-36.46495263554997,19,36.84210526315789,34953644.61547368
ema,20,250,0.1,50,249.53644615473684,4.7986983084314705,-36.46495263554997,19,36.84210526315789,34953644.61547368
ema,20,250,0.15,60,249.53644615473684,4.7986983084314705,-36.46495263554997,19,36.84210526315789,34953644.61547368
sma,20,120,0.15,60,247.16696505071818,4.85972912936703,-35.282089041765786,31,48.38709677419355,34716696.50507182
sma,20,120,0.15,20,247.16696505071818,4.85972912936703,-35.282089041765786,31,48.38709677419355,34716696.50507182
sma,20,120,0.15,30,247.16696505071818,4.85972912936703,-35.282089041765786,31,48.38709677419355,34716696.50507182
sma,20,120,0.15,40,247.16696505071818,4.85972912936703,-35.282089041765786,31,48.38709677419355,34716696.50507182
sma,20,120,0.15,50,247.16696505071818,4.85972912936703,-35.282089041765786,31,48.38709677419355,34716696.50507182
sma,5,120,0.05,20,241.05016262905016,4.788685245951263,-40.73912130945524,59,40.67796610169492,34105016.26290502
sma,5,120,0.05,40,241.05016262905016,4.788685245951263,-40.73912130945524,59,40.67796610169492,34105016.26290502
sma,5,120,0.05,30,241.05016262905016,4.788685245951263,-40.73912130945524,59,40.67796610169492,34105016.26290502
sma,5,120,0.05,50,241.05016262905016,4.788685245951263,-40.73912130945524,59,40.67796610169492,34105016.26290502
sma,5,120,0.05,60,241.05016262905016,4.788685245951263,-40.73912130945524,59,40.67796610169492,34105016.26290502
sma,10,100,0.05,20,231.37434584564866,4.659829804471438,-37.35326989984891,48,35.41666666666667,33137434.58456487
sma,10,100,0.05,30,231.37434584564866,4.659829804471438,-37.35326989984891,48,35.41666666666667,33137434.58456487
sma,10,100,0.05,40,231.37434584564866,4.659829804471438,-37.35326989984891,48,35.41666666666667,33137434.58456487
sma,10,100,0.05,50,231.37434584564866,4.659829804471438,-37.35326989984891,48,35.41666666666667,33137434.58456487
sma,10,100,0.05,60,231.37434584564866,4.659829804471438,-37.35326989984891,48,35.41666666666667,33137434.58456487
sma,5,60,0.15,20,221.36134082419622,4.509514819844163,-50.02129197457877,96,32.29166666666667,32136134.08241962
sma,5,60,0.15,60,221.36134082419622,4.509514819844163,-50.02129197457877,96,32.29166666666667,32136134.08241962
sma,5,60,0.15,50,221.36134082419622,4.509514819844163,-50.02129197457877,96,32.29166666666667,32136134.08241962
sma,5,60,0.15,40,221.36134082419622,4.509514819844163,-50.02129197457877,96,32.29166666666667,32136134.08241962
sma,5,60,0.15,30,221.36134082419622,4.509514819844163,-50.02129197457877,96,32.29166666666667,32136134.08241962
sma,10,200,0.1,20,220.5765300794202,4.597573620416218,-35.93088904095592,33,30.303030303030305,32057653.00794202
sma,10,200,0.1,40,220.5765300794202,4.597573620416218,-35.93088904095592,33,30.303030303030305,32057653.00794202
sma,10,200,0.15,60,220.5765300794202,4.597573620416218,-35.93088904095592,33,30.303030303030305,32057653.00794202
sma,10,200,0.1,50,220.5765300794202,4.597573620416218,-35.93088904095592,33,30.303030303030305,32057653.00794202
sma,10,200,0.1,30,220.5765300794202,4.597573620416218,-35.93088904095592,33,30.303030303030305,32057653.00794202
sma,10,200,0.15,30,220.5765300794202,4.597573620416218,-35.93088904095592,33,30.303030303030305,32057653.00794202
sma,10,200,0.15,40,220.5765300794202,4.597573620416218,-35.93088904095592,33,30.303030303030305,32057653.00794202
sma,10,200,0.15,20,220.5765300794202,4.597573620416218,-35.93088904095592,33,30.303030303030305,32057653.00794202
sma,10,200,0.15,50,220.5765300794202,4.597573620416218,-35.93088904095592,33,30.303030303030305,32057653.00794202
sma,10,200,0.1,60,220.5765300794202,4.597573620416218,-35.93088904095592,33,30.303030303030305,32057653.00794202
sma,10,60,0.05,30,218.76042567414785,4.47743117934134,-44.925708619572674,69,39.130434782608695,31876042.567414787
sma,10,60,0.05,50,218.76042567414785,4.47743117934134,-44.925708619572674,69,39.130434782608695,31876042.567414787
sma,10,60,0.05,60,218.76042567414785,4.47743117934134,-44.925708619572674,69,39.130434782608695,31876042.567414787
sma,10,60,0.05,20,218.76042567414785,4.47743117934134,-44.925708619572674,69,39.130434782608695,31876042.567414787
sma,10,60,0.05,40,218.76042567414785,4.47743117934134,-44.925708619572674,69,39.130434782608695,31876042.567414787
sma,5,60,0.1,20,215.03048304183667,4.430977985183282,-51.00587883951927,96,32.29166666666667,31503048.304183666
sma,5,60,0.1,40,215.03048304183667,4.430977985183282,-51.00587883951927,96,32.29166666666667,31503048.304183666
sma,5,60,0.1,30,215.03048304183667,4.430977985183282,-51.00587883951927,96,32.29166666666667,31503048.304183666
sma,5,60,0.1,50,215.03048304183667,4.430977985183282,-51.00587883951927,96,32.29166666666667,31503048.304183666
sma,5,60,0.1,60,215.03048304183667,4.430977985183282,-51.00587883951927,96,32.29166666666667,31503048.304183666
sma,10,60,0.15,60,205.21843602384186,4.306202833961126,-46.50184604832449,69,40.57971014492754,30521843.602384187
sma,10,60,0.15,40,205.21843602384186,4.306202833961126,-46.50184604832449,69,40.57971014492754,30521843.602384187
sma,10,60,0.15,50,205.21843602384186,4.306202833961126,-46.50184604832449,69,40.57971014492754,30521843.602384187
sma,10,60,0.15,30,205.21843602384186,4.306202833961126,-46.50184604832449,69,40.57971014492754,30521843.602384187
sma,10,60,0.15,20,205.21843602384186,4.306202833961126,-46.50184604832449,69,40.57971014492754,30521843.602384187
sma,10,60,0.1,40,198.9951601664957,4.225048157728661,-47.59261160222445,69,40.57971014492754,29899516.01664957
sma,10,60,0.1,20,198.9951601664957,4.225048157728661,-47.59261160222445,69,40.57971014492754,29899516.01664957
sma,10,60,0.1,50,198.9951601664957,4.225048157728661,-47.59261160222445,69,40.57971014492754,29899516.01664957
sma,10,60,0.1,30,198.9951601664957,4.225048157728661,-47.59261160222445,69,40.57971014492754,29899516.01664957
sma,10,60,0.1,60,198.9951601664957,4.225048157728661,-47.59261160222445,69,40.57971014492754,29899516.01664957
sma,10,120,0.05,60,177.0446563761738,3.96156000461938,-42.026350468436334,40,30.0,27704465.63761738
sma,10,120,0.05,50,177.0446563761738,3.96156000461938,-42.026350468436334,40,30.0,27704465.63761738
sma,10,120,0.05,40,177.0446563761738,3.96156000461938,-42.026350468436334,40,30.0,27704465.63761738
sma,10,120,0.05,30,177.0446563761738,3.96156000461938,-42.026350468436334,40,30.0,27704465.63761738
sma,10,120,0.05,20,177.0446563761738,3.96156000461938,-42.026350468436334,40,30.0,27704465.63761738
sma,20,120,0.05,20,162.2234302177558,3.74385862361013,-37.52152771475992,31,41.935483870967744,26222343.02177558
sma,20,120,0.05,30,162.2234302177558,3.74385862361013,-37.52152771475992,31,41.935483870967744,26222343.02177558
sma,20,120,0.05,40,162.2234302177558,3.74385862361013,-37.52152771475992,31,41.935483870967744,26222343.02177558
sma,20,120,0.05,50,162.2234302177558,3.74385862361013,-37.52152771475992,31,41.935483870967744,26222343.02177558
sma,20,120,0.05,60,162.2234302177558,3.74385862361013,-37.52152771475992,31,41.935483870967744,26222343.02177558
sma,5,100,0.1,60,152.33029593704052,3.5812017220016035,-35.8609283469976,70,32.857142857142854,25233029.593704052
sma,5,100,0.1,20,152.33029593704052,3.5812017220016035,-35.8609283469976,70,32.857142857142854,25233029.593704052
sma,5,100,0.1,30,152.33029593704052,3.5812017220016035,-35.8609283469976,70,32.857142857142854,25233029.593704052
sma,5,100,0.1,40,152.33029593704052,3.5812017220016035,-35.8609283469976,70,32.857142857142854,25233029.593704052
sma,5,100,0.15,50,152.33029593704052,3.5812017220016035,-35.8609283469976,70,32.857142857142854,25233029.593704052
sma,5,100,0.1,50,152.33029593704052,3.5812017220016035,-35.8609283469976,70,32.857142857142854,25233029.593704052
sma,5,100,0.15,40,152.33029593704052,3.5812017220016035,-35.8609283469976,70,32.857142857142854,25233029.593704052
sma,5,100,0.15,60,152.33029593704052,3.5812017220016035,-35.8609283469976,70,32.857142857142854,25233029.593704052
sma,5,100,0.15,30,152.33029593704052,3.5812017220016035,-35.8609283469976,70,32.857142857142854,25233029.593704052
sma,5,100,0.15,20,152.33029593704052,3.5812017220016035,-35.8609283469976,70,32.857142857142854,25233029.593704052
ema,5,120,0.05,60,149.40656179255262,3.482218382851432,-66.53803877262948,65,20.0,24940656.179255262
ema,5,120,0.05,50,149.40656179255262,3.482218382851432,-66.53803877262948,65,20.0,24940656.179255262
ema,5,120,0.05,20,149.40656179255262,3.482218382851432,-66.53803877262948,65,20.0,24940656.179255262
ema,5,120,0.05,30,149.40656179255262,3.482218382851432,-66.53803877262948,65,20.0,24940656.179255262
ema,5,120,0.05,40,149.40656179255262,3.482218382851432,-66.53803877262948,65,20.0,24940656.179255262
ema,10,100,0.05,20,142.77027758538563,3.377745623639683,-58.83554083110965,53,26.41509433962264,24277027.758538563
ema,10,100,0.05,30,142.77027758538563,3.377745623639683,-58.83554083110965,53,26.41509433962264,24277027.758538563
ema,10,100,0.05,50,142.77027758538563,3.377745623639683,-58.83554083110965,53,26.41509433962264,24277027.758538563
ema,10,100,0.05,40,142.77027758538563,3.377745623639683,-58.83554083110965,53,26.41509433962264,24277027.758538563
ema,10,100,0.05,60,142.77027758538563,3.377745623639683,-58.83554083110965,53,26.41509433962264,24277027.758538563
ema,20,120,0.05,50,142.20709278996128,3.3687534571715583,-59.59236469820485,35,31.428571428571427,24220709.27899613
ema,20,120,0.05,30,142.20709278996128,3.3687534571715583,-59.59236469820485,35,31.428571428571427,24220709.27899613
ema,20,120,0.05,20,142.20709278996128,3.3687534571715583,-59.59236469820485,35,31.428571428571427,24220709.27899613
ema,20,120,0.05,40,142.20709278996128,3.3687534571715583,-59.59236469820485,35,31.428571428571427,24220709.27899613
ema,20,120,0.05,60,142.20709278996128,3.3687534571715583,-59.59236469820485,35,31.428571428571427,24220709.27899613
ema,10,60,0.05,30,138.10170798648556,3.3025896204051497,-55.44661180497591,78,32.05128205128205,23810170.79864856
ema,10,60,0.05,60,138.10170798648556,3.3025896204051497,-55.44661180497591,78,32.05128205128205,23810170.79864856
ema,10,60,0.05,50,138.10170798648556,3.3025896204051497,-55.44661180497591,78,32.05128205128205,23810170.79864856
ema,10,60,0.05,40,138.10170798648556,3.3025896204051497,-55.44661180497591,78,32.05128205128205,23810170.79864856
ema,10,60,0.05,20,138.10170798648556,3.3025896204051497,-55.44661180497591,78,32.05128205128205,23810170.79864856
sma,20,60,0.15,30,135.46253951055084,3.2885995819744718,-35.74392934593143,59,32.20338983050847,23546253.951055083
sma,20,60,0.15,60,135.46253951055084,3.2885995819744718,-35.74392934593143,59,32.20338983050847,23546253.951055083
sma,20,60,0.15,50,135.46253951055084,3.2885995819744718,-35.74392934593143,59,32.20338983050847,23546253.951055083
sma,20,60,0.15,20,135.46253951055084,3.2885995819744718,-35.74392934593143,59,32.20338983050847,23546253.951055083
sma,20,60,0.15,40,135.46253951055084,3.2885995819744718,-35.74392934593143,59,32.20338983050847,23546253.951055083
ema,10,200,0.05,40,133.7657887469375,3.231507296179892,-32.991294918260586,35,25.71428571428571,23376578.874693748
ema,10,200,0.05,20,133.7657887469375,3.231507296179892,-32.991294918260586,35,25.71428571428571,23376578.874693748
ema,10,200,0.05,30,133.7657887469375,3.231507296179892,-32.991294918260586,35,25.71428571428571,23376578.874693748
ema,10,200,0.05,50,133.7657887469375,3.231507296179892,-32.991294918260586,35,25.71428571428571,23376578.874693748
ema,10,200,0.05,60,133.7657887469375,3.231507296179892,-32.991294918260586,35,25.71428571428571,23376578.874693748
sma,5,200,0.05,20,117.62625956089947,3.0459071968604645,-50.2118130416825,41,24.390243902439025,21762625.956089947
sma,5,200,0.05,30,117.62625956089947,3.0459071968604645,-50.2118130416825,41,24.390243902439025,21762625.956089947
sma,5,200,0.05,40,117.62625956089947,3.0459071968604645,-50.2118130416825,41,24.390243902439025,21762625.956089947
sma,5,200,0.05,50,117.62625956089947,3.0459071968604645,-50.2118130416825,41,24.390243902439025,21762625.956089947
sma,5,200,0.05,60,117.62625956089947,3.0459071968604645,-50.2118130416825,41,24.390243902439025,21762625.956089947
sma,5,60,0.05,60,102.63388215668535,2.704283494371529,-58.0564764096046,96,29.166666666666668,20263388.215668533
sma,5,60,0.05,30,102.63388215668535,2.704283494371529,-58.0564764096046,96,29.166666666666668,20263388.215668533
sma,5,60,0.05,40,102.63388215668535,2.704283494371529,-58.0564764096046,96,29.166666666666668,20263388.215668533
sma,5,60,0.05,50,102.63388215668535,2.704283494371529,-58.0564764096046,96,29.166666666666668,20263388.215668533
sma,5,60,0.05,20,102.63388215668535,2.704283494371529,-58.0564764096046,96,29.166666666666668,20263388.215668533
sma,20,100,0.1,30,102.03421137049918,2.7095408989157965,-35.41001742013326,34,35.294117647058826,20203421.137049917
sma,20,100,0.1,20,102.03421137049918,2.7095408989157965,-35.41001742013326,34,35.294117647058826,20203421.137049917
sma,20,100,0.1,60,102.03421137049918,2.7095408989157965,-35.41001742013326,34,35.294117647058826,20203421.137049917
sma,20,100,0.1,50,102.03421137049918,2.7095408989157965,-35.41001742013326,34,35.294117647058826,20203421.137049917
sma,20,100,0.1,40,102.03421137049918,2.7095408989157965,-35.41001742013326,34,35.294117647058826,20203421.137049917
sma,20,100,0.15,60,93.92893436337494,2.549793489496377,-36.84888039317373,34,35.294117647058826,19392893.436337493
sma,20,100,0.15,50,93.92893436337494,2.549793489496377,-36.84888039317373,34,35.294117647058826,19392893.436337493
sma,20,100,0.15,20,93.92893436337494,2.549793489496377,-36.84888039317373,34,35.294117647058826,19392893.436337493
sma,20,100,0.15,30,93.92893436337494,2.549793489496377,-36.84888039317373,34,35.294117647058826,19392893.436337493
sma,20,100,0.15,40,93.92893436337494,2.549793489496377,-36.84888039317373,34,35.294117647058826,19392893.436337493
sma,20,60,0.1,60,93.85647976489841,2.5325883052181863,-38.50953148730765,59,32.20338983050847,19385647.976489842
sma,20,60,0.1,20,93.85647976489841,2.5325883052181863,-38.50953148730765,59,32.20338983050847,19385647.976489842
sma,20,60,0.1,30,93.85647976489841,2.5325883052181863,-38.50953148730765,59,32.20338983050847,19385647.976489842
sma,20,60,0.1,40,93.85647976489841,2.5325883052181863,-38.50953148730765,59,32.20338983050847,19385647.976489842
sma,20,60,0.1,50,93.85647976489841,2.5325883052181863,-38.50953148730765,59,32.20338983050847,19385647.976489842
sma,5,100,0.05,40,88.76804018035975,2.444695203792091,-47.84749505585474,70,31.428571428571427,18876804.018035974
sma,5,100,0.05,50,88.76804018035975,2.444695203792091,-47.84749505585474,70,31.428571428571427,18876804.018035974
sma,5,100,0.05,60,88.76804018035975,2.444695203792091,-47.84749505585474,70,31.428571428571427,18876804.018035974
sma,5,100,0.05,20,88.76804018035975,2.444695203792091,-47.84749505585474,70,31.428571428571427,18876804.018035974
sma,5,100,0.05,30,88.76804018035975,2.444695203792091,-47.84749505585474,70,31.428571428571427,18876804.018035974
sma,20,60,0.05,60,71.05595345606662,2.048988015279929,-29.098625640454635,59,30.508474576271187,17105595.345606662
sma,20,60,0.05,20,71.05595345606662,2.048988015279929,-29.098625640454635,59,30.508474576271187,17105595.345606662
sma,20,60,0.05,50,71.05595345606662,2.048988015279929,-29.098625640454635,59,30.508474576271187,17105595.345606662
sma,20,60,0.05,30,71.05595345606662,2.048988015279929,-29.098625640454635,59,30.508474576271187,17105595.345606662
sma,20,60,0.05,40,71.05595345606662,2.048988015279929,-29.098625640454635,59,30.508474576271187,17105595.345606662
sma,20,100,0.05,50,70.80339787173922,2.055966549195176,-27.10217237815066,34,32.35294117647059,17080339.787173923
sma,20,100,0.05,40,70.80339787173922,2.055966549195176,-27.10217237815066,34,32.35294117647059,17080339.787173923
sma,20,100,0.05,30,70.80339787173922,2.055966549195176,-27.10217237815066,34,32.35294117647059,17080339.787173923
sma,20,100,0.05,60,70.80339787173922,2.055966549195176,-27.10217237815066,34,32.35294117647059,17080339.787173923
sma,20,100,0.05,20,70.80339787173922,2.055966549195176,-27.10217237815066,34,32.35294117647059,17080339.787173923
sma,20,200,0.05,30,58.3221410117705,1.7886623791613765,-33.20211170832298,24,29.166666666666668,15832214.10117705
sma,20,200,0.05,40,58.3221410117705,1.7886623791613765,-33.20211170832298,24,29.166666666666668,15832214.10117705
sma,20,200,0.05,50,58.3221410117705,1.7886623791613765,-33.20211170832298,24,29.166666666666668,15832214.10117705
sma,20,200,0.05,20,58.3221410117705,1.7886623791613765,-33.20211170832298,24,29.166666666666668,15832214.10117705
sma,20,200,0.05,60,58.3221410117705,1.7886623791613765,-33.20211170832298,24,29.166666666666668,15832214.10117705
ema,20,250,0.05,30,55.13827356764502,1.6583742764616716,-44.65395771219634,19,26.31578947368421,15513827.356764503
ema,20,250,0.05,20,55.13827356764502,1.6583742764616716,-44.65395771219634,19,26.31578947368421,15513827.356764503
ema,20,250,0.05,40,55.13827356764502,1.6583742764616716,-44.65395771219634,19,26.31578947368421,15513827.356764503
ema,20,250,0.05,50,55.13827356764502,1.6583742764616716,-44.65395771219634,19,26.31578947368421,15513827.356764503
ema,20,250,0.05,60,55.13827356764502,1.6583742764616716,-44.65395771219634,19,26.31578947368421,15513827.356764503
sma,20,250,0.1,50,49.412460755614674,1.5739952163648985,-32.15097118870819,17,41.17647058823529,14941246.075561468
sma,20,250,0.1,20,49.412460755614674,1.5739952163648985,-32.15097118870819,17,41.17647058823529,14941246.075561468
sma,20,250,0.1,30,49.412460755614674,1.5739952163648985,-32.15097118870819,17,41.17647058823529,14941246.075561468
sma,20,250,0.1,40,49.412460755614674,1.5739952163648985,-32.15097118870819,17,41.17647058823529,14941246.075561468
sma,20,250,0.1,60,49.412460755614674,1.5739952163648985,-32.15097118870819,17,41.17647058823529,14941246.075561468
sma,20,250,0.15,60,47.90695510970099,1.5339944588814491,-32.15097118870819,17,41.17647058823529,14790695.510970099
sma,20,250,0.15,50,47.90695510970099,1.5339944588814491,-32.15097118870819,17,41.17647058823529,14790695.510970099
sma,20,250,0.15,40,47.90695510970099,1.5339944588814491,-32.15097118870819,17,41.17647058823529,14790695.510970099
sma,20,250,0.15,30,47.90695510970099,1.5339944588814491,-32.15097118870819,17,41.17647058823529,14790695.510970099
sma,20,250,0.15,20,47.90695510970099,1.5339944588814491,-32.15097118870819,17,41.17647058823529,14790695.510970099
sma,10,250,0.1,20,44.26254899052884,1.435520007005131,-52.94960830933319,28,21.428571428571427,14426254.899052884
sma,10,250,0.1,30,44.26254899052884,1.435520007005131,-52.94960830933319,28,21.428571428571427,14426254.899052884
sma,10,250,0.1,40,44.26254899052884,1.435520007005131,-52.94960830933319,28,21.428571428571427,14426254.899052884
sma,10,250,0.1,50,44.26254899052884,1.435520007005131,-52.94960830933319,28,21.428571428571427,14426254.899052884
sma,10,250,0.1,60,44.26254899052884,1.435520007005131,-52.94960830933319,28,21.428571428571427,14426254.899052884
sma,10,250,0.15,20,44.26254899052884,1.435520007005131,-52.94960830933319,28,21.428571428571427,14426254.899052884
sma,10,250,0.15,60,44.26254899052884,1.435520007005131,-52.94960830933319,28,21.428571428571427,14426254.899052884
sma,10,250,0.15,30,44.26254899052884,1.435520007005131,-52.94960830933319,28,21.428571428571427,14426254.899052884
sma,10,250,0.15,50,44.26254899052884,1.435520007005131,-52.94960830933319,28,21.428571428571427,14426254.899052884
sma,10,250,0.15,40,44.26254899052884,1.435520007005131,-52.94960830933319,28,21.428571428571427,14426254.899052884
sma,20,250,0.05,30,21.882227549209947,0.7726159958471701,-28.92066139770828,17,35.294117647058826,12188222.754920995
sma,20,250,0.05,40,21.882227549209947,0.7726159958471701,-28.92066139770828,17,35.294117647058826,12188222.754920995
sma,20,250,0.05,20,21.882227549209947,0.7726159958471701,-28.92066139770828,17,35.294117647058826,12188222.754920995
sma,20,250,0.05,50,21.882227549209947,0.7726159958471701,-28.92066139770828,17,35.294117647058826,12188222.754920995
sma,20,250,0.05,60,21.882227549209947,0.7726159958471701,-28.92066139770828,17,35.294117647058826,12188222.754920995
ema,20,60,0.1,40,-9.89230748510193,-0.3893767220316646,-38.438932416157975,56,28.57142857142857,9010769.251489807
ema,20,60,0.1,20,-9.89230748510193,-0.3893767220316646,-38.438932416157975,56,28.57142857142857,9010769.251489807
ema,20,60,0.1,60,-9.89230748510193,-0.3893767220316646,-38.438932416157975,56,28.57142857142857,9010769.251489807
ema,20,60,0.1,50,-9.89230748510193,-0.3893767220316646,-38.438932416157975,56,28.57142857142857,9010769.251489807
ema,20,60,0.1,30,-9.89230748510193,-0.3893767220316646,-38.438932416157975,56,28.57142857142857,9010769.251489807
sma,10,250,0.05,60,-10.309354756492823,-0.4222829064295386,-54.589660313755004,28,14.285714285714285,8969064.524350718
sma,10,250,0.05,50,-10.309354756492823,-0.4222829064295386,-54.589660313755004,28,14.285714285714285,8969064.524350718
sma,10,250,0.05,40,-10.309354756492823,-0.4222829064295386,-54.589660313755004,28,14.285714285714285,8969064.524350718
sma,10,250,0.05,30,-10.309354756492823,-0.4222829064295386,-54.589660313755004,28,14.285714285714285,8969064.524350718
sma,10,250,0.05,20,-10.309354756492823,-0.4222829064295386,-54.589660313755004,28,14.285714285714285,8969064.524350718
ema,20,60,0.15,60,-13.362838322800958,-0.5358025680130551,-39.46655882534147,56,28.57142857142857,8663716.167719904
ema,20,60,0.15,50,-13.362838322800958,-0.5358025680130551,-39.46655882534147,56,28.57142857142857,8663716.167719904
ema,20,60,0.15,40,-13.362838322800958,-0.5358025680130551,-39.46655882534147,56,28.57142857142857,8663716.167719904
ema,20,60,0.15,30,-13.362838322800958,-0.5358025680130551,-39.46655882534147,56,28.57142857142857,8663716.167719904
ema,20,60,0.15,20,-13.362838322800958,-0.5358025680130551,-39.46655882534147,56,28.57142857142857,8663716.167719904
ema,20,60,0.05,20,-19.92276110001563,-0.8286915251310978,-48.09212512144979,56,26.785714285714285,8007723.889998437
ema,20,60,0.05,30,-19.92276110001563,-0.8286915251310978,-48.09212512144979,56,26.785714285714285,8007723.889998437
ema,20,60,0.05,40,-19.92276110001563,-0.8286915251310978,-48.09212512144979,56,26.785714285714285,8007723.889998437
ema,20,60,0.05,50,-19.92276110001563,-0.8286915251310978,-48.09212512144979,56,26.785714285714285,8007723.889998437
ema,20,60,0.05,60,-19.92276110001563,-0.8286915251310978,-48.09212512144979,56,26.785714285714285,8007723.889998437
sma,10,200,0.05,20,-32.91056345153123,-1.5283149202998114,-47.85996015661387,33,18.181818181818183,6708943.654846877
sma,10,200,0.05,30,-32.91056345153123,-1.5283149202998114,-47.85996015661387,33,18.181818181818183,6708943.654846877
sma,10,200,0.05,40,-32.91056345153123,-1.5283149202998114,-47.85996015661387,33,18.181818181818183,6708943.654846877
sma,10,200,0.05,50,-32.91056345153123,-1.5283149202998114,-47.85996015661387,33,18.181818181818183,6708943.654846877
sma,10,200,0.05,60,-32.91056345153123,-1.5283149202998114,-47.85996015661387,33,18.181818181818183,6708943.654846877
