묶음,구성,HAA(%),로테이션(%),합계(%),시작일,끝날,CAGR(%),MDD(%),Calmar,매도 거래 수,연 회전율,닷컴 하락 후반 수익률(%),닷컴 하락 후반 구간MDD(%),미국 약세 2002-07 수익률(%),미국 약세 2002-07 구간MDD(%),금융위기 수익률(%),금융위기 구간MDD(%),미국 약세 2009-11 수익률(%),미국 약세 2009-11 구간MDD(%),미국 약세 2017 수익률(%),미국 약세 2017 구간MDD(%),미국 약세 2025-26 수익률(%),미국 약세 2025-26 구간MDD(%),횡보장 2011 수익률(%),횡보장 2011 구간MDD(%),횡보장 2015 수익률(%),횡보장 2015 구간MDD(%),횡보장 2018 수익률(%),횡보장 2018 구간MDD(%),급락 2020 수익률(%),급락 2020 구간MDD(%),급락 2025 수익률(%),급락 2025 구간MDD(%),물가 약세장 2022 수익률(%),물가 약세장 2022 구간MDD(%),금 약세기 2013-15 수익률(%),금 약세기 2013-15 구간MDD(%)
대체 판,조합,5.0,5.0,10,2001-08-31,2026-09-24,14.41,-25.1,0.5743,581,1.2426,3.39,-1.97,119.98,-13.79,-9.96,-18.05,68.57,-17.88,38.3,-4.88,20.39,-21.27,0.23,-13.28,-6.53,-13.97,-2.39,-16.46,-22.05,-25.1,-21.18,-21.25,-19.32,-19.97,56.93,-13.97
대체 판,조합,5.0,10.0,15,2001-08-31,2026-09-24,14.0,-23.78,0.5888,554,1.3309,1.8,-2.17,122.2,-13.9,-10.16,-18.1,67.44,-16.9,36.82,-4.63,21.57,-20.62,0.31,-12.7,-6.14,-13.08,-2.65,-15.56,-20.86,-23.78,-20.56,-20.62,-18.4,-19.02,52.96,-13.08
대체 판,조합,5.0,15.0,20,2001-08-31,2026-09-24,13.55,-22.39,0.6052,566,1.4132,0.22,-2.97,126.16,-13.99,-10.28,-18.07,66.17,-15.92,35.18,-4.51,21.73,-20.19,-0.15,-12.46,-6.07,-12.52,-2.53,-14.67,-19.63,-22.39,-20.12,-20.19,-17.63,-18.22,49.13,-12.52
대체 판,조합,5.0,20.0,25,2001-08-31,2026-09-24,13.2,-21.03,0.6277,561,1.5083,-1.34,-4.35,130.03,-14.15,-10.64,-18.28,64.94,-15.14,33.58,-4.12,22.56,-19.59,0.04,-11.75,-5.7,-11.92,-2.35,-13.77,-18.39,-21.01,-19.53,-19.59,-17.0,-17.61,46.22,-11.92
대체 판,조합,10.0,5.0,15,2001-08-31,2026-09-24,14.11,-24.06,0.5865,561,1.509,3.39,-2.0,121.48,-13.07,-9.31,-17.58,67.46,-17.4,36.31,-4.59,20.78,-20.9,-0.06,-13.38,-6.15,-13.05,-2.56,-15.63,-21.09,-24.06,-20.84,-20.9,-18.24,-18.87,53.28,-13.05
대체 판,조합,10.0,10.0,20,2001-08-31,2026-09-24,13.68,-22.65,0.6039,551,1.6064,1.79,-2.31,123.33,-13.17,-9.56,-17.68,66.12,-16.42,34.65,-4.48,21.47,-20.33,0.09,-12.72,-6.05,-12.53,-2.44,-14.73,-19.84,-22.65,-20.28,-20.33,-17.32,-17.9,49.47,-12.53
대체 판,조합,10.0,15.0,25,2001-08-31,2026-09-24,13.31,-21.83,0.6096,551,1.6996,0.22,-3.14,127.97,-13.28,-9.77,-17.76,64.82,-15.52,33.08,-4.23,22.31,-19.74,-0.33,-12.45,-5.69,-11.88,-2.21,-13.83,-19.08,-21.83,-19.69,-19.74,-16.64,-17.25,46.5,-11.88
대체 판,조합,10.0,20.0,30,2001-08-31,2026-09-24,12.91,-19.98,0.6461,556,1.7908,-1.34,-4.3,131.5,-13.4,-9.98,-17.78,63.82,-14.76,31.47,-3.89,23.14,-19.14,-0.14,-11.74,-5.52,-11.45,-2.08,-12.92,-17.35,-19.98,-19.09,-19.14,-15.9,-16.49,42.91,-11.45
대체 판,조합,15.0,5.0,20,2001-08-31,2026-09-24,13.83,-23.0,0.6013,557,1.8045,3.38,-2.03,121.88,-13.03,-8.67,-17.11,66.35,-17.01,34.1,-4.21,21.21,-20.48,-0.28,-13.4,-5.87,-12.39,-2.34,-14.8,-20.05,-23.0,-20.44,-20.48,-16.94,-17.55,50.07,-12.39
대체 판,조합,15.0,10.0,25,2001-08-31,2026-09-24,13.44,-22.2,0.6056,550,1.8968,1.79,-2.49,125.92,-13.0,-8.9,-17.2,65.05,-16.07,32.58,-4.19,22.05,-19.89,-0.13,-12.74,-5.68,-11.9,-2.12,-13.89,-19.3,-22.2,-19.85,-19.89,-16.31,-16.83,46.84,-11.9
대체 판,조합,15.0,15.0,30,2001-08-31,2026-09-24,13.03,-20.35,0.6402,554,1.989,0.21,-3.35,129.42,-12.96,-9.13,-17.29,63.7,-15.15,30.95,-3.85,22.89,-19.29,-0.51,-12.44,-5.51,-11.49,-1.99,-12.98,-17.57,-20.35,-19.26,-19.29,-15.55,-16.13,43.19,-11.49
대체 판,조합,15.0,20.0,35,2001-08-31,2026-09-24,12.65,-19.16,0.6602,571,2.0711,-1.35,-4.26,132.6,-12.92,-9.4,-17.4,62.27,-14.41,29.42,-3.75,23.73,-18.68,-0.32,-11.72,-4.9,-10.53,-1.38,-11.76,-16.44,-19.16,-18.65,-18.68,-14.8,-15.37,40.24,-10.53
대체 판,조합,20.0,5.0,25,2001-08-31,2026-09-24,13.57,-22.57,0.6013,559,2.0953,3.38,-2.06,123.26,-12.96,-8.09,-16.67,65.85,-16.78,32.08,-4.15,21.79,-20.04,-0.5,-13.55,-5.67,-11.92,-2.03,-13.96,-19.53,-22.57,-20.02,-20.04,-15.99,-16.51,47.15,-11.92
대체 판,조합,20.0,10.0,30,2001-08-31,2026-09-24,13.17,-20.71,0.636,551,2.1864,1.79,-2.71,127.35,-12.95,-8.25,-16.73,63.91,-15.84,30.49,-3.96,22.63,-19.44,-0.88,-13.28,-5.32,-11.27,-1.86,-13.05,-17.78,-20.71,-19.42,-19.44,-15.19,-15.77,43.65,-11.27
대체 판,조합,20.0,15.0,35,2001-08-31,2026-09-24,12.78,-19.56,0.6537,566,2.2692,0.21,-3.62,130.61,-13.1,-8.49,-16.81,62.56,-14.89,28.93,-3.71,23.48,-18.84,-0.69,-12.56,-4.9,-10.57,-1.28,-11.81,-16.68,-19.56,-18.82,-18.84,-14.45,-15.01,40.52,-10.57
대체 판,조합,20.0,20.0,40,2001-08-31,2026-09-24,12.4,-18.22,0.6807,574,2.3655,-1.35,-4.54,134.03,-12.88,-8.77,-16.93,61.39,-14.04,27.37,-3.52,24.32,-18.22,-0.5,-11.84,-4.72,-10.09,-1.12,-11.1,-15.42,-18.21,-18.21,-18.22,-13.69,-14.24,37.14,-10.09
대체 판,SHY(기준선),,,10,2001-08-31,2026-09-24,13.83,-25.18,0.5494,206,0.775,5.45,-1.94,102.56,-13.15,-8.47,-16.16,63.79,-17.38,37.66,-4.6,17.52,-21.29,0.59,-12.54,-6.12,-13.85,-2.59,-16.16,-22.17,-25.18,-20.07,-20.15,-19.85,-20.53,56.92,-13.85
대체 판,SHY(기준선),,,15,2001-08-31,2026-09-24,13.23,-23.6,0.5605,211,0.7498,5.66,-1.94,95.58,-12.26,-7.28,-14.82,60.15,-16.4,35.41,-4.36,16.95,-20.14,0.55,-12.03,-5.75,-13.12,-2.41,-15.47,-20.63,-23.49,-18.96,-19.04,-19.09,-19.74,53.4,-13.12
대체 판,SHY(기준선),,,20,2001-08-31,2026-09-24,12.57,-22.16,0.5672,213,0.7159,5.87,-1.94,90.06,-11.78,-6.59,-13.89,56.36,-15.61,33.17,-4.13,16.36,-18.99,0.29,-11.64,-5.38,-12.38,-2.11,-14.57,-19.43,-22.16,-17.83,-17.91,-17.9,-18.5,49.97,-12.38
대체 판,SHY(기준선),,,25,2001-08-31,2026-09-24,11.92,-21.26,0.5609,206,0.6744,6.08,-1.94,84.47,-11.1,-5.62,-12.71,52.73,-14.65,31.01,-4.12,15.74,-17.82,0.47,-10.91,-4.79,-11.5,-1.8,-13.63,-18.63,-21.26,-16.7,-16.77,-17.25,-17.82,46.94,-11.5
대체 판,SHY(기준선),,,30,2001-08-31,2026-09-24,11.39,-20.03,0.5686,217,0.6487,6.29,-1.94,79.02,-10.41,-4.63,-11.51,49.15,-13.68,28.81,-3.79,15.32,-16.43,0.64,-10.17,-4.39,-10.73,-1.05,-12.72,-17.42,-19.91,-15.34,-15.4,-16.33,-16.89,43.64,-10.73
대체 판,SHY(기준선),,,35,2001-08-31,2026-09-24,10.79,-18.98,0.5687,219,0.6097,6.5,-1.94,74.04,-9.8,-3.82,-10.29,46.1,-12.38,26.61,-3.51,14.7,-15.21,0.96,-9.33,-4.37,-10.31,-1.02,-11.6,-15.73,-18.06,-14.15,-14.21,-15.56,-16.1,39.94,-10.31
대체 판,SHY(기준선),,,40,2001-08-31,2026-09-24,10.1,-18.11,0.5577,222,0.5644,6.71,-1.95,68.84,-9.1,-2.78,-9.04,43.04,-11.39,24.62,-3.4,13.24,-14.71,0.69,-8.92,-4.11,-9.78,-0.54,-10.68,-14.93,-17.14,-13.78,-13.85,-15.02,-15.56,36.6,-9.78
대체 판,HAA 단독,10.0,,10,2001-08-31,2026-09-24,14.44,-25.37,0.5693,505,1.417,5.02,-2.0,116.39,-13.58,-9.09,-17.5,68.75,-18.42,37.91,-4.85,20.38,-21.91,-0.77,-14.47,-6.51,-13.87,-2.82,-16.52,-22.29,-25.37,-21.47,-21.53,-18.79,-19.44,56.62,-13.87
대체 판,HAA 단독,15.0,,15,2001-08-31,2026-09-24,14.2,-24.38,0.5822,509,1.709,5.01,-2.03,117.66,-13.2,-8.47,-17.05,67.71,-18.01,35.68,-4.49,20.64,-20.92,-0.89,-14.44,-6.27,-13.13,-2.41,-15.61,-21.32,-24.38,-20.88,-20.92,-17.72,-18.36,53.26,-13.13
대체 판,HAA 단독,20.0,,20,2001-08-31,2026-09-24,13.98,-23.36,0.5985,501,1.9866,5.01,-2.06,118.85,-13.01,-7.57,-16.38,66.7,-17.8,33.75,-4.41,21.37,-20.62,-0.58,-14.21,-6.03,-12.57,-2.2,-14.8,-20.26,-23.36,-20.59,-20.62,-16.87,-17.5,50.28,-12.57
대체 판,HAA 단독,25.0,,25,2001-08-31,2026-09-24,13.72,-22.4,0.6124,502,2.2818,5.01,-2.12,120.62,-12.98,-7.07,-16.03,65.36,-17.52,31.69,-4.19,22.64,-20.06,-0.85,-14.39,-5.79,-12.03,-1.9,-13.94,-19.24,-22.4,-20.05,-20.06,-15.98,-16.57,47.19,-12.03
대체 판,HAA 단독,30.0,,30,2001-08-31,2026-09-24,13.41,-22.03,0.609,489,2.559,5.0,-2.21,121.99,-12.94,-6.39,-15.54,64.27,-17.3,29.57,-3.96,22.61,-19.6,-1.06,-14.57,-5.42,-11.4,-1.11,-13.31,-18.77,-22.03,-19.6,-19.6,-14.91,-15.49,44.55,-11.4
대체 판,HAA 단독,35.0,,35,2001-08-31,2026-09-24,13.19,-20.73,0.6361,492,2.8611,5.0,-2.31,123.34,-12.89,-5.71,-15.05,63.18,-17.07,27.53,-3.73,22.68,-19.31,-1.28,-14.74,-5.18,-10.85,-0.83,-13.04,-17.39,-20.73,-19.31,-19.31,-13.49,-14.04,41.41,-10.85
대체 판,HAA 단독,40.0,,40,2001-08-31,2026-09-24,12.91,-20.16,0.6403,493,3.1431,4.99,-2.4,124.68,-12.85,-5.03,-14.56,62.1,-16.84,25.51,-3.5,23.27,-18.87,-1.5,-14.92,-4.94,-10.49,-0.56,-12.77,-16.76,-20.16,-18.87,-18.87,-12.27,-12.79,38.12,-10.49
대체 판,로테이션 단독,,10.0,10,2001-08-31,2026-09-24,14.17,-25.18,0.5627,241,1.0186,1.8,-2.05,120.72,-14.63,-10.73,-18.51,68.04,-17.43,38.96,-4.92,20.53,-21.18,-0.03,-13.09,-6.4,-13.89,-3.1,-16.31,-22.17,-25.18,-21.1,-21.18,-19.63,-20.26,56.66,-13.89
대체 판,로테이션 단독,,15.0,15,2001-08-31,2026-09-24,13.84,-23.49,0.5892,248,1.1249,0.23,-2.94,124.71,-14.71,-11.07,-18.7,67.04,-16.4,37.34,-4.74,21.39,-20.59,0.03,-12.48,-6.17,-13.17,-2.69,-15.47,-20.63,-23.49,-20.51,-20.59,-18.67,-19.29,52.67,-13.17
대체 판,로테이션 단독,,20.0,20,2001-08-31,2026-09-24,13.44,-22.59,0.5951,246,1.2217,-1.33,-4.44,128.54,-14.89,-11.29,-18.79,65.74,-15.52,35.75,-4.55,21.98,-20.04,0.22,-11.77,-5.94,-12.44,-2.13,-14.62,-19.83,-22.59,-19.96,-20.04,-18.07,-18.7,49.07,-12.44
대체 판,로테이션 단독,,25.0,25,2001-08-31,2026-09-24,13.04,-21.27,0.6129,239,1.3089,-2.69,-5.75,131.53,-14.91,-11.53,-18.88,64.32,-14.77,34.12,-4.24,23.08,-19.38,0.42,-11.05,-5.51,-11.78,-2.35,-13.7,-18.63,-21.27,-19.31,-19.38,-17.25,-17.82,45.85,-11.78
대체 판,로테이션 단독,,30.0,30,2001-08-31,2026-09-24,12.68,-20.12,0.63,239,1.4044,-4.16,-7.19,135.51,-15.02,-11.77,-18.97,62.93,-14.01,32.53,-4.06,24.16,-18.67,0.61,-10.33,-5.26,-11.21,-2.19,-12.79,-17.45,-19.97,-18.61,-18.67,-16.33,-16.89,42.41,-11.21
대체 판,로테이션 단독,,35.0,35,2001-08-31,2026-09-24,12.34,-19.07,0.6472,240,1.4949,-5.66,-8.67,139.28,-15.22,-11.74,-18.88,61.86,-13.29,31.19,-3.99,25.0,-18.23,0.79,-9.61,-5.31,-10.9,-1.68,-11.89,-16.25,-18.63,-18.16,-18.23,-15.56,-16.1,39.47,-10.9
대체 판,로테이션 단독,,40.0,40,2001-08-31,2026-09-24,11.89,-18.9,0.6291,232,1.5712,-7.15,-10.13,142.93,-15.33,-11.89,-18.9,59.6,-13.0,29.64,-3.8,25.85,-17.61,1.39,-8.52,-5.08,-10.35,-1.54,-10.96,-15.03,-17.27,-17.55,-17.61,-15.11,-15.67,36.14,-10.35
대체 판,Q-2-2XS 단독,,,0,2001-08-31,2026-09-24,14.98,-27.69,0.5411,178,0.836,5.03,-1.95,113.87,-14.41,-10.37,-18.44,70.94,-19.31,42.3,-5.21,18.66,-23.53,0.23,-13.99,-6.86,-15.31,-3.3,-18.15,-24.45,-27.69,-22.25,-22.35,-21.35,-22.04,64.23,-15.31
이어 붙인 판,조합,5.0,5.0,10,2007-06-22,2026-09-24,14.82,-25.23,0.5874,462,1.2855,,,,,-9.1,-17.51,67.48,-17.68,38.85,-4.82,20.01,-21.37,0.85,-12.71,-6.85,-14.17,-2.68,-16.5,-21.76,-25.23,-21.19,-21.34,-19.45,-20.11,56.16,-14.17
이어 붙인 판,조합,5.0,10.0,15,2007-06-22,2026-09-24,14.34,-23.9,0.6002,461,1.3867,,,,,-9.3,-17.5,66.12,-16.73,37.21,-4.65,20.76,-20.88,0.98,-12.01,-6.18,-13.03,-2.44,-15.6,-20.56,-23.9,-20.74,-20.88,-18.38,-19.01,53.1,-13.03
이어 붙인 판,조합,5.0,15.0,20,2007-06-22,2026-09-24,13.82,-22.55,0.6127,453,1.5021,,,,,-9.58,-17.62,64.77,-15.76,35.74,-4.41,21.6,-20.32,0.3,-11.95,-5.9,-12.36,-2.21,-14.69,-19.35,-22.55,-20.18,-20.32,-17.35,-17.95,49.6,-12.36
이어 붙인 판,조합,5.0,20.0,25,2007-06-22,2026-09-24,13.31,-21.19,0.6281,455,1.6057,,,,,-9.78,-17.63,63.13,-14.95,34.13,-4.17,22.89,-19.66,0.4,-11.26,-5.57,-11.69,-2.03,-13.77,-18.12,-21.19,-19.53,-19.66,-16.58,-17.19,46.16,-11.69
이어 붙인 판,조합,10.0,5.0,15,2007-06-22,2026-09-24,14.48,-24.11,0.6006,460,1.5692,,,,,-8.55,-17.09,66.57,-17.14,37.18,-4.6,20.59,-20.97,0.96,-12.43,-6.38,-13.18,-2.32,-15.66,-20.67,-24.11,-20.85,-20.97,-18.21,-18.83,53.04,-13.18
이어 붙인 판,조합,10.0,10.0,20,2007-06-22,2026-09-24,14.03,-22.77,0.6165,460,1.6867,,,,,-8.83,-17.18,65.24,-16.18,35.75,-4.36,21.44,-20.41,1.08,-11.73,-6.23,-12.77,-2.09,-14.75,-19.46,-22.77,-20.29,-20.41,-17.26,-17.85,49.57,-12.77
이어 붙인 판,조합,10.0,15.0,25,2007-06-22,2026-09-24,13.41,-21.4,0.6266,457,1.7975,,,,,-9.03,-17.19,63.85,-15.22,34.02,-4.12,22.3,-19.84,0.45,-11.64,-5.77,-11.89,-1.9,-13.83,-18.24,-21.4,-19.73,-19.84,-16.45,-16.95,46.11,-11.89
이어 붙인 판,조합,10.0,20.0,30,2007-06-22,2026-09-24,12.81,-20.49,0.6252,438,1.886,,,,,-9.23,-17.2,62.22,-14.41,32.46,-3.96,23.15,-19.27,0.55,-10.95,-6.18,-11.94,-1.64,-12.91,-17.44,-20.49,-19.15,-19.27,-15.54,-16.1,41.64,-11.94
이어 붙인 판,조합,15.0,5.0,20,2007-06-22,2026-09-24,14.15,-22.98,0.6157,461,1.869,,,,,-8.01,-16.67,65.66,-16.65,35.79,-4.31,21.28,-20.5,1.07,-12.21,-6.45,-13.04,-2.05,-14.81,-19.58,-22.98,-20.4,-20.5,-17.17,-17.75,49.44,-13.04
이어 붙인 판,조합,15.0,10.0,25,2007-06-22,2026-09-24,13.62,-21.56,0.6318,472,1.986,,,,,-8.21,-16.66,64.3,-15.72,33.99,-4.07,22.13,-19.94,1.18,-11.51,-6.12,-12.36,-1.78,-13.89,-18.23,-21.56,-19.83,-19.94,-16.36,-16.85,46.02,-12.36
이어 붙인 판,조합,15.0,15.0,30,2007-06-22,2026-09-24,13.0,-20.75,0.6266,444,2.0694,,,,,-8.42,-16.65,62.88,-14.78,32.45,-3.91,23.39,-19.27,0.6,-11.41,-6.39,-12.15,-1.51,-12.97,-17.55,-20.75,-19.18,-19.27,-15.42,-15.97,41.58,-12.15
이어 붙인 판,조합,15.0,20.0,35,2007-06-22,2026-09-24,12.55,-19.45,0.6453,449,2.2015,,,,,-8.65,-16.75,61.51,-13.87,30.97,-3.74,24.52,-18.5,0.7,-10.71,-6.04,-11.44,-1.3,-12.04,-16.36,-19.45,-18.42,-18.5,-14.22,-14.7,38.25,-11.44
이어 붙인 판,조합,20.0,5.0,25,2007-06-22,2026-09-24,13.76,-21.91,0.6279,468,2.1649,,,,,-7.48,-16.26,64.74,-16.34,33.96,-4.02,21.97,-20.03,1.17,-12.09,-6.34,-12.58,-1.65,-13.95,-18.31,-21.91,-19.94,-20.03,-16.14,-16.63,45.92,-12.58
이어 붙인 판,조합,20.0,10.0,30,2007-06-22,2026-09-24,13.2,-21.1,0.6257,458,2.2686,,,,,-7.68,-16.25,63.38,-15.41,32.45,-3.86,22.83,-19.45,1.18,-11.55,-6.04,-11.95,-1.38,-13.03,-17.65,-21.1,-19.37,-19.45,-15.26,-15.75,42.5,-11.95
이어 붙인 판,조합,20.0,15.0,35,2007-06-22,2026-09-24,12.61,-19.76,0.6384,436,2.3747,,,,,-8.05,-16.44,61.57,-14.47,30.71,-3.79,24.1,-18.77,0.75,-11.25,-6.27,-11.67,-0.82,-11.87,-16.41,-19.76,-18.7,-18.77,-14.12,-14.59,38.49,-11.67
이어 붙인 판,조합,20.0,20.0,40,2007-06-22,2026-09-24,12.15,-18.48,0.6574,445,2.4866,,,,,-8.27,-16.45,60.08,-13.53,29.29,-3.5,24.87,-18.28,0.85,-10.56,-5.78,-10.93,-0.89,-11.16,-15.25,-18.48,-18.21,-18.28,-13.15,-13.59,35.25,-10.93
이어 붙인 판,SHY(기준선),,,10,2007-06-22,2026-09-24,14.3,-25.4,0.5628,181,0.8001,,,,,-7.88,-15.83,62.18,-17.33,37.75,-4.76,17.34,-21.43,0.17,-12.85,-6.34,-14.08,-2.51,-16.24,-22.01,-25.4,-20.11,-20.27,-20.01,-20.7,56.84,-14.08
이어 붙인 판,SHY(기준선),,,15,2007-06-22,2026-09-24,13.75,-23.71,0.5799,180,0.7787,,,,,-7.02,-14.69,58.79,-16.31,35.49,-4.29,16.8,-20.28,0.95,-11.59,-6.08,-13.41,-2.4,-15.54,-20.45,-23.69,-19.01,-19.17,-19.21,-19.88,53.11,-13.41
이어 붙인 판,SHY(기준선),,,20,2007-06-22,2026-09-24,13.08,-22.73,0.5753,178,0.7462,,,,,-5.97,-13.39,55.44,-15.34,33.25,-4.05,16.24,-19.12,0.79,-11.15,-5.7,-12.66,-2.09,-14.63,-19.24,-22.35,-17.9,-18.06,-18.42,-19.01,49.68,-12.66
이어 붙인 판,SHY(기준선),,,25,2007-06-22,2026-09-24,12.34,-21.45,0.5755,182,0.7197,,,,,-5.09,-12.22,51.56,-14.6,31.06,-4.04,15.27,-18.03,0.54,-10.74,-5.08,-11.77,-1.77,-13.67,-18.45,-21.45,-16.93,-17.08,-17.28,-17.84,46.69,-11.77
이어 붙인 판,SHY(기준선),,,30,2007-06-22,2026-09-24,11.74,-20.09,0.5845,181,0.6778,,,,,-4.2,-11.19,47.99,-13.64,28.87,-3.71,15.23,-16.58,0.65,-10.02,-4.67,-10.99,-1.18,-12.74,-17.23,-20.09,-15.47,-15.62,-16.3,-16.85,43.42,-10.99
이어 붙인 판,SHY(기준선),,,35,2007-06-22,2026-09-24,11.08,-19.13,0.5791,187,0.6494,,,,,-3.31,-10.24,44.47,-12.68,26.87,-3.56,14.0,-15.65,0.75,-9.31,-4.26,-10.21,-0.82,-11.65,-15.53,-18.21,-14.7,-14.84,-15.79,-16.34,40.18,-10.21
이어 붙인 판,SHY(기준선),,,40,2007-06-22,2026-09-24,10.28,-18.02,0.5701,181,0.5925,,,,,-2.59,-9.29,40.79,-11.7,24.55,-3.18,13.35,-14.44,1.59,-8.09,-4.26,-9.82,-1.46,-11.39,-14.26,-16.8,-13.56,-13.7,-14.98,-15.51,36.58,-9.82
이어 붙인 판,HAA 단독,10.0,,10,2007-06-22,2026-09-24,14.99,-25.79,0.5812,406,1.4472,,,,,-8.42,-17.17,67.81,-18.15,38.9,-4.78,19.87,-22.0,0.89,-13.13,-6.84,-14.05,-2.47,-16.53,-22.22,-25.79,-21.46,-21.59,-19.15,-19.81,56.59,-14.05
이어 붙인 판,HAA 단독,15.0,,15,2007-06-22,2026-09-24,14.65,-24.32,0.6021,406,1.7403,,,,,-7.87,-16.74,66.86,-17.64,37.28,-4.55,20.59,-21.1,1.03,-12.87,-6.56,-13.36,-2.06,-15.67,-20.79,-24.32,-20.99,-21.1,-18.14,-18.77,53.14,-13.36
이어 붙인 판,HAA 단독,20.0,,20,2007-06-22,2026-09-24,14.2,-23.72,0.5987,401,2.0204,,,,,-7.29,-16.29,65.94,-17.33,35.62,-4.35,21.49,-20.47,1.16,-12.73,-6.48,-12.95,-1.89,-14.78,-20.07,-23.72,-20.38,-20.47,-17.56,-18.16,49.56,-12.95
이어 붙인 판,HAA 단독,25.0,,25,2007-06-22,2026-09-24,13.86,-22.25,0.6231,403,2.3154,,,,,-6.87,-15.99,64.8,-17.08,34.0,-4.14,22.22,-19.98,1.28,-12.6,-6.37,-12.5,-1.4,-13.81,-18.39,-22.25,-19.91,-19.98,-16.52,-17.07,46.22,-12.5
이어 붙인 판,HAA 단독,30.0,,30,2007-06-22,2026-09-24,13.47,-21.44,0.6281,395,2.6125,,,,,-6.34,-15.59,63.83,-16.78,32.5,-3.87,23.1,-19.48,1.42,-12.46,-7.02,-12.76,-1.3,-13.39,-17.46,-21.44,-19.43,-19.48,-15.44,-15.88,41.74,-12.76
이어 붙인 판,HAA 단독,35.0,,35,2007-06-22,2026-09-24,13.12,-20.23,0.6484,401,2.9127,,,,,-5.81,-15.18,62.86,-16.48,30.96,-3.53,23.88,-18.87,1.56,-12.32,-6.66,-12.28,-0.69,-13.14,-16.05,-20.23,-18.85,-18.87,-14.38,-14.77,38.62,-12.28
이어 붙인 판,HAA 단독,40.0,,40,2007-06-22,2026-09-24,12.7,-19.85,0.6395,408,3.1855,,,,,-5.28,-14.78,61.9,-16.18,29.37,-3.22,24.62,-18.36,1.7,-12.18,-6.33,-11.59,-0.15,-13.03,-15.59,-19.85,-18.36,-18.36,-12.9,-13.3,35.83,-11.59
이어 붙인 판,로테이션 단독,,10.0,10,2007-06-22,2026-09-24,14.74,-25.09,0.5876,209,1.1017,,,,,-9.9,-18.0,66.87,-17.27,39.04,-4.66,20.18,-21.36,0.87,-12.29,-6.6,-14.12,-2.86,-16.45,-21.73,-25.09,-21.2,-21.36,-19.34,-20.01,56.77,-14.12
이어 붙인 판,로테이션 단독,,15.0,15,2007-06-22,2026-09-24,14.19,-23.69,0.5989,203,1.2129,,,,,-10.12,-18.01,65.44,-16.32,37.36,-4.7,21.38,-20.75,0.14,-12.26,-6.42,-13.45,-2.57,-15.54,-20.45,-23.69,-20.6,-20.75,-18.41,-19.06,52.72,-13.45
이어 붙인 판,로테이션 단독,,20.0,20,2007-06-22,2026-09-24,13.68,-22.35,0.6121,199,1.3161,,,,,-10.34,-18.03,63.98,-15.49,35.73,-4.52,22.05,-20.17,0.25,-11.58,-6.15,-12.71,-2.32,-14.63,-19.24,-22.35,-20.02,-20.17,-17.43,-18.04,49.17,-12.71
이어 붙인 판,로테이션 단독,,25.0,25,2007-06-22,2026-09-24,13.14,-21.45,0.6128,202,1.4211,,,,,-10.55,-18.05,62.49,-14.75,34.11,-4.22,22.91,-19.58,0.35,-10.89,-5.67,-12.0,-2.07,-13.72,-18.45,-21.45,-19.44,-19.58,-16.68,-17.3,45.99,-12.0
이어 붙인 판,로테이션 단독,,30.0,30,2007-06-22,2026-09-24,12.71,-19.61,0.6481,203,1.5331,,,,,-10.77,-18.07,61.0,-14.01,32.73,-4.06,23.99,-18.94,0.45,-10.19,-5.37,-11.4,-1.57,-12.56,-16.78,-19.61,-18.8,-18.94,-15.76,-16.35,42.59,-11.4
이어 붙인 판,로테이션 단독,,35.0,35,2007-06-22,2026-09-24,12.13,-18.79,0.6454,196,1.6334,,,,,-10.99,-18.13,59.57,-13.23,31.12,-3.99,24.76,-18.5,0.55,-9.49,-5.4,-11.08,-1.42,-11.86,-16.05,-18.79,-18.36,-18.5,-14.53,-15.05,38.93,-11.08
이어 붙인 판,로테이션 단독,,40.0,40,2007-06-22,2026-09-24,11.59,-18.27,0.6343,194,1.7472,,,,,-11.21,-18.27,57.17,-12.82,29.54,-3.81,24.61,-18.1,1.04,-8.43,-5.13,-10.5,-1.23,-10.93,-14.82,-17.42,-17.96,-18.1,-13.87,-14.63,35.6,-10.5
이어 붙인 판,Q-2-2XS 단독,,,0,2007-06-22,2026-09-24,15.67,-27.93,0.5611,147,0.8608,,,,,-9.48,-17.98,69.68,-19.17,42.28,-5.22,18.38,-23.7,0.61,-13.69,-7.25,-15.63,-3.11,-18.24,-24.3,-27.93,-22.28,-22.44,-21.6,-22.33,64.07,-15.63
완전 실물판,조합,5.0,5.0,10,2012-01-30,2026-09-24,16.05,-25.23,0.6362,359,1.2846,,,,,,,,,38.86,-4.82,20.01,-21.37,,,-6.85,-14.18,-2.68,-16.51,-21.76,-25.23,-21.19,-21.34,-19.45,-20.11,55.8,-14.18
완전 실물판,조합,5.0,10.0,15,2012-01-30,2026-09-24,15.5,-23.9,0.6485,349,1.3854,,,,,,,,,37.22,-4.65,20.76,-20.88,,,-6.18,-13.03,-2.44,-15.6,-20.56,-23.9,-20.74,-20.88,-18.39,-19.01,52.86,-13.03
완전 실물판,조합,5.0,15.0,20,2012-01-30,2026-09-24,14.93,-22.55,0.6621,348,1.5012,,,,,,,,,35.75,-4.41,21.61,-20.32,,,-5.9,-12.36,-2.21,-14.69,-19.35,-22.55,-20.18,-20.32,-17.35,-17.95,49.28,-12.36
완전 실물판,조합,5.0,20.0,25,2012-01-30,2026-09-24,14.34,-21.19,0.6768,352,1.6069,,,,,,,,,34.13,-4.17,22.89,-19.66,,,-5.57,-11.69,-2.04,-13.77,-18.13,-21.19,-19.53,-19.66,-16.58,-17.19,45.84,-11.69
완전 실물판,조합,10.0,5.0,15,2012-01-30,2026-09-24,15.64,-24.11,0.6486,348,1.5754,,,,,,,,,37.19,-4.6,20.59,-20.98,,,-6.38,-13.18,-2.32,-15.66,-20.67,-24.11,-20.85,-20.98,-18.21,-18.83,52.82,-13.18
완전 실물판,조합,10.0,10.0,20,2012-01-30,2026-09-24,15.06,-22.77,0.6617,346,1.6902,,,,,,,,,35.76,-4.36,21.44,-20.41,,,-6.09,-12.56,-2.09,-14.75,-19.46,-22.77,-20.29,-20.41,-17.26,-17.85,49.25,-12.56
완전 실물판,조합,10.0,15.0,25,2012-01-30,2026-09-24,14.42,-21.41,0.6737,352,1.8059,,,,,,,,,34.03,-4.12,22.3,-19.84,,,-5.77,-11.89,-1.91,-13.83,-18.24,-21.41,-19.73,-19.84,-16.45,-16.95,45.79,-11.89
완전 실물판,조합,10.0,20.0,30,2012-01-30,2026-09-24,13.71,-20.49,0.6693,332,1.8927,,,,,,,,,32.47,-3.96,23.15,-19.27,,,-6.18,-11.94,-1.64,-12.91,-17.44,-20.49,-19.15,-19.27,-15.54,-16.1,41.93,-11.94
완전 실물판,조합,15.0,5.0,20,2012-01-30,2026-09-24,15.16,-22.99,0.6594,346,1.8796,,,,,,,,,35.6,-4.23,21.28,-20.51,,,-6.28,-12.75,-2.01,-14.81,-19.58,-22.99,-20.4,-20.51,-17.18,-17.75,49.21,-12.75
완전 실물판,조합,15.0,10.0,25,2012-01-30,2026-09-24,14.56,-21.56,0.6754,354,1.9977,,,,,,,,,34.0,-4.07,22.14,-19.94,,,-5.97,-12.1,-1.78,-13.89,-18.23,-21.56,-19.83,-19.94,-16.37,-16.85,45.75,-12.1
완전 실물판,조합,15.0,15.0,30,2012-01-30,2026-09-24,13.91,-20.75,0.6704,335,2.0824,,,,,,,,,32.46,-3.91,23.39,-19.27,,,-6.39,-12.15,-1.51,-12.97,-17.55,-20.75,-19.18,-19.27,-15.42,-15.97,41.86,-12.15
완전 실물판,조합,15.0,20.0,35,2012-01-30,2026-09-24,13.4,-19.46,0.6887,338,2.2171,,,,,,,,,30.97,-3.75,24.52,-18.51,,,-6.04,-11.45,-1.3,-12.04,-16.37,-19.46,-18.42,-18.51,-14.22,-14.71,38.87,-11.45
완전 실물판,조합,20.0,5.0,25,2012-01-30,2026-09-24,14.71,-21.91,0.6713,351,2.1829,,,,,,,,,33.96,-4.02,21.97,-20.03,,,-6.17,-12.3,-1.65,-13.95,-18.31,-21.91,-19.94,-20.03,-16.14,-16.63,45.7,-12.3
완전 실물판,조합,20.0,10.0,30,2012-01-30,2026-09-24,14.07,-21.1,0.6665,338,2.2862,,,,,,,,,32.57,-3.86,22.83,-19.45,,,-6.55,-12.3,-1.38,-13.03,-17.65,-21.1,-19.37,-19.45,-15.26,-15.75,42.11,-12.3
완전 실물판,조합,20.0,15.0,35,2012-01-30,2026-09-24,13.46,-19.76,0.6812,335,2.3997,,,,,,,,,30.72,-3.79,24.1,-18.77,,,-6.28,-11.68,-0.82,-11.87,-16.41,-19.76,-18.7,-18.77,-14.12,-14.59,38.76,-11.68
완전 실물판,조합,20.0,20.0,40,2012-01-30,2026-09-24,12.92,-18.48,0.6993,339,2.5128,,,,,,,,,29.29,-3.5,24.87,-18.28,,,-5.78,-10.93,-0.89,-11.16,-15.25,-18.48,-18.21,-18.28,-13.15,-13.59,35.71,-10.93
완전 실물판,SHY(기준선),,,10,2012-01-30,2026-09-24,15.57,-25.4,0.6128,136,0.7898,,,,,,,,,37.75,-4.76,17.34,-21.43,,,-6.34,-14.08,-2.51,-16.24,-22.01,-25.4,-20.11,-20.27,-20.01,-20.7,56.84,-14.08
완전 실물판,SHY(기준선),,,15,2012-01-30,2026-09-24,14.81,-24.0,0.617,134,0.7668,,,,,,,,,35.48,-4.52,16.8,-20.28,,,-5.92,-13.33,-2.38,-15.51,-20.73,-24.0,-19.01,-19.17,-19.21,-19.88,53.36,-13.33
완전 실물판,SHY(기준선),,,20,2012-01-30,2026-09-24,14.02,-22.79,0.6152,132,0.7313,,,,,,,,,33.12,-4.28,16.24,-19.12,,,-5.77,-12.79,-1.84,-14.6,-19.66,-22.79,-17.9,-18.06,-18.42,-19.01,49.37,-12.79
완전 실물판,SHY(기준선),,,25,2012-01-30,2026-09-24,13.3,-21.45,0.6203,152,0.7117,,,,,,,,,31.11,-3.81,15.27,-18.03,,,-5.31,-11.91,-1.57,-13.47,-18.45,-21.45,-16.93,-17.08,-17.28,-17.84,46.25,-11.91
완전 실물판,SHY(기준선),,,30,2012-01-30,2026-09-24,12.59,-20.09,0.6266,141,0.6696,,,,,,,,,28.84,-3.71,15.23,-16.58,,,-4.67,-10.99,-1.43,-12.74,-17.23,-20.09,-15.47,-15.62,-16.3,-16.85,43.54,-10.99
완전 실물판,SHY(기준선),,,35,2012-01-30,2026-09-24,11.85,-19.13,0.6195,144,0.6432,,,,,,,,,26.87,-3.56,14.0,-15.65,,,-4.26,-10.21,-0.82,-11.65,-15.53,-18.21,-14.7,-14.84,-15.79,-16.34,40.3,-10.21
완전 실물판,SHY(기준선),,,40,2012-01-30,2026-09-24,10.94,-17.9,0.6108,138,0.5906,,,,,,,,,24.65,-3.31,13.23,-14.84,,,-4.37,-10.03,-0.52,-10.7,-14.73,-17.3,-13.93,-14.08,-14.87,-15.37,36.36,-10.03
완전 실물판,HAA 단독,10.0,,10,2012-01-30,2026-09-24,16.23,-25.79,0.6291,310,1.4497,,,,,,,,,38.91,-4.78,19.87,-22.0,,,-6.84,-14.06,-2.47,-16.53,-22.22,-25.79,-21.46,-21.59,-19.15,-19.82,57.05,-14.06
완전 실물판,HAA 단독,15.0,,15,2012-01-30,2026-09-24,15.76,-24.33,0.6476,305,1.75,,,,,,,,,37.28,-4.55,20.59,-21.1,,,-7.13,-13.93,-2.06,-15.68,-20.79,-24.33,-20.99,-21.1,-18.14,-18.77,52.86,-13.93
완전 실물판,HAA 단독,20.0,,20,2012-01-30,2026-09-24,15.25,-23.72,0.6429,303,2.0448,,,,,,,,,35.64,-4.33,21.49,-20.47,,,-7.1,-13.54,-1.41,-14.57,-20.08,-23.72,-20.39,-20.47,-17.56,-18.16,49.2,-13.54
완전 실물판,HAA 단독,25.0,,25,2012-01-30,2026-09-24,14.82,-22.41,0.6615,314,2.3597,,,,,,,,,34.15,-3.98,22.22,-19.98,,,-6.93,-13.09,-1.65,-14.16,-18.59,-22.41,-19.91,-19.98,-16.1,-16.62,45.57,-13.09
완전 실물판,HAA 단독,30.0,,30,2012-01-30,2026-09-24,14.4,-21.25,0.6775,313,2.6603,,,,,,,,,32.53,-3.76,23.11,-19.48,,,-6.47,-12.4,-1.05,-13.39,-17.23,-21.25,-19.43,-19.48,-15.45,-15.89,42.66,-12.4
완전 실물판,HAA 단독,35.0,,35,2012-01-30,2026-09-24,13.97,-20.23,0.6903,322,2.9477,,,,,,,,,30.98,-3.44,23.88,-18.87,,,-6.08,-11.66,-0.62,-13.27,-16.05,-20.23,-18.85,-18.87,-14.38,-14.78,39.69,-11.66
완전 실물판,HAA 단독,40.0,,40,2012-01-30,2026-09-24,13.51,-19.21,0.7034,305,3.2853,,,,,,,,,29.44,-3.31,24.05,-18.59,,,-6.59,-12.02,-0.33,-12.9,-14.86,-19.21,-18.58,-18.59,-13.25,-13.65,35.81,-12.02
완전 실물판,로테이션 단독,,10.0,10,2012-01-30,2026-09-24,15.95,-25.02,0.6377,168,1.09,,,,,,,,,38.99,-4.87,20.18,-21.36,,,-6.7,-14.18,-2.82,-16.45,-21.65,-25.02,-21.2,-21.36,-19.34,-20.01,55.87,-14.18
완전 실물판,로테이션 단독,,15.0,15,2012-01-30,2026-09-24,15.41,-23.69,0.6503,162,1.2053,,,,,,,,,37.36,-4.7,21.38,-20.75,,,-6.42,-13.45,-2.57,-15.54,-20.45,-23.69,-20.6,-20.75,-18.41,-19.06,52.41,-13.45
완전 실물판,로테이션 단독,,20.0,20,2012-01-30,2026-09-24,14.8,-22.35,0.6625,158,1.3085,,,,,,,,,35.73,-4.52,22.05,-20.17,,,-6.15,-12.71,-2.32,-14.63,-19.24,-22.35,-20.02,-20.17,-17.43,-18.04,48.85,-12.71
완전 실물판,로테이션 단독,,25.0,25,2012-01-30,2026-09-24,14.17,-21.45,0.6608,161,1.4135,,,,,,,,,34.11,-4.22,22.91,-19.58,,,-5.67,-12.0,-2.07,-13.72,-18.45,-21.45,-19.44,-19.58,-16.68,-17.3,45.65,-12.0
완전 실물판,로테이션 단독,,30.0,30,2012-01-30,2026-09-24,13.69,-19.61,0.698,158,1.5228,,,,,,,,,32.73,-4.06,23.99,-18.94,,,-5.37,-11.4,-1.57,-12.56,-16.78,-19.61,-18.8,-18.94,-15.76,-16.35,42.98,-11.4
완전 실물판,로테이션 단독,,35.0,35,2012-01-30,2026-09-24,12.99,-18.79,0.6911,148,1.6212,,,,,,,,,31.12,-3.99,24.76,-18.5,,,-5.4,-11.08,-1.42,-11.86,-16.05,-18.79,-18.36,-18.5,-14.53,-15.05,39.4,-11.08
완전 실물판,로테이션 단독,,40.0,40,2012-01-30,2026-09-24,12.35,-18.1,0.6825,155,1.7342,,,,,,,,,29.47,-3.7,24.61,-18.1,,,-5.06,-10.34,-1.43,-10.93,-14.82,-17.42,-17.96,-18.1,-13.87,-14.63,36.59,-10.34
완전 실물판,Q-2-2XS 단독,,,0,2012-01-30,2026-09-24,17.1,-27.93,0.6124,113,0.851,,,,,,,,,42.28,-5.22,18.38,-23.7,,,-7.25,-15.63,-3.11,-18.24,-24.3,-27.93,-22.28,-22.44,-21.6,-22.33,64.2,-15.63
대체 판 (이어 붙인 판 시작일부터),조합,5.0,5.0,10,2007-06-22,2026-09-24,14.76,-25.1,0.588,467,1.2768,,,,,-9.94,-18.01,68.68,-17.88,38.3,-4.88,20.39,-21.27,0.23,-13.28,-6.53,-13.97,-2.39,-16.46,-22.05,-25.1,-21.18,-21.25,-19.32,-19.97,56.93,-13.97
대체 판 (이어 붙인 판 시작일부터),조합,5.0,10.0,15,2007-06-22,2026-09-24,14.23,-23.78,0.5987,456,1.3684,,,,,-10.14,-18.06,67.45,-16.9,36.82,-4.63,21.57,-20.62,0.31,-12.7,-6.14,-13.08,-2.65,-15.56,-20.86,-23.78,-20.56,-20.62,-18.4,-19.02,52.96,-13.08
대체 판 (이어 붙인 판 시작일부터),조합,5.0,15.0,20,2007-06-22,2026-09-24,13.62,-22.39,0.6083,449,1.4494,,,,,-10.4,-18.18,66.18,-15.92,35.18,-4.51,21.73,-20.19,-0.15,-12.46,-6.07,-12.52,-2.53,-14.67,-19.63,-22.39,-20.12,-20.19,-17.63,-18.22,49.13,-12.52
대체 판 (이어 붙인 판 시작일부터),조합,5.0,20.0,25,2007-06-22,2026-09-24,13.15,-21.03,0.6253,451,1.5483,,,,,-10.63,-18.26,64.94,-15.14,33.58,-4.12,22.56,-19.59,0.04,-11.75,-5.7,-11.92,-2.35,-13.77,-18.39,-21.01,-19.53,-19.59,-17.0,-17.61,46.22,-11.92
대체 판 (이어 붙인 판 시작일부터),조합,10.0,5.0,15,2007-06-22,2026-09-24,14.3,-24.06,0.5943,448,1.548,,,,,-9.26,-17.51,67.62,-17.4,36.31,-4.59,20.78,-20.9,-0.06,-13.38,-6.15,-13.05,-2.56,-15.63,-21.09,-24.06,-20.84,-20.9,-18.24,-18.87,53.28,-13.05
대체 판 (이어 붙인 판 시작일부터),조합,10.0,10.0,20,2007-06-22,2026-09-24,13.77,-22.65,0.6081,444,1.6485,,,,,-9.49,-17.59,66.39,-16.43,34.65,-4.48,21.47,-20.33,0.09,-12.72,-6.05,-12.53,-2.44,-14.73,-19.84,-22.65,-20.28,-20.33,-17.32,-17.9,49.47,-12.53
대체 판 (이어 붙인 판 시작일부터),조합,10.0,15.0,25,2007-06-22,2026-09-24,13.25,-21.83,0.6069,443,1.7437,,,,,-9.73,-17.68,65.12,-15.52,33.08,-4.23,22.31,-19.74,-0.33,-12.45,-5.69,-11.88,-2.21,-13.83,-19.08,-21.83,-19.69,-19.74,-16.64,-17.25,46.5,-11.88
대체 판 (이어 붙인 판 시작일부터),조합,10.0,20.0,30,2007-06-22,2026-09-24,12.71,-19.98,0.6363,446,1.8371,,,,,-9.96,-17.76,63.82,-14.76,31.47,-3.89,23.14,-19.14,-0.14,-11.74,-5.52,-11.45,-2.08,-12.92,-17.35,-19.98,-19.09,-19.14,-15.9,-16.49,42.91,-11.45
대체 판 (이어 붙인 판 시작일부터),조합,15.0,5.0,20,2007-06-22,2026-09-24,13.89,-23.0,0.6038,445,1.8508,,,,,-8.66,-17.1,66.33,-17.01,34.1,-4.21,21.21,-20.48,-0.28,-13.4,-5.87,-12.39,-2.34,-14.8,-20.05,-23.0,-20.44,-20.48,-16.94,-17.55,50.07,-12.39
대체 판 (이어 붙인 판 시작일부터),조합,15.0,10.0,25,2007-06-22,2026-09-24,13.36,-22.2,0.6018,440,1.9449,,,,,-8.89,-17.19,65.03,-16.07,32.58,-4.19,22.05,-19.89,-0.13,-12.74,-5.68,-11.9,-2.12,-13.89,-19.3,-22.2,-19.85,-19.89,-16.31,-16.83,46.84,-11.9
대체 판 (이어 붙인 판 시작일부터),조합,15.0,15.0,30,2007-06-22,2026-09-24,12.83,-20.35,0.6303,446,2.0396,,,,,-9.06,-17.18,64.05,-15.15,30.95,-3.85,22.89,-19.29,-0.51,-12.44,-5.52,-11.49,-1.98,-12.98,-17.57,-20.35,-19.26,-19.29,-15.55,-16.13,43.19,-11.49
대체 판 (이어 붙인 판 시작일부터),조합,15.0,20.0,35,2007-06-22,2026-09-24,12.35,-19.16,0.6442,458,2.1225,,,,,-9.29,-17.26,62.75,-14.41,29.42,-3.75,23.73,-18.68,-0.32,-11.72,-4.9,-10.53,-1.38,-11.76,-16.44,-19.16,-18.65,-18.68,-14.8,-15.37,40.24,-10.53
대체 판 (이어 붙인 판 시작일부터),조합,20.0,5.0,25,2007-06-22,2026-09-24,13.47,-22.57,0.5968,440,2.1451,,,,,-8.0,-16.62,65.22,-16.78,32.08,-4.15,21.79,-20.04,-0.5,-13.56,-5.67,-11.92,-2.03,-13.96,-19.53,-22.57,-20.02,-20.04,-15.99,-16.51,47.16,-11.92
대체 판 (이어 붙인 판 시작일부터),조합,20.0,10.0,30,2007-06-22,2026-09-24,12.94,-20.71,0.6249,442,2.2412,,,,,-8.23,-16.71,63.9,-15.84,30.49,-3.96,22.63,-19.44,-0.88,-13.28,-5.32,-11.27,-1.86,-13.05,-17.78,-20.71,-19.42,-19.44,-15.19,-15.77,43.65,-11.27
대체 판 (이어 붙인 판 시작일부터),조합,20.0,15.0,35,2007-06-22,2026-09-24,12.44,-19.56,0.636,454,2.3253,,,,,-8.46,-16.79,62.56,-14.89,28.93,-3.71,23.48,-18.84,-0.69,-12.57,-4.9,-10.57,-1.28,-11.81,-16.68,-19.56,-18.82,-18.84,-14.45,-15.01,40.52,-10.57
대체 판 (이어 붙인 판 시작일부터),조합,20.0,20.0,40,2007-06-22,2026-09-24,11.94,-18.22,0.6551,453,2.4236,,,,,-8.69,-16.88,61.2,-14.06,27.37,-3.52,24.32,-18.22,-0.5,-11.84,-4.72,-10.09,-1.12,-11.1,-15.42,-18.22,-18.21,-18.22,-13.69,-14.24,37.14,-10.09
대체 판 (이어 붙인 판 시작일부터),SHY(기준선),,,10,2007-06-22,2026-09-24,14.36,-25.18,0.5701,179,0.8037,,,,,-8.54,-16.23,63.79,-17.38,37.66,-4.6,17.53,-21.29,0.59,-12.54,-6.12,-13.85,-2.59,-16.16,-22.17,-25.18,-20.07,-20.15,-19.85,-20.53,56.92,-13.85
대체 판 (이어 붙인 판 시작일부터),SHY(기준선),,,15,2007-06-22,2026-09-24,13.73,-23.6,0.5816,178,0.7803,,,,,-7.55,-15.05,60.19,-16.4,35.41,-4.36,16.95,-20.14,0.54,-12.04,-5.75,-13.12,-2.41,-15.47,-20.63,-23.49,-18.96,-19.04,-19.09,-19.74,53.4,-13.12
대체 판 (이어 붙인 판 시작일부터),SHY(기준선),,,20,2007-06-22,2026-09-24,13.09,-22.59,0.5793,180,0.7473,,,,,-6.66,-13.96,56.64,-15.41,33.08,-4.36,16.36,-18.99,0.65,-11.37,-5.21,-12.26,-1.68,-14.55,-19.83,-22.59,-17.83,-17.91,-17.9,-18.5,50.19,-12.26
대체 판 (이어 붙인 판 시작일부터),SHY(기준선),,,25,2007-06-22,2026-09-24,12.38,-21.26,0.5824,175,0.7085,,,,,-5.68,-12.78,53.1,-14.42,31.01,-4.12,15.74,-17.82,0.75,-10.7,-4.79,-11.5,-1.8,-13.63,-18.63,-21.26,-16.7,-16.77,-17.25,-17.82,46.85,-11.5
대체 판 (이어 붙인 판 시작일부터),SHY(기준선),,,30,2007-06-22,2026-09-24,11.76,-20.05,0.5868,188,0.6825,,,,,-4.48,-11.37,49.15,-13.68,28.81,-3.79,15.32,-16.43,0.64,-10.17,-4.39,-10.73,-1.05,-12.72,-17.42,-19.91,-15.34,-15.4,-16.33,-16.89,43.64,-10.73
대체 판 (이어 붙인 판 시작일부터),SHY(기준선),,,35,2007-06-22,2026-09-24,11.14,-18.99,0.5864,187,0.645,,,,,-3.48,-10.16,46.41,-12.38,26.6,-3.51,14.7,-15.21,0.96,-9.33,-4.37,-10.31,-1.02,-11.6,-15.73,-18.06,-14.15,-14.21,-15.56,-16.1,39.94,-10.31
대체 판 (이어 붙인 판 시작일부터),SHY(기준선),,,40,2007-06-22,2026-09-24,10.38,-18.11,0.5729,189,0.5996,,,,,-2.47,-9.02,43.29,-11.39,24.62,-3.4,13.24,-14.71,0.69,-8.92,-4.11,-9.78,-0.54,-10.68,-14.93,-17.14,-13.78,-13.85,-15.02,-15.56,36.6,-9.78
대체 판 (이어 붙인 판 시작일부터),HAA 단독,10.0,,10,2007-06-22,2026-09-24,14.85,-25.38,0.5852,416,1.4577,,,,,-9.14,-17.54,68.8,-18.4,37.81,-4.71,20.38,-21.91,-0.22,-14.06,-6.51,-13.94,-2.73,-16.46,-22.28,-25.38,-21.47,-21.53,-18.79,-19.44,57.3,-13.94
대체 판 (이어 붙인 판 시작일부터),HAA 단독,15.0,,15,2007-06-22,2026-09-24,14.43,-24.38,0.5917,415,1.7523,,,,,-8.43,-17.01,67.62,-17.99,35.68,-4.49,20.64,-20.92,-0.31,-14.07,-6.27,-13.13,-2.41,-15.61,-21.32,-24.38,-20.88,-20.92,-17.72,-18.36,53.27,-13.13
대체 판 (이어 붙인 판 시작일부터),HAA 단독,20.0,,20,2007-06-22,2026-09-24,14.01,-23.36,0.6,407,2.0321,,,,,-7.78,-16.54,66.52,-17.76,33.75,-4.41,21.37,-20.62,-0.62,-14.21,-6.03,-12.57,-2.2,-14.8,-20.26,-23.36,-20.59,-20.62,-16.87,-17.5,50.4,-12.57
대체 판 (이어 붙인 판 시작일부터),HAA 단독,25.0,,25,2007-06-22,2026-09-24,13.65,-22.4,0.6091,416,2.3358,,,,,-7.11,-16.06,65.43,-17.54,31.69,-4.19,22.64,-20.06,-0.84,-14.39,-5.79,-12.03,-1.9,-13.94,-19.24,-22.4,-20.05,-20.06,-15.98,-16.57,47.2,-12.03
대체 판 (이어 붙인 판 시작일부터),HAA 단독,30.0,,30,2007-06-22,2026-09-24,13.18,-22.03,0.5985,403,2.619,,,,,-6.44,-15.57,64.34,-17.31,29.57,-3.96,22.62,-19.6,-1.05,-14.56,-5.42,-11.4,-1.11,-13.31,-18.77,-22.03,-19.6,-19.6,-14.91,-15.49,44.55,-11.4
대체 판 (이어 붙인 판 시작일부터),HAA 단독,35.0,,35,2007-06-22,2026-09-24,12.83,-20.73,0.6188,407,2.9285,,,,,-5.77,-15.09,63.26,-17.09,27.53,-3.73,22.68,-19.31,-1.27,-14.73,-5.18,-10.85,-0.83,-13.04,-17.39,-20.73,-19.31,-19.31,-13.49,-14.04,41.41,-10.85
대체 판 (이어 붙인 판 시작일부터),HAA 단독,40.0,,40,2007-06-22,2026-09-24,12.4,-20.16,0.6153,409,3.2176,,,,,-5.09,-14.6,62.18,-16.86,25.51,-3.5,23.27,-18.87,-1.49,-14.91,-4.94,-10.49,-0.56,-12.77,-16.76,-20.16,-18.87,-18.87,-12.27,-12.79,38.12,-10.49
대체 판 (이어 붙인 판 시작일부터),로테이션 단독,,10.0,10,2007-06-22,2026-09-24,14.63,-24.86,0.5885,199,1.0609,,,,,-10.83,-18.61,68.4,-17.38,38.97,-4.71,20.53,-21.18,0.52,-12.68,-6.3,-13.83,-2.99,-16.39,-21.88,-24.86,-21.1,-21.18,-19.63,-20.26,57.0,-13.83
대체 판 (이어 붙인 판 시작일부터),로테이션 단독,,15.0,15,2007-06-22,2026-09-24,14.07,-23.49,0.599,203,1.1557,,,,,-11.06,-18.69,67.1,-16.4,37.34,-4.74,21.39,-20.59,0.03,-12.48,-6.17,-13.17,-2.69,-15.47,-20.63,-23.49,-20.51,-20.59,-18.67,-19.29,52.67,-13.17
대체 판 (이어 붙인 판 시작일부터),로테이션 단독,,20.0,20,2007-06-22,2026-09-24,13.53,-22.59,0.599,204,1.2557,,,,,-11.29,-18.78,65.75,-15.52,35.75,-4.55,21.98,-20.04,0.22,-11.77,-5.94,-12.44,-2.13,-14.62,-19.83,-22.59,-19.96,-20.04,-18.07,-18.7,49.07,-12.44
대체 판 (이어 붙인 판 시작일부터),로테이션 단독,,25.0,25,2007-06-22,2026-09-24,13.01,-21.27,0.6115,201,1.3462,,,,,-11.52,-18.87,64.39,-14.77,34.12,-4.24,23.08,-19.38,0.42,-11.05,-5.51,-11.78,-2.35,-13.7,-18.63,-21.27,-19.31,-19.38,-17.24,-17.82,45.85,-11.78
대체 판 (이어 붙인 판 시작일부터),로테이션 단독,,30.0,30,2007-06-22,2026-09-24,12.51,-20.12,0.6218,201,1.4432,,,,,-11.75,-18.96,63.01,-14.01,32.53,-4.06,24.17,-18.67,0.61,-10.33,-5.26,-11.21,-2.19,-12.79,-17.45,-19.97,-18.61,-18.67,-16.33,-16.89,42.41,-11.21
대체 판 (이어 붙인 판 시작일부터),로테이션 단독,,35.0,35,2007-06-22,2026-09-24,12.04,-19.07,0.6313,199,1.5343,,,,,-11.98,-19.04,61.72,-13.29,31.19,-3.99,25.0,-18.23,0.79,-9.61,-5.31,-10.9,-1.68,-11.89,-16.25,-18.63,-18.16,-18.23,-15.56,-16.1,39.47,-10.9
대체 판 (이어 붙인 판 시작일부터),로테이션 단독,,40.0,40,2007-06-22,2026-09-24,11.44,-19.13,0.5981,191,1.6122,,,,,-12.21,-19.13,59.38,-13.0,29.64,-3.8,25.85,-17.61,1.39,-8.52,-5.09,-10.35,-1.54,-10.96,-15.03,-17.27,-17.55,-17.61,-15.11,-15.67,36.14,-10.35
대체 판 (이어 붙인 판 시작일부터),Q-2-2XS 단독,,,0,2007-06-22,2026-09-24,15.61,-27.69,0.5636,151,0.8631,,,,,-10.38,-18.44,70.94,-19.31,42.3,-5.21,18.66,-23.53,0.23,-13.99,-6.86,-15.31,-3.3,-18.15,-24.45,-27.69,-22.25,-22.35,-21.35,-22.04,64.23,-15.31
