HAA(%),로테이션(%),합계(%),대체 판 Calmar,이어 붙인 판 Calmar,Calmar 차이(대체-이어 붙인),대체 판 높음,이어 붙인 판 높음,일치,경계(우위 0 근처),HAA 판단 일치율,로테이션 판단 일치율,비교 달 수,일치 수(16 중),대체 판 통과 덩어리,이어 붙인 판 통과 덩어리,통과 여부 일치
5,5,10,0.588,0.5874,0.0006,아니오,아니오,예,,0.8874,0.987,231,8,5/15 · 5/20 · 10/20 · 15/15 · 15/20 · 20/10 · 20/15 · 20/20,5/15 · 5/20 · 10/10 · 10/15 · 15/5 · 15/10 · 20/5,예
5,10,15,0.5987,0.6002,-0.0015,아니오,아니오,예,,0.8874,0.987,231,8,5/15 · 5/20 · 10/20 · 15/15 · 15/20 · 20/10 · 20/15 · 20/20,5/15 · 5/20 · 10/10 · 10/15 · 15/5 · 15/10 · 20/5,예
5,15,20,0.6083,0.6127,-0.0045,예,예,예,,0.8874,0.987,231,8,5/15 · 5/20 · 10/20 · 15/15 · 15/20 · 20/10 · 20/15 · 20/20,5/15 · 5/20 · 10/10 · 10/15 · 15/5 · 15/10 · 20/5,예
5,20,25,0.6253,0.6281,-0.0028,예,예,예,,0.8874,0.987,231,8,5/15 · 5/20 · 10/20 · 15/15 · 15/20 · 20/10 · 20/15 · 20/20,5/15 · 5/20 · 10/10 · 10/15 · 15/5 · 15/10 · 20/5,예
10,5,15,0.5943,0.6006,-0.0062,아니오,아니오,예,,0.8874,0.987,231,8,5/15 · 5/20 · 10/20 · 15/15 · 15/20 · 20/10 · 20/15 · 20/20,5/15 · 5/20 · 10/10 · 10/15 · 15/5 · 15/10 · 20/5,예
10,10,20,0.6081,0.6165,-0.0084,예,예,예,,0.8874,0.987,231,8,5/15 · 5/20 · 10/20 · 15/15 · 15/20 · 20/10 · 20/15 · 20/20,5/15 · 5/20 · 10/10 · 10/15 · 15/5 · 15/10 · 20/5,예
10,15,25,0.6069,0.6266,-0.0196,아니오,예,아니오,,0.8874,0.987,231,8,5/15 · 5/20 · 10/20 · 15/15 · 15/20 · 20/10 · 20/15 · 20/20,5/15 · 5/20 · 10/10 · 10/15 · 15/5 · 15/10 · 20/5,예
10,20,30,0.6363,0.6252,0.0111,예,아니오,아니오,,0.8874,0.987,231,8,5/15 · 5/20 · 10/20 · 15/15 · 15/20 · 20/10 · 20/15 · 20/20,5/15 · 5/20 · 10/10 · 10/15 · 15/5 · 15/10 · 20/5,예
15,5,20,0.6038,0.6157,-0.0118,예,예,예,,0.8874,0.987,231,8,5/15 · 5/20 · 10/20 · 15/15 · 15/20 · 20/10 · 20/15 · 20/20,5/15 · 5/20 · 10/10 · 10/15 · 15/5 · 15/10 · 20/5,예
15,10,25,0.6018,0.6318,-0.03,아니오,예,아니오,,0.8874,0.987,231,8,5/15 · 5/20 · 10/20 · 15/15 · 15/20 · 20/10 · 20/15 · 20/20,5/15 · 5/20 · 10/10 · 10/15 · 15/5 · 15/10 · 20/5,예
15,15,30,0.6303,0.6266,0.0038,예,아니오,아니오,,0.8874,0.987,231,8,5/15 · 5/20 · 10/20 · 15/15 · 15/20 · 20/10 · 20/15 · 20/20,5/15 · 5/20 · 10/10 · 10/15 · 15/5 · 15/10 · 20/5,예
15,20,35,0.6442,0.6453,-0.0011,예,아니오,아니오,,0.8874,0.987,231,8,5/15 · 5/20 · 10/20 · 15/15 · 15/20 · 20/10 · 20/15 · 20/20,5/15 · 5/20 · 10/10 · 10/15 · 15/5 · 15/10 · 20/5,예
20,5,25,0.5968,0.6279,-0.0311,아니오,예,아니오,,0.8874,0.987,231,8,5/15 · 5/20 · 10/20 · 15/15 · 15/20 · 20/10 · 20/15 · 20/20,5/15 · 5/20 · 10/10 · 10/15 · 15/5 · 15/10 · 20/5,예
20,10,30,0.6249,0.6257,-0.0008,예,아니오,아니오,,0.8874,0.987,231,8,5/15 · 5/20 · 10/20 · 15/15 · 15/20 · 20/10 · 20/15 · 20/20,5/15 · 5/20 · 10/10 · 10/15 · 15/5 · 15/10 · 20/5,예
20,15,35,0.636,0.6384,-0.0023,예,아니오,아니오,,0.8874,0.987,231,8,5/15 · 5/20 · 10/20 · 15/15 · 15/20 · 20/10 · 20/15 · 20/20,5/15 · 5/20 · 10/10 · 10/15 · 15/5 · 15/10 · 20/5,예
20,20,40,0.6551,0.6574,-0.0023,예,예,예,,0.8874,0.987,231,8,5/15 · 5/20 · 10/20 · 15/15 · 15/20 · 20/10 · 20/15 · 20/20,5/15 · 5/20 · 10/10 · 10/15 · 15/5 · 15/10 · 20/5,예
