판정 기준,HAA(%),로테이션(%),합계(%),조합 Calmar,기준선 대비 우위,HAA 단독 대비 우위,로테이션 단독 대비 우위,이어 붙인 판 높음,완전 실물판 높음,셋보다 높음(판정에 센 것),경계(우위 0 근처),이 칸의 덩어리(HAA/로테이션 %),판정,통과 덩어리(HAA/로테이션 %)
대체 판 지도,5,5,10,0.5743,0.025,0.0051,0.0117,,,예,,,통과,5/15 · 5/20 · 10/20 · 15/15 · 15/20 · 20/10 · 20/15 · 20/20
대체 판 지도,5,10,15,0.5888,0.0283,0.0066,-0.0004,,,아니오,,,통과,5/15 · 5/20 · 10/20 · 15/15 · 15/20 · 20/10 · 20/15 · 20/20
대체 판 지도,5,15,20,0.6052,0.0381,0.0068,0.0102,,,예,,5/15 · 5/20 · 10/20 · 15/15 · 15/20 · 20/10 · 20/15 · 20/20,통과,5/15 · 5/20 · 10/20 · 15/15 · 15/20 · 20/10 · 20/15 · 20/20
대체 판 지도,5,20,25,0.6277,0.0668,0.0152,0.0148,,,예,,5/15 · 5/20 · 10/20 · 15/15 · 15/20 · 20/10 · 20/15 · 20/20,통과,5/15 · 5/20 · 10/20 · 15/15 · 15/20 · 20/10 · 20/15 · 20/20
대체 판 지도,10,5,15,0.5865,0.026,0.0043,-0.0027,,,아니오,,,통과,5/15 · 5/20 · 10/20 · 15/15 · 15/20 · 20/10 · 20/15 · 20/20
대체 판 지도,10,10,20,0.6039,0.0367,0.0054,0.0088,,,예,,,통과,5/15 · 5/20 · 10/20 · 15/15 · 15/20 · 20/10 · 20/15 · 20/20
대체 판 지도,10,15,25,0.6096,0.0487,-0.0028,-0.0032,,,아니오,,,통과,5/15 · 5/20 · 10/20 · 15/15 · 15/20 · 20/10 · 20/15 · 20/20
대체 판 지도,10,20,30,0.6461,0.0775,0.0371,0.0161,,,예,,5/15 · 5/20 · 10/20 · 15/15 · 15/20 · 20/10 · 20/15 · 20/20,통과,5/15 · 5/20 · 10/20 · 15/15 · 15/20 · 20/10 · 20/15 · 20/20
대체 판 지도,15,5,20,0.6013,0.0342,0.0029,0.0063,,,예,,,통과,5/15 · 5/20 · 10/20 · 15/15 · 15/20 · 20/10 · 20/15 · 20/20
대체 판 지도,15,10,25,0.6056,0.0448,-0.0068,-0.0072,,,아니오,,,통과,5/15 · 5/20 · 10/20 · 15/15 · 15/20 · 20/10 · 20/15 · 20/20
대체 판 지도,15,15,30,0.6402,0.0716,0.0312,0.0102,,,예,,5/15 · 5/20 · 10/20 · 15/15 · 15/20 · 20/10 · 20/15 · 20/20,통과,5/15 · 5/20 · 10/20 · 15/15 · 15/20 · 20/10 · 20/15 · 20/20
대체 판 지도,15,20,35,0.6602,0.0914,0.024,0.013,,,예,,5/15 · 5/20 · 10/20 · 15/15 · 15/20 · 20/10 · 20/15 · 20/20,통과,5/15 · 5/20 · 10/20 · 15/15 · 15/20 · 20/10 · 20/15 · 20/20
대체 판 지도,20,5,25,0.6013,0.0404,-0.0111,-0.0115,,,아니오,,,통과,5/15 · 5/20 · 10/20 · 15/15 · 15/20 · 20/10 · 20/15 · 20/20
대체 판 지도,20,10,30,0.636,0.0673,0.027,0.006,,,예,,5/15 · 5/20 · 10/20 · 15/15 · 15/20 · 20/10 · 20/15 · 20/20,통과,5/15 · 5/20 · 10/20 · 15/15 · 15/20 · 20/10 · 20/15 · 20/20
대체 판 지도,20,15,35,0.6537,0.0849,0.0176,0.0065,,,예,,5/15 · 5/20 · 10/20 · 15/15 · 15/20 · 20/10 · 20/15 · 20/20,통과,5/15 · 5/20 · 10/20 · 15/15 · 15/20 · 20/10 · 20/15 · 20/20
대체 판 지도,20,20,40,0.6807,0.1231,0.0405,0.0516,,,예,,5/15 · 5/20 · 10/20 · 15/15 · 15/20 · 20/10 · 20/15 · 20/20,통과,5/15 · 5/20 · 10/20 · 15/15 · 15/20 · 20/10 · 20/15 · 20/20
이어 붙인 판 지도,5,5,10,0.5874,0.0246,0.0063,-0.0002,,,아니오,,,통과,5/15 · 5/20 · 10/10 · 10/15 · 15/5 · 15/10 · 20/5
이어 붙인 판 지도,5,10,15,0.6002,0.0203,-0.0019,0.0013,,,아니오,,,통과,5/15 · 5/20 · 10/10 · 10/15 · 15/5 · 15/10 · 20/5
이어 붙인 판 지도,5,15,20,0.6127,0.0374,0.0141,0.0006,,,예,,5/15 · 5/20 · 10/10 · 10/15 · 15/5 · 15/10 · 20/5,통과,5/15 · 5/20 · 10/10 · 10/15 · 15/5 · 15/10 · 20/5
이어 붙인 판 지도,5,20,25,0.6281,0.0526,0.005,0.0153,,,예,,5/15 · 5/20 · 10/10 · 10/15 · 15/5 · 15/10 · 20/5,통과,5/15 · 5/20 · 10/10 · 10/15 · 15/5 · 15/10 · 20/5
이어 붙인 판 지도,10,5,15,0.6006,0.0207,-0.0016,0.0016,,,아니오,,,통과,5/15 · 5/20 · 10/10 · 10/15 · 15/5 · 15/10 · 20/5
이어 붙인 판 지도,10,10,20,0.6165,0.0411,0.0178,0.0044,,,예,,5/15 · 5/20 · 10/10 · 10/15 · 15/5 · 15/10 · 20/5,통과,5/15 · 5/20 · 10/10 · 10/15 · 15/5 · 15/10 · 20/5
이어 붙인 판 지도,10,15,25,0.6266,0.0511,0.0035,0.0138,,,예,,5/15 · 5/20 · 10/10 · 10/15 · 15/5 · 15/10 · 20/5,통과,5/15 · 5/20 · 10/10 · 10/15 · 15/5 · 15/10 · 20/5
이어 붙인 판 지도,10,20,30,0.6252,0.0407,-0.0029,-0.0229,,,아니오,,,통과,5/15 · 5/20 · 10/10 · 10/15 · 15/5 · 15/10 · 20/5
이어 붙인 판 지도,15,5,20,0.6157,0.0403,0.017,0.0036,,,예,,5/15 · 5/20 · 10/10 · 10/15 · 15/5 · 15/10 · 20/5,통과,5/15 · 5/20 · 10/10 · 10/15 · 15/5 · 15/10 · 20/5
이어 붙인 판 지도,15,10,25,0.6318,0.0564,0.0088,0.0191,,,예,,5/15 · 5/20 · 10/10 · 10/15 · 15/5 · 15/10 · 20/5,통과,5/15 · 5/20 · 10/10 · 10/15 · 15/5 · 15/10 · 20/5
이어 붙인 판 지도,15,15,30,0.6266,0.0421,-0.0015,-0.0215,,,아니오,,,통과,5/15 · 5/20 · 10/10 · 10/15 · 15/5 · 15/10 · 20/5
이어 붙인 판 지도,15,20,35,0.6453,0.0662,-0.0031,-0.0002,,,아니오,,,통과,5/15 · 5/20 · 10/10 · 10/15 · 15/5 · 15/10 · 20/5
이어 붙인 판 지도,20,5,25,0.6279,0.0524,0.0049,0.0152,,,예,,5/15 · 5/20 · 10/10 · 10/15 · 15/5 · 15/10 · 20/5,통과,5/15 · 5/20 · 10/10 · 10/15 · 15/5 · 15/10 · 20/5
이어 붙인 판 지도,20,10,30,0.6257,0.0412,-0.0024,-0.0224,,,아니오,,,통과,5/15 · 5/20 · 10/10 · 10/15 · 15/5 · 15/10 · 20/5
이어 붙인 판 지도,20,15,35,0.6384,0.0593,-0.01,-0.0071,,,아니오,,,통과,5/15 · 5/20 · 10/10 · 10/15 · 15/5 · 15/10 · 20/5
이어 붙인 판 지도,20,20,40,0.6574,0.0873,0.0179,0.0232,,,예,,,통과,5/15 · 5/20 · 10/10 · 10/15 · 15/5 · 15/10 · 20/5
완전 실물판 지도,5,5,10,0.6362,0.0234,0.0071,-0.0014,,,아니오,,,탈락,
완전 실물판 지도,5,10,15,0.6485,0.0314,0.0008,-0.0019,,,아니오,,,탈락,
완전 실물판 지도,5,15,20,0.6621,0.0469,0.0192,-0.0004,,,아니오,,,탈락,
완전 실물판 지도,5,20,25,0.6768,0.0565,0.0153,0.0159,,,예,,,탈락,
완전 실물판 지도,10,5,15,0.6486,0.0316,0.001,-0.0017,,,아니오,,,탈락,
완전 실물판 지도,10,10,20,0.6617,0.0465,0.0188,-0.0008,,,아니오,,,탈락,
완전 실물판 지도,10,15,25,0.6737,0.0535,0.0122,0.0129,,,예,,,탈락,
완전 실물판 지도,10,20,30,0.6693,0.0427,-0.0082,-0.0287,,,아니오,,,탈락,
완전 실물판 지도,15,5,20,0.6594,0.0442,0.0164,-0.0032,,,아니오,,,탈락,
완전 실물판 지도,15,10,25,0.6754,0.0551,0.0139,0.0145,,,예,,,탈락,
완전 실물판 지도,15,15,30,0.6704,0.0438,-0.0071,-0.0276,,,아니오,,,탈락,
완전 실물판 지도,15,20,35,0.6887,0.0692,-0.0016,-0.0024,,,아니오,,,탈락,
완전 실물판 지도,20,5,25,0.6713,0.051,0.0097,0.0104,,,예,,,탈락,
완전 실물판 지도,20,10,30,0.6665,0.04,-0.0109,-0.0314,,,아니오,,,탈락,
완전 실물판 지도,20,15,35,0.6812,0.0617,-0.0091,-0.0098,,,아니오,,,탈락,
완전 실물판 지도,20,20,40,0.6993,0.0884,-0.0041,0.0168,,,아니오,,,탈락,
판정 (이어 붙인 판 · 완전 실물판 모두),5,5,10,,,,,아니오,아니오,아니오,,,탈락,
판정 (이어 붙인 판 · 완전 실물판 모두),5,10,15,,,,,아니오,아니오,아니오,,,탈락,
판정 (이어 붙인 판 · 완전 실물판 모두),5,15,20,,,,,예,아니오,아니오,,,탈락,
판정 (이어 붙인 판 · 완전 실물판 모두),5,20,25,,,,,예,예,예,,,탈락,
판정 (이어 붙인 판 · 완전 실물판 모두),10,5,15,,,,,아니오,아니오,아니오,,,탈락,
판정 (이어 붙인 판 · 완전 실물판 모두),10,10,20,,,,,예,아니오,아니오,,,탈락,
판정 (이어 붙인 판 · 완전 실물판 모두),10,15,25,,,,,예,예,예,,,탈락,
판정 (이어 붙인 판 · 완전 실물판 모두),10,20,30,,,,,아니오,아니오,아니오,,,탈락,
판정 (이어 붙인 판 · 완전 실물판 모두),15,5,20,,,,,예,아니오,아니오,,,탈락,
판정 (이어 붙인 판 · 완전 실물판 모두),15,10,25,,,,,예,예,예,,,탈락,
판정 (이어 붙인 판 · 완전 실물판 모두),15,15,30,,,,,아니오,아니오,아니오,,,탈락,
판정 (이어 붙인 판 · 완전 실물판 모두),15,20,35,,,,,아니오,아니오,아니오,,,탈락,
판정 (이어 붙인 판 · 완전 실물판 모두),20,5,25,,,,,예,예,예,,,탈락,
판정 (이어 붙인 판 · 완전 실물판 모두),20,10,30,,,,,아니오,아니오,아니오,,,탈락,
판정 (이어 붙인 판 · 완전 실물판 모두),20,15,35,,,,,아니오,아니오,아니오,,,탈락,
판정 (이어 붙인 판 · 완전 실물판 모두),20,20,40,,,,,예,아니오,아니오,,,탈락,
